<?xml version="1.0"?>
<xmlgui><form name="giving_home_care_for_infant" type_of_page="Info Page" page_title="Point of Care" page_subtitle="CWC Counselling: Home Care for the Child&gt; Giving Home Care for Infant" color_code="Select"><field name="Giving home care for the infant " link="" type="header" group="section_header" color_code="" options=""/><field name="Counsel Mother to Exclusively Breastfeed the Young Infant " link="" type="section_items" group="section_items" color_code="" options=""/><field name="Give only breastfeeds to the baby for the first 6 months " link="" type="section_items_sub" group="section_items" color_code="" options=""/><field name="Breastfeed frequently, as often and for as long as the infant wants " link="" type="section_items_sub" group="section_items" color_code="" options=""/><field name="Advise Mother to Keep Young Infant Warm at All Times " link="" type="section_items" group="section_items" color_code="" options=""/><field name="In cool weather cover the infant&#x2019;s head and feet " link="" type="section_items_sub" group="section_items" color_code="" options=""/><field name="Dress the infant with extra clothing " link="" type="section_items_sub" group="section_items" color_code="" options=""/><field name="" color_code="Default" link="" type="button" group="actions" options=""/></form></xmlgui>
