<?xml version="1.0"?>
<xmlgui><form name="home_care_for_fever" type_of_page="Info Page" page_title="Point of Care" page_subtitle="CWC Counselling: Home Care for the Child&gt; Home Care for Fever" color_code="Select"><field name="Home Care for Fever" link="" type="header" group="section_header" color_code="" options=""/><field name="When your child is sick with fever/malaria" link="" type="section_items" group="section_items" color_code="" options=""/><field name="He/she might have malaria" link="" type="section_items_sub" group="section_items" color_code="" options=""/><field name="Malaria kills so treat it urgently!" link="" type="section_items_sub" group="section_items" color_code="" options=""/><field name="home_care_for_the_child/home care for.PNG" link="" type="image" group="section_items" color_code="" options=""/><field name="Sponge the child with water at room temperature (lukewarm), give paracetamol  if available" link="" type="section_items_sub" group="section_items" color_code="" options=""/><field name="home_care_for_the_child/home care for infant.PNG" link="" type="image" group="section_items" color_code="" options=""/><field name="See a health worker or a Community -Based  Agent immediately for treatment" link="" type="section_items_sub" group="section_items" color_code="" options=""/><field name="home_care_for_the_child/homee care.PNG" link="" type="image" group="section_items" color_code="" options=""/><field name="Give the full treatment of Artesunate Amodiaquine (AA) as instructed by the health worker or the CBA " link="" type="section_items_sub" group="section_items" color_code="" options=""/><field name="home_care_for_the_child/home_care_4.JPG" link="" type="image" group="section_items" color_code="" options=""/><field name="" color_code="Default" link="" type="button" group="actions" options=""/></form></xmlgui>
