<?xml version="1.0"?>
<xmlgui>

	<form name="home_care_for_diarrhoea" type_of_page="Info Page" page_title="Point of Care" page_subtitle="CWC Counselling: Home Care for the Child&gt; Home Care for Diarrhoea" color_code="Select">
		<field name="Home Care for Diarrhoea" link="" type="header" group="section_header" color_code="" options=""/>
		<field name="Treat diarrhoea with Oral RehydrationSalt (ORS) and Zinc" link="" type="section_items" group="section_items" color_code="" options=""/>
		<field name="Give your child as much fluid as possible; if your baby is still breastfeeding, let him/her feed more often" link="" type="section_items" group="section_items" color_code="" options=""/>
		<field name="You may give clean boiled water, rice water, porridge, mashed kenkey or coconut juice in addition to ORS" link="" type="section_items" group="section_items" color_code="" options=""/>
		<field name="" link="" type="section_items" group="section_items" color_code="" options=""/>
		<field name="Continue feeding with the child&#x2019;s favourite food." link="" type="section_items" group="section_items" color_code="" options=""/>
		<field name="Take your child quickly to the nearest clinic, if he/she refuses to drink, breastfeed, vomits everything, is very weak and/or you notice blood in the stool." link="" type="section_items" group="section_items" color_code="" options=""/>
		<field name="How much Zinc to give" link="" type="header" group="section_header" color_code="" options=""/>
		<field name="" link="" type="section_items" group="section_items" color_code="" options=""/>
		<field name="home_care_for_the_child/home_care_for_diarrhoea.JPG" link="" type="image" group="section_items" color_code="" options=""/>
		<field name="Continue Zinc treatment for 14 days even when the diarrhoea stops." link="" type="section_items" group="section_items" color_code="" options=""/>
		<field name="" link="" type="section_items" group="section_items" color_code="" options=""/>
		<field name="" link="" type="section_items" group="section_items" color_code="" options=""/>
		<field name="" color_code="Default" link="" type="button" group="actions" options=""/>
	</form>
</xmlgui>
