<?xml version="1.0"?>
<xmlgui><form name="malaria_prevention" type_of_page="Info Page" page_title="Point of Care" page_subtitle="CWC Counselling: Home Care for the Child&gt; Malaria Prevention" color_code="Select"><field name="Counsel mother on malaria prevention and seeking care when symptoms arise  " link="" type="header" group="section_header" color_code="" options=""/><field name="" link="" type="section_items" group="section_items" color_code="" options=""/><field name="home_care_for_the_child/malaria_prevention.png" link="" type="image" group="section_items" color_code="" options=""/><field name="Keep your home environment clean " link="" type="section_items" group="section_items" color_code="" options=""/><field name="Sleep under an insecticide treated net every night with her child" link="" type="section_items" group="section_items" color_code="" options=""/><field name="Seek immediate treatment when the child has a fever or any of the following signs: " link="" type="section_items" group="section_items" color_code="" options=""/><field name="Unable to drink or breastfeed" link="" type="section_items_sub" group="section_items" color_code="" options=""/><field name="Vomiting everything he/she drinks or eats" link="" type="section_items_sub" group="section_items" color_code="" options=""/><field name="Having convulsions or has history of convulsions, and/or" link="" type="section_items_sub" group="section_items" color_code="" options=""/><field name="Is lethargic  or unconscious." link="" type="section_items_sub" group="section_items" color_code="" options=""/><field name="" color_code="Default" link="" type="button" group="actions" options=""/></form></xmlgui>
