<?xml version="1.0"?>
<xmlgui>
	<form name="preventing_infections" type_of_page="Info Page" page_title="Point of Care" page_subtitle="CWC Counselling: Home Care for the Child&gt; Preventing Infections" color_code="Select">
		<field name=" Preventing Infections" link="" type="header" group="section_header" color_code="" options=""/>
		<field name="home_care_for_the_child/preventing_infection.jpg" link="" type="image" group="section_items" color_code="" options=""/>
		<field name="Start breastfeeding soon after delivery, within 30 minutes and give only breast milk for the first 6 months of life" link="" type="section_items" group="section_items" color_code="" options=""/>
		<field name="Wipe baby dry with a clean cloth, smear body with oil. (Use baby oil, shea butter, palm kernel oil etc.)" link="" type="section_items" group="section_items" color_code="" options=""/>
		<field name="Delay bathing the baby until next day (6 - 24hrs) and give the baby a bath only once a day" link="" type="section_items" group="section_items" color_code="" options=""/>
		<field name="Always keep your baby warm and dry" link="" type="section_items" group="section_items" color_code="" options=""/>
		<field name="Make sure your baby is immunized against polio and tuberculosis at birth" link="" type="section_items" group="section_items" color_code="" options=""/>
		<field name="Watch out for any problems such as difficult breathing, fever or low body temperature, yellow eyes, pus from the eye or cord, and report to the health worker" link="" type="section_items" group="section_items" color_code="" options=""/>
		<field name="Clean the cord with only methylated spirit two times a day until the wound heals. Avoid applying other substances like shea butter and dusting powder" link="" type="section_items" group="section_items" color_code="" options=""/>
		<field name="Keep a clean environment and good personal hygiene at all times." link="" type="section_items" group="section_items" color_code="" options=""/>
		
		<field name="" color_code="Default" link="" type="button" group="actions" options=""/>
	</form>
</xmlgui>
