<?xml version="1.0"?>
<xmlgui><form name="_immunization_and_vitamin_a1" type_of_page="Info Page" page_title="Point of Care" page_subtitle="CWC Counselling: Immunization And Vitamin A&gt; Immunization And Vitamin A1" color_code="Select"><field name="Immunizations and Vitamin A | Counseling" link="" type="header" group="section_header" color_code="" property="" options=""/><field name="Counsel mother/caregiver on the importance of giving routine immunisations and vitamin A for the child to stay healthy " link="" type="section_items" group="section_items" color_code="" property="Select" options=""/><field name="immunization_and_vitamin_a/69.png" link="" type="image" group="section_items" color_code="" property="" options=""/><field name="Counsel mother/caregiver on when child is due for the different vaccine and vitamin A schedule " link="" type="section_items" group="section_items" color_code="" property="Select" options=""/><field name="immunization_and_vitamin_a/2.png" link="" type="image" group="section_items" color_code="" property="" options=""/><field name="" color_code="Default" link="" type="button" group="actions" property="" options=""/></form></xmlgui>
