<?xml version="1.0"?>
<xmlgui><form name="family_planning_three" type_of_page="Info Page" page_title="Point of Care" page_subtitle="CWC Counselling: CWC Family Planning&gt;  Family Planning Three" color_code="Select"><field name="" link="" type="header" group="section_header" color_code="" property="" options=""/><field name="It is important to get advice from your health care provider about what modern family planning methods are " link="" type="section_items" group="section_items" color_code="" property="Select" options=""/><field name="Male and female condom" link="" type="section_items" group="section_items" color_code="" property="Select" options=""/><field name="cwc_family_planning/61.png" link="" type="image" group="section_items" color_code="" property="" options=""/><field name="Abstinence (avoiding intercourse)" link="" type="section_items" group="section_items" color_code="" property="Select" options=""/><field name="cwc_family_planning/62.png" link="" type="image" group="section_items" color_code="" property="" options=""/><field name="Injectables (Depo-Provera)" link="" type="section_items" group="section_items" color_code="" property="Select" options=""/><field name="cwc_family_planning/63.png" link="" type="image" group="section_items" color_code="" property="" options=""/><field name="Oral contraceptives " link="" type="section_items" group="section_items" color_code="" property="Select" options=""/><field name="cwc_family_planning/64.png" link="" type="image" group="section_items" color_code="" property="" options=""/><field name="Implant&#9;" link="" type="section_items" group="section_items" color_code="" property="Select" options=""/><field name="cwc_family_planning/65.png" link="" type="image" group="section_items" color_code="" property="" options=""/><field name="Tubal Ligation" link="" type="section_items" group="section_items" color_code="" property="Select" options=""/><field name="cwc_family_planning/66.png" link="" type="image" group="section_items" color_code="" property="" options=""/><field name="Vasectomy " link="" type="section_items" group="section_items" color_code="" property="Select" options=""/><field name="cwc_family_planning/67.png" link="" type="image" group="section_items" color_code="" property="" options=""/><field name="IUD" link="" type="section_items" group="section_items" color_code="" property="Select" options=""/><field name="cwc_family_planning/68.png" link="" type="image" group="section_items" color_code="" property="" options=""/><field name="" color_code="Default" link="" type="button" group="actions" property="" options=""/></form></xmlgui>
