<?xml version="1.0"?>
<xmlgui><form name="oral_antimalarial1" type_of_page="Question Page" page_title="Point of Care" page_subtitle="CWC References: Oral Antimalarial&gt; Oral Antimalarial1" color_code="Select"><field name="" link="" type="question" group="questions" color_code="" property="" options=""/><field name="General Considerations" link="" type="answers" group="answers" color_code="" property="" options=""/><field name="Artesunate Amodiaquine" link="artesunate_amodiaquine/artesunate_amodiaquine1" type="answers" group="answers" color_code="" property="" options=""/><field name="Artemether Lumefantrine" link="artemether_lumefantrine/artemether_lumefantrine1" type="answers" group="answers" color_code="" property="" options=""/><field name="Dihydroaretemisinin Piperaquine" link="dihydroartemisinin_piperaquine/dihydroartemisinin_piperaquine1" type="answers" group="answers" color_code="" property="" options=""/><field name="" color_code="Default" property="" link="" type="button" group="actions" options=""/></form></xmlgui>
