<?xml version="1.0"?>
<xmlgui>
	<form name="breastfeeding" type_of_page="Info Page" page_title="Point of Care" page_subtitle="CWC Counselling: Feeding&gt; Breastfeeding" color_code="Select">
		<field name="Breastfeeding" link="" type="header" group="section_header" color_code="" options=""/>
		<field name="" link="" type="section_items" group="section_items" color_code="" options=""/>
		<field name="feeding/feeding.JPG" link="" type="image" group="section_items" color_code="" options=""/>
		<field name="Start breastfeeding within 30 minutes after delivery" link="" type="section_items" group="section_items" color_code="" options=""/>
		<field name="For the first 6 months, exclusively breastfeed your baby (no other milks, foods or liquids, not even sips of water)." link="" type="section_items" group="section_items" color_code="" options=""/>
		<field name="Breast milk provides all the food and water your baby needs for the first six months of life and protects the baby against infections" link="" type="section_items" group="section_items" color_code="" options=""/>
		<field name="The first yellowish milk (colostrum) also protects the baby against infections, give it to your baby" link="" type="section_items" group="section_items" color_code="" options=""/>
		<field name="Give no water or any other liquids for the first six months of baby&#x2019;s life" link="" type="section_items" group="section_items" color_code="" options=""/>
		<field name="Breastfeed as often as the baby wants, day and night" link="" type="section_items" group="section_items" color_code="" options=""/>
		<field name="Properly position and attach the baby to the breast (see the picture above). The baby needs to take part of the breast and not just the nipple" link="" type="section_items" group="section_items" color_code="" options=""/>
		<field name="Talk to your health worker on how to feed your baby if you are HIV positive." link="" type="section_items" group="section_items" color_code="" options=""/>
		<field name="Next" color_code="Default" link="feeding/breastfeeding_two" type="button" group="actions" options=""/>
	</form></xmlgui>
