<?xml version="1.0"?>
<xmlgui><form name="breastfeeding_two" type_of_page="Info Page" page_title="Point of Care" page_subtitle="CWC Counselling: Feeding&gt; Breastfeeding Two" color_code="Select"><field name="" link="" type="header" group="section_header" color_code="" options=""/><field name="When your baby reaches 6 months, continue breastfeeding on demand both day and night." link="" type="section_items" group="section_items" color_code="" options=""/><field name="Breast milk continues to be an important part of the diet until the baby is at least 2 years." link="" type="section_items" group="section_items" color_code="" options=""/><field name="When feeding a baby between 6 and 12 months old, always give breast milk first before giving other foods." link="" type="section_items" group="section_items" color_code="" options=""/><field name="After 6 months of age, children should receive vitamin A supplements twice a year. Consult your health care provider." link="" type="section_items" group="section_items" color_code="" options=""/><field name="" color_code="Default" link="" type="button" group="actions" options=""/></form></xmlgui>
