<?xml version="1.0"?>
<xmlgui>
	<form name="feeding_a_sick_child_two" type_of_page="Info Page" page_title="Point of Care" page_subtitle="CWC Counselling: Feeding&gt; Feeding a Sick Child Two" color_code="Select">
		<field name="Preamble:" link="" type="header" group="section_header" color_code="" options=""/>
		<field name="Use Iodated salt for good health" link="" type="section_items" group="section_items" color_code="" options=""/>
		<field name="Wash hands with soap and water before preparing food or feeding your child" link="" type="section_items" group="section_items" color_code="" options=""/>
		<field name="It is always important to feed your child [6 months and older] with foods and fruits that would help him/her to grow well and stay healthy. Foods can be mashed, fruits can also be mashed, cut up or squeezed into juice." link="" type="section_items" group="section_items" color_code="" options=""/>
		<field name="feeding/feeding_recommendation.JPG" link="" type="image" group="section_items" color_code="" options=""/><field name="NB: Feeding child with variety of foods/fruits  only starts from the age of 6 months" link="" type="section_items" group="section_items" color_code="" options=""/>
		<field name="" color_code="Default" link="" type="button" group="actions" options=""/>
	</form></xmlgui>
