<?xml version="1.0"?>
<xmlgui>
	<form name="feeding_recommendation_during_sickness_&amp;_heal" type_of_page="Info Page" page_title="Point of Care" page_subtitle="CWC Counselling: Feeding&gt; Feeding Recommendation During Sickness &amp; Health" color_code="Select">
		<field name="Birth to 6 months" link="" type="header" group="section_header" color_code="" options=""/>
		<field name="Start breastfeeding within 30 minutes after birth" link="" type="section_items" group="section_items" color_code="" options=""/>
		<field name="Give only breast milk as often as the child wants, at least 10 times during the day and night" link="" type="section_items" group="section_items" color_code="" options=""/>
		<field name="Breastfeed long enough to empty one breast at each feed (about 10 minutes), before giving the other breast" link="" type="section_items" group="section_items" color_code="" options=""/>
		<field name="Do not give water, sugar water, gripe water, cod liver oil, friut juice, pito, herbal preparations, koko, milk or other liquids or foods" link="" type="section_items" group="section_items" color_code="" options=""/>
		<field name="If you think the baby is thirsty give more breastmilk." link="" type="section_items" group="section_items" color_code="" options=""/>
		<field name="6 months to 9 months" link="" type="header" group="section_header" color_code="" options=""/>
		<field name="Breastfeed as often as the child wants, at least 8 times during the day and night" link="" type="section_items" group="section_items" color_code="" options=""/>
		<field name="Give 3 times a day, an adequate serving of a variety of foods without pepper. (4 times if not breastfed)" link="" type="section_items" group="section_items" color_code="" options=""/>
		<field name="Give also one (1) snack a day between main meals" link="" type="section_items" group="section_items" color_code="" options=""/>
		<field name="Give fruit everyday. Wash the fruit in salt water, mash or squeeze into juice" link="" type="section_items" group="section_items" color_code="" options=""/>
		<field name="Feed new foods patiently" link="" type="section_items" group="section_items" color_code="" options=""/>
		<field name="" link="" type="section_items" group="section_items" color_code="" options=""/>
		<field name="" link="" type="section_items" group="section_items" color_code="" options=""/>
		<field name="" link="" type="section_items" group="section_items" color_code="" options=""/>
		<field name="9 months to 12 months" link="" type="header" group="section_header" color_code="" options=""/>
		<field name="Breastfeed as often as the child wants" link="" type="section_items" group="section_items" color_code="" options=""/><field name="Give 4 times a day, adequate serving of a variety of foods without pepper (5 times if not breastfeeding)" link="" type="section_items" group="section_items" color_code="" options=""/><field name="Give also one (1) snack a day between main meals" link="" type="section_items" group="section_items" color_code="" options=""/><field name="Give fruit everyday. Wash fruit, mash, cut up, or squeeze into juice" link="" type="section_items" group="section_items" color_code="" options=""/><field name="Do not give water just before breastfeeding or other feeds" link="" type="section_items" group="section_items" color_code="" options=""/><field name="" link="" type="section_items" group="section_items" color_code="" options=""/><field name="" link="" type="section_items" group="section_items" color_code="" options=""/><field name="12 months to 2 years" link="" type="header" group="section_header" color_code="" options=""/><field name="Breastfeed as often as the child wants" link="" type="section_items" group="section_items" color_code="" options=""/><field name="Feed 3 times per day, a variety of family foods with little or no pepper (4 times if not breastfeeding)" link="" type="section_items" group="section_items" color_code="" options=""/><field name="Give also, two (2) snacks in between main meals" link="" type="section_items" group="section_items" color_code="" options=""/><field name="Give fruit everyday. Wash before eating" link="" type="section_items" group="section_items" color_code="" options=""/><field name="Do not give water just before breastfeeding or other feeds" link="" type="section_items" group="section_items" color_code="" options=""/><field name="" link="" type="section_items" group="section_items" color_code="" options=""/><field name="" link="" type="section_items" group="section_items" color_code="" options=""/><field name="2 years and older" link="" type="header" group="section_header" color_code="" options=""/><field name="Feed 3 times per day a variety of family foods" link="" type="section_items" group="section_items" color_code="" options=""/><field name="Give also two (2) snacks daily in between main meals" link="" type="section_items" group="section_items" color_code="" options=""/><field name="Give fruits every day. Wash the fruits before eating" link="" type="section_items" group="section_items" color_code="" options=""/><field name="Serve child in a separate bowl and supervise the chlid to eat" link="" type="section_items" group="section_items" color_code="" options=""/><field name="Wash yours and the child&#x2019;s hands with soap and water before eating." link="" type="section_items" group="section_items" color_code="" options=""/><field name="" color_code="Default" link="" type="button" group="actions" options=""/></form></xmlgui>
