<?xml version="1.0"?>
<xmlgui><form name="feeding_recommendation_for_child_classified_a" type_of_page="Info Page" page_title="Point of Care" page_subtitle="CWC Counselling: Feeding&gt; Feeding Recommendation For Child Classified as HIV Exposed" color_code="Select"><field name="Up to 6 months of Age" link="" type="header" group="section_header" color_code="" options=""/><field name="Breastfeed exclusively as often as the child wants, day and night. " link="" type="section_items" group="section_items" color_code="" options=""/><field name="Feed at least 8 times in 24 hours. " link="" type="section_items" group="section_items" color_code="" options=""/><field name="Do not give other foods or fluids (mixed feeding increases the risk of HIV transmission from mother to child when compared with exclusive breastfeeding). " link="" type="section_items" group="section_items" color_code="" options=""/><field name="Stop breastfeeding as soon as this is AFASS " link="feeding/afass" type="section_items" group="section_items" color_code="" options=""/><field name="OR (if feasible and safe) " link="" type="header" group="section_header" color_code="" options=""/><field name="Formula feed exclusively (no breast milk at all) " link="" type="section_items" group="section_items" color_code="" options=""/><field name="Give formula. Other foods or fluids are not necessary" link="" type="section_items" group="section_items" color_code="" options=""/><field name="Prepare correct strength and amount just before use. Use milk within two hours and discard any leftover (a fridge can store formula for 24 hours)" link="" type="section_items" group="section_items" color_code="" options=""/><field name="Cup feeding is safer than bottle feeding " link="" type="section_items" group="section_items" color_code="" options=""/><field name="" link="" type="section_items" group="section_items" color_code="" options=""/><field name="" link="" type="section_items" group="section_items" color_code="" options=""/><field name="" link="" type="section_items" group="section_items" color_code="" options=""/><field name="" color_code="Default" link="" type="button" group="actions" options=""/></form></xmlgui>
