<?xml version="1.0"?>
<xmlgui><form name="feeding_a_sick_child" type_of_page="Info Page" page_title="Point of Care" page_subtitle="CWC Counselling: Feeding&gt; Feeding a Sick Child" color_code="Select"><field name="NB: This additional feeding plan should be used DURING AND AFTER ILLNESS" link="" type="header" group="section_header" color_code="" options=""/><field name="" link="" type="section_items" group="section_items" color_code="" options=""/><field name="Birth &#x2013; 5 years" link="" type="header" group="section_header" color_code="" options=""/><field name="Increase the frequency of breast feeding/feeding so that he/she can quickly recover weight and strength lost" link="" type="section_items" group="section_items" color_code="" options=""/><field name="" link="" type="section_items" group="section_items" color_code="" options=""/><field name="" link="" type="section_items" group="section_items" color_code="" options=""/><field name="Next" color_code="Default" link="feeding/feeding_a_sick_child_two" type="button" group="actions" options=""/></form></xmlgui>
