<?xml version="1.0"?>
<xmlgui><form name="danger_signs_when_child_is_sick_1" type_of_page="Info Page" page_title="Point of Care" page_subtitle="CWC Counselling: Danger Signs When the Child is Sick&gt;  Danger Signs When Child is Sick 1" color_code="Select"><field name="Take the child to the health facility immediately you see these signs:" link="" type="header" group="section_header" color_code="" options=""/><field name="Has diarrhoea and blood in stool" link="" type="section_items" group="section_items" color_code="" options=""/><field name="Has difficult or fast breathing" link="" type="section_items" group="section_items" color_code="" options=""/><field name="Is lethargic or unconscious (very sleepy, difficult to awaken)" link="" type="section_items" group="section_items" color_code="" options=""/><field name="Is convulsing" link="" type="section_items" group="section_items" color_code="" options=""/><field name="Is vomiting everything" link="" type="section_items" group="section_items" color_code="" options=""/><field name="Has Fever" link="" type="section_items" group="section_items" color_code="" options=""/><field name="Is not able to drink or breastfeed" link="" type="section_items" group="section_items" color_code="" options=""/><field name="Looks sicker (worse)." link="" type="section_items" group="section_items" color_code="" options=""/><field name="Next" color_code="Default" link="danger_signs_when_the_child_is_sick/danger_signs_when_the_child_is_sick_two" type="button" group="actions" options=""/></form></xmlgui>
