<?xml version="1.0"?>
<xmlgui>
	<form name="danger_signs_when_the_child_is_sick_two" type_of_page="Info Page" page_title="Point of Care" page_subtitle="CWC Counselling: Danger Signs When the Child is Sick&gt; Danger Signs when the child is Sick Two" color_code="Select">
		<field name="Danger Signs" link="" type="header" group="section_header" color_code="" options=""/>
		<field name="Blood in stool" link="" type="section_items" group="section_items" color_code="" options=""/>
		<field name="danger_signs_when_the_child_is_sick/blood_in_stool.jpg" link="" type="image" group="section_items" color_code="" options=""/>
		<field name="Difficult or fast breathing" link="child_assessment_cough_difficult_breathing/assessement_of_child1" type="section_items" group="section_items" color_code="" options=""/>
		<field name="danger_signs_when_the_child_is_sick/difficult_fast_breathing.jpg" link="" type="image" group="section_items" color_code="" options=""/>
		<field name="Unable to drink or breastfeed" link="child_emergencies/not_able_to_drink" type="section_items" group="section_items" color_code="" options=""/>
		<field name="danger_signs_when_the_child_is_sick/unable_to_drink.jpg" link="" type="image" group="section_items" color_code="" options=""/>
		<field name="Lethargic / unconscious" link="child_emergencies/unconsciousness_lethargic" type="section_items" group="section_items" color_code="" options=""/>
		<field name="danger_signs_when_the_child_is_sick/lethargic_unconscious.jpg" link="" type="image" group="section_items" color_code="" options=""/>
		<field name="Vomiting everything" link="child_emergencies/vomits_everything" type="section_items" group="section_items" color_code="" options=""/>
		<field name="danger_signs_when_the_child_is_sick/vomiting_everything.jpg" link="" type="image" group="section_items" color_code="" options=""/>
		<field name="Fever" link="child_assessment_diarrhoea_fever/fever1" type="section_items" group="section_items" color_code="" options=""/>
		<field name="danger_signs_when_the_child_is_sick/fever.jpg" link="" type="image" group="section_items" color_code="" options=""/>
		<field name="Convulsing" link="child_emergencies/convulsing_now" type="section_items" group="section_items" color_code="" options=""/>
		<field name="danger_signs_when_the_child_is_sick/convulsing.jpg" link="" type="image" group="section_items" color_code="" options=""/>
		<field name="" color_code="Default" link="" type="button" group="actions" options=""/>
	</form>
</xmlgui>
