<?xml version="1.0"?>
<xmlgui><form name="nutrition_requirements_for_the_mother_three" type_of_page="Info Page" page_title="Point of Care" page_subtitle="PNC Counselling: Nutrition Requirements for the Mother &gt; Nutrition Requirements for the Mother THREE" color_code="Select"><field name="Counsel client to eat foods rich in calcium, iron, folate and vitamin C:" link="" type="header" group="section_header" color_code="" property="" options=""/><field name="Meat (especially liver, kidney, and other organ meats)" link="" type="section_items" group="section_items" color_code="" property="Select" options=""/><field name="nutrition_requirements_for_the_mother/74.png" link="" type="image" group="section_items" color_code="" property="" options=""/><field name="Beans, peas, lentils" link="" type="section_items" group="section_items" color_code="" property="Select" options=""/><field name="&#9;Dark green leafy vegetables" link="" type="section_items" group="section_items" color_code="" property="Select" options=""/><field name="&#9;Eggs" link="" type="section_items" group="section_items" color_code="" property="Select" options=""/><field name="&#9;Fish" link="" type="section_items" group="section_items" color_code="" property="Select" options=""/><field name="Fruits like oranges, pineapples, mangoes, or bananas" link="" type="section_items" group="section_items" color_code="" property="Select" options=""/><field name="&#xF0A7;&#9;Milk" link="" type="section_items" group="section_items" color_code="" property="Select" options=""/><field name="NEXT" color_code="Default" link="nutrition_requirements_for_the_mother/nutrition_requirements_for_the_mother_four" type="button" group="actions" property="" options=""/></form></xmlgui>
