<?xml version="1.0"?>
<xmlgui><form name="hiv_exposed_6_to_less_than_12_months_of_age1" type_of_page="Info Page" page_title="Point of Care" page_subtitle="CWC Counselling: HIV Exposed 6 &#x2013; &lt; 12 MONTHS OF AGE &gt; HIV Exposed 6 &#x2013; &lt; 12 MONTHS OF AGE1" color_code="Select"><field name="Feeding an HIV Exposed Child 6 &#x2013; &lt; 12 months of Age | Counseling " link="" type="header" group="section_header" color_code="" property="" options=""/><field name="" link="" type="section_items" group="section_items" color_code="" property="Select" options=""/><field name="hiv_exposed_6_to_less than_12_months_of_age/33.png" link="" type="image" group="section_items" color_code="" property="" options=""/><field name="Give 3 adequate servings of nutritious complementary foods plus one snack per day to include protein, mashed fruit and vegetables  " link="" type="section_items" group="section_items" color_code="" property="Select" options=""/><field name="Each meal should be &#xBE; cup (1 cup = 250 mL). If possible, give an additional animal-source food, such as liver or meat " link="" type="section_items" group="section_items" color_code="" property="Select" options=""/><field name="If infant is not breastfeeding, give about 1 &#x2013; 2 cups (500 mL) of full cream milk or infant formula per day " link="" type="section_items" group="section_items" color_code="" property="Select" options=""/><field name="Give milk with a cup, not a bottle  " link="" type="section_items" group="section_items" color_code="" property="Select" options=""/><field name="If no milk is available give 4 &#x2013; 5 feeds per day " link="" type="section_items" group="section_items" color_code="" property="Select" options=""/><field name="" color_code="Default" link="" type="button" group="actions" property="" options=""/></form></xmlgui>
