<?xml version="1.0"?>
<xmlgui><form name="chps_or_health_center_clients_not_able_to_stay_for_4_hours_at_facility" type_of_page="Info Page" page_title="Point of Care" page_subtitle="CWC Diagnostic: CWC Diarrhoea&gt; CHPS or Health Center + clients NOT able to stay for 4 hours at facility " color_code="Amber"><field name="Home Care for Diarrhoea with Some Dehydration | Take Action: First 4-Hour Period " link="" type="header" group="section_header" color_code="" property="" options=""/><field name="" link="" type="section_items" group="section_items" color_code="" property="Select" options=""/><field name="If the mother/caregiver must leave before completing treatment: " link="" type="header" group="section_header" color_code="" property="" options=""/><field name="Determine amount of ORS to give during the first 4 hour" link="calculators/ors_calculator" type="section_items" group="section_items" color_code="" property="Select" options=""/><field name="Show her how to prepare ORS at home " link="" type="section_items" group="section_items" color_code="" property="Select" options=""/><field name="Show her how to give ORS in the first 4 hours: " link="" type="section_items" group="section_items" color_code="" property="Select" options=""/><field name="Give frequent small sips from a clean cup" link="" type="section_items_sub" group="section_items" color_code="" property="Select" options=""/><field name="If the child vomits, wait 10 minutes.  Then continue, but more slowly" link="" type="section_items_sub" group="section_items" color_code="" property="Select" options=""/><field name="If the child wants more ORS than recommended, give more " link="" type="section_items_sub" group="section_items" color_code="" property="Select" options=""/><field name="Next" color_code="Default" link="cwc_diarrhoea/chps_or_health_center__clients_not_able_to_stay_for_4_hours_at_facility_two" type="button" group="actions" property="" options=""/></form></xmlgui>
