<?xml version="1.0"?>
<xmlgui><form name="chps__mother_child_is_able_to_stay_for_4_hours_at_facility_two" type_of_page="Info Page" page_title="Point of Care" page_subtitle="CWC Diagnostic: CWC Diarrhoea&gt; CHPS + mother &amp; child is able to stay for &gt; 4 hours at facility Two" color_code="Amber"><field name="In Facility Care for Diarrhoea with Some Dehydration | Take Action: After the First 4-hour Period" link="" type="header" group="section_header" color_code="" property="" options=""/><field name="Reassess the child and classify for dehydration " link="cwc_diarrhoea/diarrhoea_1" type="section_items" group="section_items" color_code="" property="Select" options=""/><field name="If the child has signs of severe disease or dehydration refer mother/caregiver and child to a health center or hospital immediately  " link="" type="section_items" group="section_items" color_code="" property="Select" options=""/><field name="If the child shows sign of improvement, advise mother to breastfeed if child still breastfeeds at home frequently " link="cwc_diarrhoea/diarrhoea_with_no_dehydration" type="section_items" group="section_items" color_code="" property="Select" options=""/><field name="Counsel mother/caregiver on feeding a sick child " link="feeding_a_healthy_child/feeding_a_healthy_child1" type="section_items" group="section_items" color_code="" property="Select" options=""/><field name="Advise mother/caregiver when to return for care immediately " link="when_to_seek_care_immediately/_when_to_seek_care_immediately1" type="section_items" group="section_items" color_code="" property="Select" options=""/><field name="Advise mother/caregiver to return after 5 days if condition does not improve" link="" type="section_items" group="section_items" color_code="" property="Select" options=""/><field name="Record clinical care in Child Health Record &#x201C;green&#x201D; book" link="" type="section_items" group="section_items" color_code="" property="Select" options=""/><field name="" color_code="Default" link="" type="button" group="actions" property="" options=""/></form></xmlgui>
