<?xml version="1.0"?>
<xmlgui><form name="diarrhea_with_some_dehydration_signs_of_other_severe_disease" type_of_page="Take Action Page" page_title="Point of Care" page_subtitle="CWC Diagnostic: CWC Diarrhoea&gt; Diarrhea with Some Dehydration + Signs of Other Severe Disease" color_code="Red"><field name="" link="" type="definition" group="definition" color_code="" property="" options=""/><field name="Take Action: Diarrhea with Some Dehydration + Signs of Other Severe Disease" link="" type="first_section_head" group="first_actions" color_code="" property="" options=""/><field name="Refer mother and child to a health center or hospital IMMEDIATELY" link="" type="first_actions" group="first_actions" color_code="" property="Select" options=""/><field name="Call provider and arrange transport " link="" type="first_actions" group="first_actions" color_code="" property="Select" options=""/><field name="Prepare ORS" link="calculators/ors_calculator" type="first_actions" group="first_actions" color_code="" property="Select" options=""/><field name="While waiting for transport: " link="" type="transport_section_head" group="transport_actions" color_code="" property="" options=""/><field name="Advise mother/caregiver to give frequent sips of ORS to the child on the way to the health facility, if child can take sips " link="" type="transport_actions" group="transport_actions" color_code="" property="Select" options=""/><field name="Advise mother to continue breastfeeding, if child still breastfeeds. Observe mother breastfeeding and provide counseling on breast attachment and positioning, if necessary" link="feeding_a_healthy_child/breastfeeding_attachment_and_position" type="transport_actions" group="transport_actions" color_code="" property="Select" options=""/><field name="Counsel mother/caregiver on feeding a sick child " link="feeding_a_healthy_child/feeding_a_healthy_child1" type="transport_actions" group="transport_actions" color_code="" property="Select" options=""/><field name="Teach mother/caregiver how to keep child warm on the way to the health facility" link="keeping_child_warm_on_the_way_to_the_hospital/keeping_child_warm_on_the_way_to_the_hospital1" type="transport_actions" group="transport_actions" color_code="" property="Select" options=""/><field name="Advise mother/caregiver not to carry the child on her back " link="" type="transport_actions" group="transport_actions" color_code="" property="Select" options=""/><field name="Record clinical care in Child Health Record &#x201C;green&#x201D; book. Fill out referral form " link="" type="second_actions" group="second_actions" color_code="" property="Select" options=""/><field name="Accompany mother/caregiver and child to the health facility" link="" type="second_actions" group="second_actions" color_code="" property="Select" options=""/><field name="Follow up with client after discharge from health center or hospital" link="" type="second_actions" group="second_actions" color_code="" property="Select" options=""/><field name="" color_code="Default" property="" link="" type="button" group="actions" options=""/></form></xmlgui>
