<?xml version="1.0"?>
<xmlgui><form name="diarrhoea_with_no_dehydration_two" type_of_page="Info Page" page_title="Point of Care" page_subtitle="CWC Diagnostic: CWC Diarrhoea&gt; Diarrhoea with no dehydration Two" color_code="Green"><field name="" link="" type="header" group="section_header" color_code="" property="" options=""/><field name="Give Extra Fluids (as much as the child will take) " link="" type="section_items" group="section_items" color_code="" property="Select" options=""/><field name="Tell mother/caregiver: " link="" type="section_items" group="section_items" color_code="" property="Select" options=""/><field name="f child is still breastfeeding, breastfeed frequently and for longer at each feed " link="" type="section_items_sub" group="section_items" color_code="" property="Select" options=""/><field name="If child is exclusively breastfed, give ORS or clean water in addition to breast milk " link="" type="section_items_sub" group="section_items" color_code="" property="Select" options=""/><field name="If child is NOT exclusively breastfed, give one or more of the following: " link="" type="section_items_sub" group="section_items" color_code="" property="Select" options=""/><field name="ORS " link="" type="section_items_sub_sub" group="section_items" color_code="" property="Select" options=""/><field name="Safe food-based fluids: such as light soup without pepper, strained rice water, mashed kenkey with clean water, coconut water, koko (porridge)  " link="" type="section_items_sub_sub" group="section_items" color_code="" property="Select" options=""/><field name="Clean water " link="" type="section_items_sub_sub" group="section_items" color_code="" property="Select" options=""/><field name="It is especially important to give ORS at home when:" link="" type="section_items" group="section_items" color_code="" property="Select" options=""/><field name="The child has been treated with some or severe dehydration during this visit" link="" type="section_items_sub" group="section_items" color_code="" property="Select" options=""/><field name="The child cannot return to a health facility if the diarrhoea gets worse " link="" type="section_items_sub" group="section_items" color_code="" property="Select" options=""/><field name="Next" color_code="Default" link="cwc_diarrhoea/diarrhoea_with_no_dehydration_three" type="button" group="actions" property="" options=""/></form></xmlgui>
