<?xml version="1.0"?>
<xmlgui><form name="diarrhoea_with_no_dehydration_four" type_of_page="Info Page" page_title="Point of Care" page_subtitle="CWC Diagnostic: CWC Diarrhoea&gt; Diarrhoea with no dehydration Four" color_code="Green"><field name="" link="" type="header" group="section_header" color_code="" property="" options=""/><field name="Continue Feeding " link="" type="section_items" group="section_items" color_code="" property="Select" options=""/><field name="Give zinc supplements (only for children aged 2 months &#x2013; 5 years)" link="" type="section_items" group="section_items" color_code="" property="Select" options=""/><field name="cwc_diarrhoea/3.jpeg" link="" type="image" group="section_items" color_code="" property="" options=""/><field name="When to return to the health facility " link="when_to_return_for_follow-up_visits/when_to_return_for_followup_visits1" type="section_items" group="section_items" color_code="" property="Select" options=""/><field name="If child still breastfeeds, observe mother breastfeeding and provide counseling on breast attachment and positioning, if necessary " link="feeding_a_healthy_child/breastfeeding_attachment_and_position" type="section_items" group="section_items" color_code="" property="Select" options=""/><field name="Counsel mother/caregiver on feeding a sick child " link="feeding_a_healthy_child/feeding_a_healthy_child1" type="section_items" group="section_items" color_code="" property="Select" options=""/><field name="Advise mother/caregiver to return after 5 days if condition does not improve" link="" type="section_items" group="section_items" color_code="" property="Select" options=""/><field name="Record clinical care in Child Health Record &#x201C;green&#x201D; book" link="" type="section_items" group="section_items" color_code="" property="Select" options=""/><field name="" color_code="Default" link="" type="button" group="actions" property="" options=""/></form></xmlgui>
