<?xml version="1.0"?>
<xmlgui><form name="diarrhoea_with_no_dehydration" type_of_page="Info Page" page_title="Point of Care" page_subtitle="CWC Diagnostic: CWC Diarrhoea&gt; Diarrhoea with no dehydration " color_code="Green"><field name="Treating Diarrhoea at Home | Take Action " link="" type="header" group="section_header" color_code="" property="" options=""/><field name="Counsel the mother/caregiver on 4 Rules of Home Treatment:" link="" type="section_items" group="section_items" color_code="" property="Select" options=""/><field name="Give extra fluid: breast milk, ORS or clean water " link="" type="section_items_sub" group="section_items" color_code="" property="Select" options=""/><field name="Continue feeding " link="" type="section_items_sub" group="section_items" color_code="" property="Select" options=""/><field name="Give zinc supplements (only for children aged 2 months &#x2013; 5 years) " link="" type="section_items_sub" group="section_items" color_code="" property="Select" options=""/><field name="When to return to the health facility" link="when_to_return_for_follow-up_visits/when_to_return_for_followup_visits1" type="section_items_sub" group="section_items" color_code="" property="Select" options=""/><field name="Next" color_code="Default" link="cwc_diarrhoea/diarrhoea_with_no_dehydration_two" type="button" group="actions" property="" options=""/></form></xmlgui>
