<?xml version="1.0"?>
<xmlgui><form name="has_diarrheoa" type_of_page="Info Page" page_title="Point of Care" page_subtitle="CWC Diagnostic: CWC Diarrhoea&gt; Has Diarrheoa" color_code="Red"><field name="ASK" link="" type="header" group="section_header" color_code="" property="" options=""/><field name="" link="" type="section_items" group="section_items" color_code="" property="Select" options=""/><field name="cwc_diarrhoea/7.png" link="" type="image" group="section_items" color_code="" property="" options=""/><field name="How many days has the child had diarrhoea? " link="" type="section_items" group="section_items" color_code="" property="Select" options=""/><field name="Is there blood in the stool?" link="" type="section_items" group="section_items" color_code="" property="Select" options=""/><field name="LOOK AND FEEL" link="" type="header" group="section_header" color_code="" property="" options=""/><field name="Look at the child&#x2019;s general condition. Is the child:" link="" type="section_items" group="section_items" color_code="" property="Select" options=""/><field name="Lethargic or unconscious? " link="" type="section_items_sub" group="section_items" color_code="" property="Select" options=""/><field name="Restless and irritable? " link="" type="section_items_sub" group="section_items" color_code="" property="Select" options=""/><field name="Look for sunken eyes" link="" type="section_items" group="section_items" color_code="" property="Select" options=""/><field name="Offer the child fluid. Is the child:" link="" type="section_items" group="section_items" color_code="" property="Select" options=""/><field name="Not able to drink or drinking poorly?" link="" type="section_items_sub" group="section_items" color_code="" property="Select" options=""/><field name="Drinking eagerly, thirsty?" link="" type="section_items_sub" group="section_items" color_code="" property="Select" options=""/><field name="Pinch the skin of the abdomen. Does it go back:" link="" type="section_items" group="section_items" color_code="" property="Select" options=""/><field name="Very slowly: longer than 2 seconds?" link="" type="section_items_sub" group="section_items" color_code="" property="Select" options=""/><field name="Slowly?" link="" type="section_items_sub" group="section_items" color_code="" property="Select" options=""/><field name="Next" color_code="Default" link="cwc_diarrhoea/has_diarrheoa_two" type="button" group="actions" property="" options=""/></form></xmlgui>
