<?xml version="1.0"?>
<xmlgui><form name="has_diarrheoa_two" type_of_page="Take Action Classification Page" page_title="Point of Care" page_subtitle="CWC Diagnostic: CWC Diarrhoea&gt; Has Diarrheoa Two" color_code="Select"><field name="Does the child have any of the following signs? " link="" type="question" group="questions" color_code="" property="" options=""/><field name="Diarrhoea with severe dehydration" link="cwc_diarrhoea/diarrheoa_with_severe_dehydration" type="answers" group="answers" color_code="" property="" options="Lethargic or Unconscious |&#9;Sunken eyes |Not able to drink or drinking poorly | Skin pinch goes back very slowly | Click here to take action"/><field name="Diarrhea with some dehydration " link="cwc_diarrhoea/diarrheoa_with_some_dehydration" type="answers" group="answers" color_code="" property="" options="Restless, irritable |&#9;Sunken eyes |&#9;Drinks eagerly, thirsty | Skin pinch goes back slowly|Click here to take action"/><field name="Diarrhoea with no dehydration " link="cwc_diarrhoea/diarrhoea_with_no_dehydration" type="answers" group="answers" color_code="" property="" options="Not enough signs to classify as some or severe dehydration |Click here to take action"/><field name="Severe persistent diarrhoea plus severe or some dehydration " link="cwc_diarrhoea/severe_persistent_diarrhoea_plus_severe_or_some_dehydration" type="answers" group="answers" color_code="" property="" options="Restless or irritable |&#9;Sunken eyes |&#9;Drinks eagerly, thirsty |Skin pinch goes back very slowly|Click here to take action"/><field name="Persistent diarrhoea with no dehydration " link="cwc_diarrhoea/persistent_diarrhoea_with_no_dehydration" type="answers" group="answers" color_code="" property="" options="If diarrhoea persisted &#x2265; 14 days|Click here to take action"/><field name="Blood in stool " link="cwc_diarrhoea/blood_in_stool" type="answers" group="answers" color_code="" property="" options="Click here to take action"/><field name="" color_code="Default" property="" link="" type="button" group="actions" options=""/></form></xmlgui>
