<?xml version="1.0"?>
<xmlgui><form name="club_foot" type_of_page="Info Page" page_title="Point of Care" page_subtitle="PNC Diagnostic Newborn: Other Serious Conditions, Birth Injury &amp; Abnormalities&gt; Club Foot " color_code="Amber"><field name="Club Foot | Take Action " link="" type="header" group="section_header" color_code="" property="" options=""/><field name="Refer mother and baby to a health center or hospital for special treatment " link="" type="section_items" group="section_items" color_code="" property="Select" options=""/><field name="Call provider and arrange transport " link="" type="section_items" group="section_items" color_code="" property="Select" options=""/><field name="Advise mother to have another family member accompany her and the baby to the health facility" link="" type="section_items" group="section_items" color_code="" property="Select" options=""/><field name="Record baby&#x2019;s clinical information in client&#x2019;s maternal health or &#x201C;Red&#x201D; book. If possible, also fill out referral form " link="" type="section_items" group="section_items" color_code="" property="Select" options=""/><field name="Follow up with client after discharge from health center or hospital  " link="" type="section_items" group="section_items" color_code="" property="Select" options=""/><field name="" color_code="Default" link="" type="button" group="actions" property="" options=""/></form></xmlgui>
