<?xml version="1.0"?>
<xmlgui><form name="other_serious_conditions_birth_injury__abnormalities_four" type_of_page="Take Action Classification Page" page_title="Point of Care" page_subtitle="PNC Diagnostic Newborn: Other Serious Conditions, Birth Injury &amp; Abnormalities&gt; Other Serious Conditions, Birth Injury &amp; Abnormalities Four" color_code="Select"><field name="Does the baby have any birth abnormalities?  " link="" type="question" group="questions" color_code="" property="" options=""/><field name="Club Foot " link="other_serious_conditions_birth_injury__abnormalities/club_foot" type="answers" group="answers" color_code="" property="" options="Click here to take action"/><field name="Cleft palate " link="other_serious_conditions_birth_injury__abnormalities/cleft_palate" type="answers" group="answers" color_code="" property="" options="Click here to take action"/><field name="Unusual Appearance, other abnormalities  " link="other_serious_conditions_birth_injury__abnormalities/unusual_appearance_other_abnormalities" type="answers" group="answers" color_code="" property="" options="Click here to take action"/><field name="No Injuries " link="other_serious_conditions_birth_injury__abnormalities/no_serious_conditions_birth_injuries_abnormalities" type="answers" group="answers" color_code="" property="" options="Click here to take action"/><field name="" color_code="Default" property="" link="" type="button" group="actions" options=""/></form></xmlgui>
