<?xml version="1.0"?>
<xmlgui><form name="other_serious_conditions_birth_injury__abnormalities_1" type_of_page="Info Page" page_title="Point of Care" page_subtitle="PNC Diagnostic Newborn: Other Serious Conditions, Birth Injury &amp; Abnormalities&gt;  Other Serious Conditions, Birth Injury &amp; Abnormalities 1" color_code="Select"><field name="ASK" link="" type="header" group="section_header" color_code="" property="" options=""/><field name="Has the baby passed urine and meconium? " link="" type="section_items" group="section_items" color_code="" property="Select" options=""/><field name="Is there blood in the stool?" link="" type="section_items" group="section_items" color_code="" property="Select" options=""/><field name="Is the baby vomiting every feed? What is the colour? " link="" type="section_items" group="section_items" color_code="" property="Select" options=""/><field name="LOOK, LISTEN, FEEL" link="" type="header" group="section_header" color_code="" property="" options=""/><field name="For newborns, look at the presenting part of the body: is there swelling and bruises? " link="" type="section_items" group="section_items" color_code="" property="Select" options=""/><field name="Feel for soft swelling covering the whole scalp " link="" type="section_items" group="section_items" color_code="" property="Select" options=""/><field name="Look for bleeding from cord stump or anywhere else on the body" link="" type="section_items" group="section_items" color_code="" property="Select" options=""/><field name="Look for birth abnormalities " link="" type="section_items" group="section_items" color_code="" property="Select" options=""/><field name="Next" color_code="Default" link="other_serious_conditions_birth_injury__abnormalities/other_serious_conditions_birth_injury__abnormalities_two" type="button" group="actions" property="" options=""/></form></xmlgui>
