<?xml version="1.0"?>
<xmlgui><form name="other_serious_conditions_birth_injury__abnormalities_two" type_of_page="Take Action Classification Page" page_title="Point of Care" page_subtitle="PNC Diagnostic Newborn: Other Serious Conditions, Birth Injury &amp; Abnormalities&gt; Other Serious Conditions, Birth Injury &amp; Abnormalities TWO" color_code="Select"><field name="Does the baby have any of the following serious conditions? " link="" type="question" group="questions" color_code="" property="" options=""/><field name="Bleeding from Umbilical Cord or Elsewhere from the Body" link="other_serious_conditions_birth_injury__abnormalities/bleeding_from_cord_or_elsewhere_from_the_body" type="answers" group="answers" color_code="" property="" options="Click here to take action"/><field name="Soft swelling Covering Whole Scalp" link="other_serious_conditions_birth_injury__abnormalities/soft_swelling_covering_whole_scalp" type="answers" group="answers" color_code="" property="" options="Click here to take action"/><field name="Open tissue on head, abdomen or back" link="other_serious_conditions_birth_injury__abnormalities/open_tissue" type="answers" group="answers" color_code="" property="" options="Click here to take action"/><field name="No urine or Meconium, Vomiting, or Blood in Stool" link="other_serious_conditions_birth_injury__abnormalities/no_urine_or_meconium_vomiting_or_blood_in_stool" type="answers" group="answers" color_code="" property="" options="Click here to take action"/><field name="No serious conditions" color_code="Green" property="" link="other_serious_conditions_birth_injury__abnormalities/other_serious_conditions_birth_injury_abnormalities_three" type="button" group="actions" options=""/></form></xmlgui>
