<?xml version="1.0"?>
<xmlgui><form name="cotrimoxazole_for_hiv1" type_of_page="Reference Page" page_title="Point of Care" page_subtitle="CWC References: Cotrimoxazole (For HIV)&gt; Cotrimoxazole (For HIV)1" color_code="Select"><field name="Cotrimoxazole (for HIV) | Dosage and Timing" link="" type="header" group="section_header" color_code="" property="" options=""/><field name="Administer cotrimoxazole for children with the following conditions:" link="" type="section_items" group="section_items" color_code="" property="Select" options=""/><field name="Confirmed HIV infection " link="" type="section_items_sub" group="section_items" color_code="" property="Select" options=""/><field name="HIV exposed " link="" type="section_items_sub" group="section_items" color_code="" property="Select" options=""/><field name="Suspected symptomatic HIV infection   " link="" type="section_items_sub" group="section_items" color_code="" property="Select" options=""/><field name="Administer cotrimoxazole to children starting at 4 - 6 weeks of age to: " link="" type="section_items" group="section_items" color_code="" property="Select" options=""/><field name="All children born of mothers with confirmed HIV infection, unless child had a negative HIV test result at 6 weeks of age by DNA PCR or at 12 weeks of age by antibody test, and no longer breastfeeding OR" link="" type="section_items_sub" group="section_items" color_code="" property="Select" options=""/><field name="All children with confirmed HIV infection  " link="" type="section_items_sub" group="section_items" color_code="" property="Select" options=""/><field name="cotrimoxazole_for_hiv/11.png" link="" type="image" group="section_items" color_code="" property="" options=""/><field name="" color_code="Default" link="" type="button" group="actions" property="" options=""/></form></xmlgui>
