<?xml version="1.0"?>
<xmlgui>
	<form name="keeping_infant_warm_1" type_of_page="Info Page" page_title="Point of Care" page_subtitle="CWC Counselling: Keeping infant Warm &amp; Breastfeeding on the Way to the Hospital&gt; Keeping Infant Warm 1" color_code="Select">
		<field name="" link="" type="header" group="section_header" color_code="" options=""/>
		<field name="Call for help for transportation, care, money" link="" type="section_items" group="section_items" color_code="" options=""/>
		<field name="keeping_infant_warm_&amp;_breastfeeding_on_the_way_to_the_hospital/counselling1.JPG" link="" type="image" group="section_items" color_code="" options=""/>
		<field name="Keep the child warm by holding him/her close to your body and covering the child with cloth." link="" type="section_items" group="section_items" color_code="" options=""/>
		<field name="keeping_infant_warm_&amp;_breastfeeding_on_the_way_to_the_hospital/counselling2.JPG" link="" type="image" group="section_items" color_code="" options=""/>
		<field name="Breastfeed your child every 2 hours while waiting and no the way to the clinic. Or express breast milk and feed your child with a clean cup" link="" type="section_items" group="section_items" color_code="" options=""/>
		<field name="keeping_infant_warm_&amp;_breastfeeding_on_the_way_to_the_hospital/Counselling3.JPG" link="" type="image" group="section_items" color_code="" options=""/>
		<field name="" color_code="Default" link="" type="button" group="actions" options=""/>
	</form></xmlgui>
