<?xml version="1.0"?>
<xmlgui><form name="postpartum_exercises_two" type_of_page="Info Page" page_title="Point of Care" page_subtitle="PNC Counselling: Postpartum Exercises&gt; Postpartum Exercises TWO" color_code="Select"><field name="Head and Shoulder Lift: strengthens muscles in the abdomen " link="" type="header" group="section_header" color_code="" property="" options=""/><field name="" link="" type="section_items" group="section_items" color_code="" property="Select" options=""/><field name="postpartum_exercises/headshoulderlift.gif" link="" type="image" group="section_items" color_code="" property="" options=""/><field name="Lie on you back with your knees bent, feet flat on the floor, and your arms at sides " link="" type="section_items" group="section_items" color_code="" property="Select" options=""/><field name="Raise your head and shoulders and tighten your abdominal muscles.  Hold for count of 5.  Do not hold your breathe" link="" type="section_items" group="section_items" color_code="" property="Select" options=""/><field name="Lie back and relax." link="" type="section_items" group="section_items" color_code="" property="Select" options=""/><field name="Repeat 5-10 times. " link="" type="section_items" group="section_items" color_code="" property="Select" options=""/><field name="Next" color_code="Default" link="postpartum_exercises/postpartum_exercises_three" type="button" group="actions" property="" options=""/></form></xmlgui>
