<?xml version="1.0"?>
<xmlgui><form name="postpartum_exercises_1" type_of_page="Info Page" page_title="Point of Care" page_subtitle="PNC Counselling: Postpartum Exercises&gt; Postpartum Exercises 1" color_code="Select"><field name="Encourage client to undertake moderate exercise regularly, especially if her daily activities do not entail much physical exercise" link="" type="header" group="section_header" color_code="" property="" options=""/><field name="Pelvic Rock: helps relieves backache and pressure in the abdomen, and strengthens muscles in the abdomen " link="" type="section_items" group="section_items" color_code="" property="Select" options=""/><field name="postpartum_exercises/pelvicrock.gif" link="" type="image" group="section_items" color_code="" property="" options=""/><field name="Get down on your hand and knees " link="" type="section_items" group="section_items" color_code="" property="Select" options=""/><field name="Pull in your abdomen and lift your buttocks.  Hold for a count of 5 " link="" type="section_items" group="section_items" color_code="" property="Select" options=""/><field name="Gently relax your abdomen and buttocks, allowing the curve of your back to return " link="" type="section_items" group="section_items" color_code="" property="Select" options=""/><field name="Repeat 5-6 times. " link="" type="section_items" group="section_items" color_code="" property="Select" options=""/><field name="Next" color_code="Default" link="postpartum_exercises/postpartum_exercises_two" type="button" group="actions" property="" options=""/></form></xmlgui>
