<?xml version="1.0"?>
<xmlgui><form name="postpartum_exercises_three" type_of_page="Info Page" page_title="Point of Care" page_subtitle="PNC Counselling: Postpartum Exercises&gt; Postpartum Exercises THREE" color_code="Select"><field name="Squat: strengthens leg muscles " link="" type="header" group="section_header" color_code="" property="" options=""/><field name="" link="" type="section_items" group="section_items" color_code="" property="Select" options=""/><field name="postpartum_exercises/squat.gif" link="" type="image" group="section_items" color_code="" property="" options=""/><field name="Stand while on to something to help you keep your balance.  Keep feet apart. " link="" type="section_items" group="section_items" color_code="" property="Select" options=""/><field name="Slowly bend your knees, keeping your back straight, and keeping your knees and feet apart." link="" type="section_items" group="section_items" color_code="" property="Select" options=""/><field name="Rise slowly, keeping hold of the object for balance. " link="" type="section_items" group="section_items" color_code="" property="Select" options=""/><field name="Repeat 3-5 times. " link="" type="section_items" group="section_items" color_code="" property="Select" options=""/><field name="Next" color_code="Default" link="postpartum_exercises/postpartum_exercises_four" type="button" group="actions" property="" options=""/></form></xmlgui>
