<?xml version="1.0"?>
<xmlgui><form name="postpartum_exercises_four" type_of_page="Info Page" page_title="Point of Care" page_subtitle="PNC Counselling: Postpartum Exercises&gt; Postpartum Exercises FOUR" color_code="Select"><field name=" Rib cage lift: strengthening leg muscles and making it easier to breathe" link="" type="header" group="section_header" color_code="" property="" options=""/><field name="" link="" type="section_items" group="section_items" color_code="" property="Select" options=""/><field name="postpartum_exercises/ribcagelift.gif" link="" type="image" group="section_items" color_code="" property="" options=""/><field name="Sit with your legs crossed." link="" type="section_items" group="section_items" color_code="" property="Select" options=""/><field name="Curve your arm over your it, and then return to the original position " link="" type="section_items" group="section_items" color_code="" property="Select" options=""/><field name="Repeat 4-5 times. " link="" type="section_items" group="section_items" color_code="" property="Select" options=""/><field name="Next" color_code="Default" link="postpartum_exercises/postpartum_exercises_five" type="button" group="actions" property="" options=""/></form></xmlgui>
