<?xml version="1.0"?>
<xmlgui><form name="records_history_two" type_of_page="Info Page" page_title="Point of Care" page_subtitle="PNC Diagnostic Newborn: PNC Newborn Records &amp; History&gt; Records &amp; History Two" color_code="Select"><field name="Check mother&#x2019;s and baby&#x2019;s records:  " link="" type="header" group="section_header" color_code="" property="" options=""/><field name="Check mother&#x2019;s antenatal details:" link="" type="section_items" group="section_items" color_code="" property="Select" options=""/><field name="Hepatitis B, HIV and Syphilis screening" link="" type="section_items_sub" group="section_items" color_code="" property="Select" options=""/><field name="Premature rupture of membranes (&gt;18 hours before delivery) " link="" type="section_items_sub" group="section_items" color_code="" property="Select" options=""/><field name="Diabetes during pregnancy" link="" type="section_items_sub" group="section_items" color_code="" property="Select" options=""/><field name="Check delivery details: " link="" type="section_items" group="section_items" color_code="" property="Select" options=""/><field name="Date and place of delivery " link="" type="section_items_sub" group="section_items" color_code="" property="Select" options=""/><field name="Type of delivery " link="" type="section_items_sub" group="section_items" color_code="" property="Select" options=""/><field name="Duration of labor" link="" type="section_items_sub" group="section_items" color_code="" property="Select" options=""/><field name="Condition of baby at birth " link="" type="section_items_sub" group="section_items" color_code="" property="Select" options=""/><field name="APGAR score " link="" type="section_items_sub" group="section_items" color_code="" property="Select" options=""/><field name="Resuscitation at birth " link="" type="section_items_sub" group="section_items" color_code="" property="Select" options=""/><field name="Preterm/small baby status " link="" type="section_items" group="section_items" color_code="" property="Select" options=""/><field name="Check for: " link="" type="section_items" group="section_items" color_code="" property="Select" options=""/><field name="Birth weight of baby, current weight of baby" link="" type="section_items_sub" group="section_items" color_code="" property="Select" options=""/><field name="Gestational age of client at delivery, if known " link="" type="section_items_sub" group="section_items" color_code="" property="Select" options=""/><field name="Temperature " link="" type="section_items_sub" group="section_items" color_code="" property="Select" options=""/><field name="Immunization status of mother and baby " link="" type="section_items_sub" group="section_items" color_code="" property="Select" options=""/><field name="Sickle cell status" link="" type="section_items_sub" group="section_items" color_code="" property="Select" options=""/><field name="" color_code="Default" link="" type="button" group="actions" property="" options=""/></form></xmlgui>
