<?xml version="1.0"?>
<xmlgui><form name="records_history_1" type_of_page="Info Page" page_title="Point of Care" page_subtitle="PNC Diagnostic Newborn: PNC Newborn Records &amp; History&gt; Records &amp; History 1" color_code="Select"><field name="Ask the mother" link="" type="header" group="section_header" color_code="" property="" options=""/><field name="How old is the baby? " link="" type="section_items" group="section_items" color_code="" property="Select" options=""/><field name="Do you have any concerns?  " link="" type="section_items" group="section_items" color_code="" property="Select" options=""/><field name="Does the baby have any problems? " link="" type="section_items" group="section_items" color_code="" property="Select" options=""/><field name="How is the baby feeding? " link="" type="section_items" group="section_items" color_code="" property="Select" options=""/><field name="Did you have any complications during pregnancy and delivery? " link="" type="section_items" group="section_items" color_code="" property="Select" options=""/><field name="Check antenatal details " link="" type="section_items" group="section_items" color_code="" property="Select" options=""/><field name="Next" color_code="Default" link="pnc_newborn_records_history/records_history_two" type="button" group="actions" property="" options=""/></form></xmlgui>
