<?xml version="1.0"?>
<xmlgui><form name="breast_problems_two" type_of_page="Info Page" page_title="Point of Care" page_subtitle="PNC Counselling: PNC Breast Problems&gt; Breast Problems Two" color_code="Select"><field name="Counsel Mother on Breast Engorgement " link="" type="header" group="section_header" color_code="" property="" options=""/><field name="Continue breastfeeding " link="" type="section_items" group="section_items" color_code="" property="Select" options=""/><field name="Make sure baby correctly position and attach properly to your breast " link="" type="section_items" group="section_items" color_code="" property="Select" options=""/><field name="Empty breasts by expressing breast milk " link="" type="section_items" group="section_items" color_code="" property="Select" options=""/><field name="Apply warm compress before feeds and cold compress in-between feeds " link="" type="section_items" group="section_items" color_code="" property="Select" options=""/><field name="Breastfeed more frequently " link="" type="section_items" group="section_items" color_code="" property="Select" options=""/><field name="Next" color_code="Default" link="pnc_breast_problems/breast_problems_three" type="button" group="actions" property="" options=""/></form></xmlgui>
