<?xml version="1.0"?>
<xmlgui>
	<form name="exclusive_breastfeeding_for_6_months1" type_of_page="Info Page" page_title="Point of Care" page_subtitle="CWC Counselling: Exclusive Breastfeeding For 6 Months &gt; Exclusive Breastfeeding For 6 Months1" color_code="Select">
		<field name="Exclusive Breastfeeding | Counseling" link="" type="header" group="section_header" color_code="" property="" options=""/>
		<field name="Counsel Mother on the Importance of Giving ONLY Breast Milk  " link="" type="section_items_sub" group="section_items" color_code="" property="Bold Blue" options=""/>
		<field name="Important to feed baby the first yellowish milk known as colostrum" link="" type="section_items" group="section_items" color_code="" property="Select" options=""/>
		<field name="Colostrum protects babies from many diseases" link="" type="section_items" group="section_items" color_code="" property="Select" options=""/>
		<field name="Breast milk provides all the food and water your baby needs during the first 6 months " link="" type="section_items" group="section_items" color_code="" property="Select" options=""/>
		<field name="exclusive_breastfeeding_for_6_months_/20.png" link="" type="image" group="section_items" color_code="" property="" options=""/>
		<field name="Do not give anything else, not even water, including bottled water, sachet water, gripe water, and herbal concoctions, such as walga " link="" type="section_items" group="section_items" color_code="" property="Select" options=""/>
		<field name="Even during hot weather, breast milk will satisfy baby&#x2019;s thirst" link="" type="section_items" group="section_items" color_code="" property="Select" options=""/>
		<field name="Giving other liquids will cause your baby to suckle less and will reduce amount of breast milk you produce" link="" type="section_items" group="section_items" color_code="" property="Select" options=""/>
		<field name="Giving water, other liquids and foods in the first 6 months can make your baby sick " link="" type="section_items" group="section_items" color_code="" property="Select" options=""/>
		<field name="exclusive_breastfeeding_for_6_months_/21.png" link="" type="image" group="section_items" color_code="" property="" options=""/>
		<field name="You can give medicines that your health provider recommends " link="" type="section_items" group="section_items" color_code="" property="Select" options=""/>
		<field name="NEXT" color_code="Default" link="exclusive_breastfeeding_for_6_months_/_exclusive_breastfeeding_for_6_months_two" type="button" group="actions" property="" options=""/>
	</form>
</xmlgui>
