<?xml version="1.0"?>
<xmlgui><form name="soft_uterus_perineal_tear_greater_than_24_hours" type_of_page="Info Page" page_title="Point of Care" page_subtitle="PNC Diagnostic Mother: Soft Uterus, Perineal Tear&gt; Soft Uterus, Perineal Tear Greater Than 24 Hours" color_code="Red"><field name="Soft Uterus, Perineal Tear | Take Action" link="" type="header" group="section_header" color_code="" property="" options=""/><field name="Refer client to a health center or hospital to be treated by a midwife or a doctor  " link="" type="section_items" group="section_items" color_code="" property="Select" options=""/><field name="Call provider and arrange transport " link="" type="section_items" group="section_items" color_code="" property="Select" options=""/><field name="Encourage fluid intake " link="" type="section_items" group="section_items" color_code="" property="Select" options=""/><field name="Accompany mother and have a family member accompany mother to the health facility" link="" type="section_items" group="section_items" color_code="" property="Select" options=""/><field name="Record clinical information in client&#x2019;s maternal health or &#x201C;Red&#x201D; book. If possible, also fill out referral form " link="" type="section_items" group="section_items" color_code="" property="Select" options=""/><field name="Follow up with client after discharge from health center or hospital" link="" type="section_items" group="section_items" color_code="" property="Select" options=""/><field name="" color_code="Default" link="" type="button" group="actions" property="" options=""/></form></xmlgui>
