<?xml version="1.0"?>
<xmlgui><form name="soft_uterus_perineal_tear_two" type_of_page="Info Page" page_title="Point of Care" page_subtitle="PNC Diagnostic Mother: Soft Uterus, Perineal Tear&gt; Soft Uterus, Perineal Tear Two" color_code="Select"><field name="LOOK, LISTEN, FEEL" link="" type="header" group="section_header" color_code="" property="" options=""/><field name="Feel the uterus. Is it firm and round? " link="" type="section_items" group="section_items" color_code="" property="Select" options=""/><field name="Inspect the perineum." link="" type="section_items" group="section_items" color_code="" property="Select" options=""/><field name="Is there a tear or cut? " link="" type="section_items_sub" group="section_items" color_code="" property="Select" options=""/><field name="Is it red, swollen or draining pus?" link="" type="section_items_sub" group="section_items" color_code="" property="Select" options=""/><field name="Next" color_code="Default" link="soft_uterus_perineal_tear/soft_uterus_perineal_tear_three" type="button" group="actions" property="" options=""/></form></xmlgui>
