<?xml version="1.0"?>
<xmlgui><form name="uterus_hard_no_perineal_tears_less_than_24_hours" type_of_page="Info Page" page_title="Point of Care" page_subtitle="PNC Diagnostic Mother: Soft Uterus, Perineal Tear&gt; Uterus Hard, No Perineal Tears Less Than 24 Hours" color_code="Green"><field name="Uterus Hard, No Perineal Tears | Take Action " link="" type="header" group="section_header" color_code="" property="" options=""/><field name="Advise client to go to a health center or hospital for her first PNC visit with a midwife " link="" type="section_items" group="section_items" color_code="" property="Select" options=""/><field name="Encourage client to pass urine regularly " link="" type="section_items" group="section_items" color_code="" property="Select" options=""/><field name="Encourage client to eat and drink regularly " link="" type="section_items" group="section_items" color_code="" property="Select" options=""/><field name="Keep mother and baby together, and advise mother on home care of the infant " link="home_care_for_the_infant/home_care_for_the_infant_1" type="section_items" group="section_items" color_code="" property="Select" options=""/><field name="Now examine client for any breast problems " link="pnc_breast_problems/breast_problems_1" type="section_items" group="section_items" color_code="" property="Select" options=""/><field name="" color_code="Default" link="" type="button" group="actions" property="" options=""/></form></xmlgui>
