<?xml version="1.0"?>
<xmlgui><form name="keeping_child_warm_on_the_way_to_the_hospital1" type_of_page="Info Page" page_title="Point of Care" page_subtitle="CWC Counselling: Keeping Child Warm On The Way To The Hospital&gt;Keeping Child Warm On The Way To The Hospital1" color_code="Select"><field name="Keeping Child Warm on the Way to the Hospital | Counseling" link="" type="header" group="section_header" color_code="" property="" options=""/><field name="Call for help for transportation, care, money" link="" type="section_items" group="section_items" color_code="" property="Select" options=""/><field name="keeping_child_warm_on_the_way_to_the_hospital/70.png" link="" type="image" group="section_items" color_code="" property="" options=""/><field name="Keep the child warm by holding him/her close to your body and covering the child with cloth." link="" type="section_items" group="section_items" color_code="" property="Select" options=""/><field name="keeping_child_warm_on_the_way_to_the_hospital/71.png" link="" type="image" group="section_items" color_code="" property="" options=""/><field name="Breastfeed your child every 2 hours while waiting and on the way to the clinic. Or express breast milk and feed your child with a clean cup" link="" type="section_items" group="section_items" color_code="" property="Select" options=""/><field name="keeping_child_warm_on_the_way_to_the_hospital/72.png" link="" type="image" group="section_items" color_code="" property="" options=""/><field name="" link="" type="section_items" group="section_items" color_code="" property="Select" options=""/><field name="" color_code="Default" link="" type="button" group="actions" property="" options=""/></form></xmlgui>
