<?xml version="1.0"?>
<xmlgui><form name="diazepam_two" type_of_page="Reference Page" page_title="Point of Care" page_subtitle="CWC References: Diazepam&gt; Diazepam Two" color_code="Select"><field name="" link="" type="header" group="section_header" color_code="" property="" options=""/><field name="If high fever, lower the fever:   " link="" type="section_items" group="section_items" color_code="" property="Select" options=""/><field name="Sponge the child with room temperature water " link="" type="section_items_sub" group="section_items" color_code="" property="Select" options=""/><field name="Give paracetamol when the child is conscious" link="paracetamol/paracetamol1" type="section_items_sub" group="section_items" color_code="" property="Select" options=""/><field name="Treat the child to prevent low blood sugar " link="treat_and_prevent_low_blood_sugar/treat_and_prevent_low_blood_sugar1" type="section_items" group="section_items" color_code="" property="Select" options=""/><field name="diazepam/5.png" link="" type="image" group="section_items" color_code="" property="" options=""/><field name="" color_code="Default" link="" type="button" group="actions" property="" options=""/></form></xmlgui>
