<?xml version="1.0"?>
<xmlgui>
	<form name="complementary_feeding_for_children_6_to_less_than_9_months_of_age1" type_of_page="Info Page" page_title="Point of Care" page_subtitle="CWC Counselling: Complementary Feeding For Children 6 &#x2013; &lt; 9 MONTHS OF AGE  &gt;Complementary Feeding For Children 6 &#x2013; &lt; 9 MONTHS OF AGE1" color_code="Select">
		<field name="Complementary Feeding from 6 &#x2013; &lt; 9 Months | Counseling" link="" type="header" group="section_header" color_code="" property="" options=""/>
		<field name="" link="" type="section_items" group="section_items" color_code="" property="Select" options=""/>
		<field name="complementary_feeding_for_children_6_to_9_months_of_age/32.png" link="" type="image" group="section_items" color_code="" property="" options=""/>
		<field name="Continue breastfeeding your child at least 8 times during the day and night" link="" type="section_items" group="section_items" color_code="" property="Select" options=""/>
		<field name="Breastmilk continues to be the most important part of your child&#x2019;s diet. Breastmilk supplies half of the child&#x2019;s energy needs from 6 &#x2013; &lt; 12 months of age " link="" type="section_items" group="section_items" color_code="" property="Select" options=""/>
		<field name="Breastfeed first before giving other foods " link="" type="section_items" group="section_items" color_code="" property="Select" options=""/>
		<field name="Next" color_code="Default" link="complementary_feeding_for_children_6_to_9_months_of_age/complementary_feeding_for_children_6_to_less_than_9_months_of_age_two" type="button" group="actions" property="" options=""/>
	</form>
</xmlgui>
