<?xml version="1.0"?>
<xmlgui><form name="convulsing_now_two" type_of_page="Info Page" page_title="Point of Care" page_subtitle="CWC Diagnostic: General Danger Signs &gt; Convulsing Now Two" color_code="Red"><field name="" link="" type="header" group="section_header" color_code="" property="" options=""/><field name="Administer diazepam rectally, as given below:  " link="" type="section_items_sub" group="section_items" color_code="" property="Select" options=""/><field name="Draw up the dose from an ampoule of diazepam into a 2 ml syringe. Then remove the needle " link="" type="section_items" group="section_items" color_code="" property="Select" options=""/><field name="Insert the syringe into the rectum 4 &#x2013; 5 cm and inject the diazepam solution " link="" type="section_items" group="section_items" color_code="" property="Select" options=""/><field name="Hold buttocks together for a few minutes " link="" type="section_items" group="section_items" color_code="" property="Select" options=""/><field name="" link="" type="section_items" group="section_items" color_code="" property="Select" options=""/><field name="general_danger_signs_/1.png" link="" type="image" group="section_items" color_code="" property="" options=""/><field name="Refer mother/caregiver and child to a health center or hospital IMMEDIATELY" link="" type="section_items" group="section_items" color_code="" property="Select" options=""/><field name="Call provider and arrange transport " link="" type="section_items" group="section_items" color_code="" property="Select" options=""/><field name="Fill out referral form, and record clinical care in Child Health Records &#x201C;green&#x201D; book" link="" type="section_items" group="section_items" color_code="" property="Select" options=""/><field name="NEXT" color_code="Default" link="general_danger_signs_/convulsing_now_three" type="button" group="actions" property="" options=""/></form></xmlgui>
