<?xml version="1.0"?>
<xmlgui>
	<form name="general_danger_signs_two" type_of_page="Take Action Classification Page" page_title="Point of Care" page_subtitle="CWC Diagnostic: General Danger Signs &gt; General Danger Signs Two" color_code="Select">
		<field name="Does the child have any of the following general danger signs?" link="" type="question" group="questions" color_code="" property="" options=""/>
		<field name="Not able to drink or breastfeed " link="general_danger_signs_/not_able_to_drink_or_breastfeed" type="answers" group="answers" color_code="" property="" options="Click here to take action"/>
		<field name="Excessive vomiting " link="general_danger_signs_/excessive_vomiting" type="answers" group="answers" color_code="" property="" options="Click here to take action"/>
		<field name="History of convulsions in present illness" link="general_danger_signs_/history_of_convulsions_in_present_illness" type="answers" group="answers" color_code="" property="" options="Click here to take action"/>
		<field name="Convulsing Now " link="general_danger_signs_/convulsing_now" type="answers" group="answers" color_code="" property="" options="Click here to take action"/><field name="Unconscious or Lethargic " link="general_danger_signs_/unconscious_or_lethargic" type="answers" group="answers" color_code="" property="" options="Very sleepy, hard to awaken | Click here to take action"/><field name="" color_code="Default" property="" link="" type="button" group="actions" options=""/></form></xmlgui>
