<?xml version="1.0"?>
<xmlgui><form name="general_danger_signs1" type_of_page="Info Page" page_title="Point of Care" page_subtitle="CWC Diagnostic: General Danger Signs &gt; General Danger Signs1" color_code="Select"><field name="ASK" link="" type="header" group="section_header" color_code="" property="" options=""/><field name="Is the child able to drink or breastfeed? " link="" type="section_items" group="section_items" color_code="" property="Select" options=""/><field name="Does the child vomit everything?" link="" type="section_items" group="section_items" color_code="" property="Select" options=""/><field name="Has the child had convulsions (fits) in this present illness? " link="" type="section_items" group="section_items" color_code="" property="Select" options=""/><field name="" link="" type="section_items" group="section_items" color_code="" property="Select" options=""/><field name="" link="" type="section_items" group="section_items" color_code="" property="Select" options=""/><field name="" link="" type="section_items" group="section_items" color_code="" property="Select" options=""/><field name="LOOK" link="" type="header" group="section_header" color_code="" property="" options=""/><field name="See if the child is lethargic or unconscious.  " link="" type="section_items" group="section_items" color_code="" property="Select" options=""/><field name="Is the child convulsing now? " link="" type="section_items" group="section_items" color_code="" property="Select" options=""/><field name="" link="" type="section_items" group="section_items" color_code="" property="Select" options=""/><field name="" link="" type="section_items" group="section_items" color_code="" property="Select" options=""/><field name="" link="" type="section_items" group="section_items" color_code="" property="Select" options=""/><field name="" link="" type="section_items" group="section_items" color_code="" property="Select" options=""/><field name="NEXT" color_code="Default" link="general_danger_signs_/general_danger_signs_two" type="button" group="actions" property="" options=""/></form></xmlgui>
