<?xml version="1.0"?>
<xmlgui><form name="unconscious_or_lethargic_two" type_of_page="Info Page" page_title="Point of Care" page_subtitle="CWC Diagnostic: General Danger Signs &gt; Unconscious or Lethargic Two" color_code="Select"><field name="What to do while waiting for transport to arrive:" link="" type="header" group="section_header" color_code="" property="" options=""/><field name="Observe sick child and manage any additional symptoms or complications that arises  " link="" type="section_items" group="section_items" color_code="" property="Italic Blue" options=""/><field name="Advise mother/caregiver not to put the child on her back " link="" type="section_items" group="section_items" color_code="" property="Select" options=""/><field name="Teach mother/caregiver how to keep the child warm on the way to the health facility " link="keeping_child_warm_on_the_way_to_the_hospital/keeping_child_warm_on_the_way_to_the_hospital1" type="section_items" group="section_items" color_code="" property="Select" options=""/><field name="If child still breastfeeds, observe mother breastfeeding and provide counseling on breast attachment and positioning, if necessary " link="breastfeeding_attachment_and_position/_breastfeeding_attachment_and_position1" type="section_items" group="section_items" color_code="" property="Select" options=""/><field name="Counsel mother/caregiver on feeding a sick child " link="breastfeeding_attachment_and_position/_breastfeeding_attachment_and_position1" type="section_items" group="section_items" color_code="" property="Select" options=""/><field name="Accompany mother and child to the health facility" link="" type="section_items" group="section_items" color_code="" property="Select" options=""/><field name="Follow up with client after discharge from health center or hospital" link="" type="section_items" group="section_items" color_code="" property="Select" options=""/><field name="" link="" type="section_items" group="section_items" color_code="" property="Select" options=""/><field name="" color_code="Default" link="" type="button" group="actions" property="" options=""/></form></xmlgui>
