<?xml version="1.0"?>
<xmlgui><form name="affas_criteria_for_stopping_breastfeeding_for_hiv_exposed_children" type_of_page="Info Page" page_title="Point of Care" page_subtitle="CWC Counselling: Feeding An HIV Exposed Or Infected Child&gt; AFFAS: Criteria For Stopping Breastfeeding For HIV Exposed Children" color_code="Select"><field name="Criteria for Stopping Breastfeeding for HIV Exposed Children | Counseling" link="" type="header" group="section_header" color_code="" property="" options=""/><field name="Acceptable: mother perceives no problem in replacement feeding " link="" type="section_items" group="section_items" color_code="" property="Select" options=""/><field name="Feasible: mother has adequate time, knowledge, skills, resources, and support to correctly mix formula or milk and feed infant up to 12 times in 24 hours" link="" type="section_items" group="section_items" color_code="" property="Select" options=""/><field name="Affordable: mother and family can pay the cost of replacement feeding without harming the health and nutrition of the family " link="" type="section_items" group="section_items" color_code="" property="Select" options=""/><field name="Sustainable: availability of a continuous supply of all ingredients needed for safe replacement feeding up to one year of age or longer " link="" type="section_items" group="section_items" color_code="" property="Select" options=""/><field name="Safe: Replacement foods are correctly and hygienically prepared and stored " link="" type="section_items" group="section_items" color_code="" property="Select" options=""/><field name="" color_code="Default" link="" type="button" group="actions" property="" options=""/></form></xmlgui>
