<?xml version="1.0"?>
<xmlgui>
	<form name="hiv_exposed_0_to_less_than_6_months_of_age" type_of_page="Info Page" page_title="Point of Care" page_subtitle="CWC Counselling: Feeding An HIV Exposed Or Infected Child&gt; HIV Exposed 0 &#x2013; &lt; 6 MONTHS OF AGE" color_code="Select"><field name="Feeding an HIV Exposed Child 0 &#x2013; &lt; 6 months of Age | Counseling " link="" type="header" group="section_header" color_code="" property="" options=""/><field name="" link="" type="section_items" group="section_items" color_code="" property="Select" options=""/><field name="feeding_an_hiv_exposed_or_infected_child/32.png" link="" type="image" group="section_items" color_code="" property="" options=""/><field name="Exclusively breastfed children: " link="" type="header" group="section_header" color_code="" property="" options=""/><field name="Breastfeed exclusively as often as the child wants, day or night " link="" type="section_items" group="section_items" color_code="" property="Select" options=""/><field name="Feed at least 8 times in 24 hours " link="" type="section_items" group="section_items" color_code="" property="Select" options=""/><field name="Do not give other foods or fluids.  Mixed feeding increases risk of HIV transmission from mother to child compared to exclusive breastfeeding " link="" type="section_items" group="section_items" color_code="" property="Select" options=""/>
	<field name="Stop breastfeeding as soon as this is AFASS " link="feeding_an_hiv_exposed_or_infected_child/affas_criteria_for_stopping_breastfeeding_for_hiv_exposed_children1" type="section_items" group="section_items" color_code="" property="Select" options=""/><field name="Next" color_code="Default" link="feeding_an_hiv_exposed_or_infected_child/hiv_exposed_0_to_less_than_6_months_of_age_two" type="button" group="actions" property="" options=""/></form></xmlgui>
