<?xml version="1.0"?>
<xmlgui><form name="treatment_for_uncomplicated_malaria_in_pregnant_women_three" type_of_page="Info Page" page_title="Point of Care" page_subtitle="ANC References: Treatment for Uncomplicated Malaria in Pregnant Women&gt; Treatment for Uncomplicated Malaria in Pregnant Women Three" color_code="Select"><field name="Administration, Management of Vomiting, and Other Supportive Treatment for Treatment with ACTs" link="" type="header" group="section_header" color_code="" property="" options=""/><field name="Preferable that client takes the first dose of the drug in front of the nurse or health worker " link="" type="section_items" group="section_items" color_code="" property="Select" options=""/><field name="Preferable to administer medicine after the client has eaten a meal " link="" type="section_items" group="section_items" color_code="" property="Select" options=""/><field name="If vomiting occurs within 30 minutes, the dosage of medicine should be repeated.  If vomiting stops, give client the 2nd and 3rd doses to take at home if you are sure that your instructions will be followed.  " link="" type="section_items" group="section_items" color_code="" property="Select" options=""/><field name="Ask client to go to the health center or hospital if vomiting persists.  " link="" type="section_items" group="section_items" color_code="" property="Select" options=""/><field name="Treatment of fever with Paracetamol is a recommended part of supportive care for malaria.  Paracetamol in tablet form may be given every 4-6 hours until the temperature is normal.  " link="" type="section_items" group="section_items" color_code="" property="Select" options=""/><field name="treatment_for_uncomplicated_malaria_in_pregnant_women/8.png" link="" type="image" group="section_items" color_code="" property="" options=""/><field name="In addition to the above clients should be advised to: " link="" type="section_items" group="section_items" color_code="" property="Select" options=""/><field name="Take iron supplements" link="" type="section_items_sub" group="section_items" color_code="" property="Select" options=""/><field name="Eat well " link="" type="section_items_sub" group="section_items" color_code="" property="Select" options=""/><field name="Use ITNs and other preventive measures" link="" type="section_items_sub" group="section_items" color_code="" property="Select" options=""/><field name="Takes analgesics as prescribed, e.g. paracetamol 1 g (2 tablets) every 6 hours, if needed. " link="" type="section_items_sub" group="section_items" color_code="" property="Select" options=""/><field name="Next" color_code="Default" link="treatment_for_uncomplicated_malaria_in_pregnant_women/treatment_for_uncomplicated_malaria_in_pregnant_women_four" type="button" group="actions" property="" options=""/></form></xmlgui>
