<?xml version="1.0"?>
<xmlgui><form name="treatment_for_uncomplicated_malaria_in_pregnant_women_1" type_of_page="Info Page" page_title="Point of Care" page_subtitle="ANC References: Treatment for Uncomplicated Malaria in Pregnant Women&gt; Treatment for Uncomplicated Malaria in Pregnant Women 1" color_code="Select"><field name="Signs and Symptoms" link="" type="header" group="section_header" color_code="" property="" options=""/><field name="Women in their pregnancy and in their 1st trimester are at greater risk of developing clinical malaria.  The following signs and symptoms may occur: " link="" type="section_items" group="section_items" color_code="" property="Select" options=""/><field name="Headache" link="" type="section_items_sub" group="section_items" color_code="" property="Select" options=""/><field name="Lassitude" link="" type="section_items_sub" group="section_items" color_code="" property="Select" options=""/><field name="Fatigue" link="" type="section_items_sub" group="section_items" color_code="" property="Select" options=""/><field name="Abdominal discomfort" link="" type="section_items_sub" group="section_items" color_code="" property="Select" options=""/><field name="Muscle and joint aches" link="" type="section_items_sub" group="section_items" color_code="" property="Select" options=""/><field name="These maybe followed by fever, chills, perspiration, anorexia, vomiting and worsening malaise.  " link="" type="section_items" group="section_items" color_code="" property="Select" options=""/><field name="During pregnancy malaria may also be associated with womb contraction or even start of labour and increased or reduced fetal movements.  Most of these signs and symptoms are non-specific and may occur with other infectious condition such as viral infections.  " link="" type="section_items" group="section_items" color_code="" property="Select" options=""/><field name="Note: Pregnant women can also present with symptoms (such as dizziness, poor appetite, etc), which are not typical symptoms of malaria but may be the only indication they have clinical malaria. " link="" type="section_items" group="section_items" color_code="" property="Select" options=""/><field name="Next" color_code="Default" link="treatment_for_uncomplicated_malaria_in_pregnant_women/treatment_for_uncomplicated_malaria_in_pregnant_women_two" type="button" group="actions" property="" options=""/></form></xmlgui>
