<?xml version="1.0"?>
<xmlgui><form name="treatment_for_uncomplicated_malaria_in_pregnant_women_two" type_of_page="Info Page" page_title="Point of Care" page_subtitle="ANC References: Treatment for Uncomplicated Malaria in Pregnant Women&gt; Treatment for Uncomplicated Malaria in Pregnant Women Two" color_code="Select"><field name="Treatment of Uncomplicated Malaria" link="" type="header" group="section_header" color_code="" property="" options=""/><field name="" link="" type="section_items" group="section_items" color_code="" property="Select" options=""/><field name="treatment_for_uncomplicated_malaria_in_pregnant_women/19.png" link="" type="image" group="section_items" color_code="" property="" options=""/><field name="1st trimester" link="" type="header" group="section_header" color_code="" property="" options=""/><field name="Oral Quinine 600 mg 8 hourly for 7 days " link="" type="section_items" group="section_items" color_code="" property="Select" options=""/><field name="OR oral Quinine 10 mg/Kg body weight three times daily (up to a maximum of 600 mg daily) for three days + 300 mg of Clindamycin three times daily for 3 days " link="" type="section_items" group="section_items" color_code="" property="Select" options=""/><field name="2nd or 3rd trimester " link="" type="header" group="section_header" color_code="" property="" options=""/><field name="Oral Quinine 600 mg 8 hourly for 7 days" link="" type="section_items" group="section_items" color_code="" property="Select" options=""/><field name="OR Artesunate + Amodiaquine.  These drugs may be taken with high energy drinks, like glucose. " link="" type="section_items" group="section_items" color_code="" property="Select" options=""/><field name="Co-Blistered Formulation:  " link="" type="section_items_sub" group="section_items" color_code="" property="Select" options=""/><field name="Tablets of each drug come packaged together.  " link="" type="section_items_sub_sub" group="section_items" color_code="" property="Select" options=""/><field name="Artesunate and Amodiaquine should be administered together.  They may be administered either as a single dose each day OR as divided doses. If given as divided doses, half of the dose should be given in the morning, and half in the evening " link="" type="section_items_sub_sub" group="section_items" color_code="" property="Select" options=""/><field name="If given as SINGLE DAILY DOSING " link="" type="section_items" group="section_items" color_code="" property="Select" options=""/><field name="treatment_for_uncomplicated_malaria_in_pregnant_women/4.png" link="" type="image" group="section_items" color_code="" property="" options=""/><field name="If given as TWICE DAILY DOSING: " link="" type="section_items" group="section_items" color_code="" property="Select" options=""/><field name="treatment_for_uncomplicated_malaria_in_pregnant_women/5.png" link="" type="image" group="section_items" color_code="" property="" options=""/><field name="With Fixed-Dose Combination Therapy: 2 tablets once a day for 3 days for adolescents and adults" link="" type="section_items" group="section_items" color_code="" property="Select" options=""/><field name="treatment_for_uncomplicated_malaria_in_pregnant_women/6.png" link="" type="image" group="section_items" color_code="" property="" options=""/><field name="OR Artemether + Lumefantrine tablets with the following doses:" link="" type="section_items" group="section_items" color_code="" property="Select" options=""/><field name="This is reserved for clients who do not tolerate Artesunate-Amodiaquine" link="" type="section_items_sub" group="section_items" color_code="" property="Select" options=""/><field name="The drug should be taken twice per day in divided doses, and after eating meals" link="" type="section_items_sub" group="section_items" color_code="" property="Select" options=""/><field name="Standard 3-day treatment with a total of six doses according to body weight is recommended as below: " link="" type="section_items_sub" group="section_items" color_code="" property="Select" options=""/><field name="treatment_for_uncomplicated_malaria_in_pregnant_women/7.png" link="" type="image" group="section_items" color_code="" property="" options=""/><field name="Next" color_code="Default" link="treatment_for_uncomplicated_malaria_in_pregnant_women/treatment_for_uncomplicated_malaria_in_pregnant_women_three" type="button" group="actions" property="" options=""/></form></xmlgui>
