<?xml version="1.0"?>
<xmlgui>
	<form name="expressing_breastmilk1" type_of_page="Info Page" page_title="Point of Care" page_subtitle="CWC Counselling: Expressing Breastmilk&gt; Expressing Breastmilk1" color_code="Select">
		<field name="Expressing Breastmilk | Counseling" link="" type="header" group="section_header" color_code="" property="" options=""/>
		<field name="Wash your hands with soap &amp; water  Prepare clean containers" link="" type="section_items" group="section_items" color_code="" property="Select" options=""/>
		<field name="expressing_breastmilk/24.png" link="" type="image" group="section_items" color_code="" property="" options=""/>
		<field name="Pour boiling water into a cup" link="" type="section_items" group="section_items" color_code="" property="Select" options=""/>
		<field name="expressing_breastmilk/25.png" link="" type="image" group="section_items" color_code="" property="" options=""/>
		<field name="Pour out hot water from cup" link="" type="section_items" group="section_items" color_code="" property="Select" options=""/>
		<field name="expressing_breastmilk/26.png" link="" type="image" group="section_items" color_code="" property="" options=""/>
		<field name="Wash hands again with soap &amp; water" link="" type="section_items" group="section_items" color_code="" property="Select" options=""/>
		<field name="expressing_breastmilk/27.png" link="" type="image" group="section_items" color_code="" property="" options=""/>
		<field name="Get comfortable " link="" type="section_items" group="section_items" color_code="" property="Select" options=""/>
		<field name="Gently stroke your breasts, a warm cloth may stimulate the flow of milk " link="" type="section_items" group="section_items" color_code="" property="Select" options=""/>
		<field name="expressing_breastmilk/28.png" link="" type="image" group="section_items" color_code="" property="" options=""/>
		<field name="Place cooled, clean cup under breast" link="" type="section_items" group="section_items" color_code="" property="Select" options=""/>
		<field name="Put your thumb on the breast above the dark area around nipple (areola) and other fingers on the underside of the breast behind areola" link="" type="section_items" group="section_items" color_code="" property="Select" options=""/>
		<field name="expressing_breastmilk/29.png" link="" type="image" group="section_items" color_code="" property="" options=""/>
		<field name="With your thumb and first 2 fingers press a little bit in towards chest wall and then press gently towards areola" link="" type="section_items_sub" group="section_items" color_code="" property="Select" options=""/>
		<field name="Milk may start to flow in drops, or sometimes in fine streams. Collect the milk in the clean cup " link="" type="section_items_sub" group="section_items" color_code="" property="Select" options=""/>
		<field name="Avoid rubbing skin, which can cause bruising, or squeezing the nipple which will stop the flow of milk " link="" type="section_items_sub" group="section_items" color_code="" property="Select" options=""/>
		<field name="Rotate the thumb and finger positions and press and release all around areola " link="" type="section_items" group="section_items_sub" color_code="" property="Select" options=""/>
		<field name="expressing_breastmilk/30.png" link="" type="image" group="section_items" color_code="" property="" options=""/>
		<field name="Hold baby wrapped " link="" type="section_items" group="section_items" color_code="" property="Select" options=""/>
		<field name="Hold cup of milk to baby&#x2019;s lips " link="" type="section_items" group="section_items" color_code="" property="Select" options=""/>
		<field name="Tip cup so milk reaches baby&#x2019;s lips   " link="" type="section_items" group="section_items" color_code="" property="Select" options=""/><field name="Hold cup to the baby&#x2019;s lips and let him or her take it " link="" type="section_items" group="section_items" color_code="" property="Select" options=""/>
		<field name="expressing_breastmilk/31.png" link="" type="image" group="section_items" color_code="" property="" options=""/>
		<field name="Keep expressed breast milk up to 8 hours in a cool place " link="" type="section_items" group="section_items" color_code="" property="Select" options=""/>
		
		<field name="Or up to 72 hours in the back of a refrigerator  " link="" type="section_items" group="section_items" color_code="" property="Select" options=""/>
		<field name="" color_code="Default" link="" type="button" group="actions" property="" options=""/>
	</form>
</xmlgui>
