<?xml version="1.0"?>
<xmlgui><form name="mebendazole_and_albendazole1" type_of_page="Reference Page" page_title="Point of Care" page_subtitle="CWC References: Mebendazole and Albendazole&gt; Mebendazole and Albendazole1" color_code="Select"><field name="Mebendazole and Albendazole | Dosage" link="" type="header" group="section_header" color_code="" property="" options=""/><field name="Preventive treatment for children with:" link="" type="section_items" group="section_items" color_code="" property="Select" options=""/><field name="Possible parasitic (worm) infections" link="" type="section_items_sub" group="section_items" color_code="" property="Select" options=""/><field name="Uncomplicated severe acute malnutrition " link="" type="section_items_sub" group="section_items" color_code="" property="Select" options=""/><field name="Anaemia " link="" type="section_items_sub" group="section_items" color_code="" property="Select" options=""/><field name="mebendazole_and_albendazole/2.png" link="" type="image" group="section_items" color_code="" property="" options=""/><field name="" color_code="Default" link="" type="button" group="actions" property="" options=""/></form></xmlgui>
