<?xml version="1.0"?>
<xmlgui><form name="immunisation_schedule_for_infants_1" type_of_page="Info Page" page_title="Point of Care" page_subtitle="PNC Counselling: Immunisation Schedule for Infant&gt; Immunisation Schedule for Infants 1" color_code="Select"><field name="" link="" type="header" group="section_header" color_code="" property="" options=""/><field name="" link="" type="section_items" group="section_items" color_code="" property="Select" options=""/><field name="immunisation_schedule_for_infant/28.png" link="" type="image" group="section_items" color_code="" property="" options=""/><field name="" link="" type="section_items" group="section_items" color_code="" property="Select" options=""/><field name="immunisation_schedule_for_infant/immunisation_schedule.png" link="" type="image" group="section_items" color_code="" property="" options=""/><field name="" color_code="Default" link="" type="button" group="actions" property="" options=""/></form></xmlgui>
