<?xml version="1.0"?>
<xmlgui><form name="soothe_throat_and_relieve_cough_references1" type_of_page="Reference Page" page_title="Point of Care" page_subtitle="CWC References: Soothe Throat and Relieve Cough References&gt; Soothe Throat and Relieve Cough References1" color_code="Select"><field name="Soothe Throat and Relieve Cough with a Safe Remedy | How to Administer  " link="" type="header" group="section_header" color_code="" property="" options=""/><field name="Soothe throat and relieve cough for: " link="" type="section_items" group="section_items" color_code="" property="Select" options=""/><field name="Pneumonia " link="" type="section_items_sub" group="section_items" color_code="" property="Select" options=""/><field name="Other conditions with cough or cold" link="" type="section_items_sub" group="section_items" color_code="" property="Select" options=""/><field name="Safe remedies to recommend: " link="" type="section_items" group="section_items" color_code="" property="Select" options=""/><field name="Breastmilk for exclusively breastfeed children" link="" type="section_items_sub" group="section_items" color_code="" property="Select" options=""/><field name="Warm honey or lemon drinks  " link="" type="section_items_sub" group="section_items" color_code="" property="Select" options=""/><field name="Harmful remedies to discourage:" link="" type="section_items" group="section_items" color_code="" property="Select" options=""/><field name="Nasal instillations" link="" type="section_items_sub" group="section_items" color_code="" property="Select" options=""/><field name="Cough remedies with opioids and sedatives " link="" type="section_items_sub" group="section_items" color_code="" property="Select" options=""/><field name="" color_code="Default" link="" type="button" group="actions" property="" options=""/></form></xmlgui>
