<?xml version="1.0"?>
<xmlgui>
	<form name="malnutrition_three" type_of_page="Question Page" page_title="Point of Care" page_subtitle="CWC Diagnostic: Assessment of Child: Main Symptoms: Malnutrition&gt; Malnutrition Three" color_code="Select">
		<field name="" link="" type="question" group="questions" color_code="" options=""/>
		<field name="Complicated Severe Acute Malnutrition" link="assessment_of_child_main_symptoms_malnutrition/complicated_severe_acute_malnutrition" type="answers" group="answers" color_code="" options=""/>
		<field name="Uncomplicated Severe Acute Malnutrition" link="assessment_of_child_main_symptoms_malnutrition/uncomplicated_severe_acute_malnutrition" type="answers" group="answers" color_code="" options=""/>
		<field name="Moderate Acute Malnutrition or Underweight" link="assessment_of_child_main_symptoms_malnutrition/moderate_acute_malnutrition_or_underweight" type="answers" group="answers" color_code="" options=""/>
		<field name="No Acute Malnutrition and Not Underweight" link="assessment_of_child_main_symptoms_malnutrition/no_acute_malnutrition_and_not_underweight" type="answers" group="answers" color_code="" options=""/>
		<field name="" color_code="Default" link="" type="button" group="actions" options=""/>
	</form>
</xmlgui>
