<?xml version="1.0"?>
<xmlgui>
	<form name="uncomplicated_severe_acute_malnutrition" type_of_page="Take Action Page" page_title="Point of Care" page_subtitle="CWC Diagnostic: Assessment of Child: Main Symptoms: Malnutrition&gt; Uncomplicated Severe Acute Malnutrition" color_code="Amber">
		<field name="" link="" type="definition" group="definition" color_code="" options=""/>
		<field name="Take Action: Uncomplicated Severe Acute Malnutrition" link="" type="first_section_head" group="first_actions" color_code="" options=""/>
		<field name="Assess the child&#x2019;s feeding" link="" type="first_actions" group="first_actions" color_code="" options=""/>
		<field name="Check for HIV Infection" link="" type="first_actions" group="first_actions" color_code="" options=""/>
		<field name="Give First dose of Vitamin A  per table below:" link="" type="first_actions" group="first_actions" color_code="" options=""/>
		<field name="assessment_of_child_main_symptoms_malnutrition/severe_complicated_measles.JPG" link="" type="image" group="first_actions" color_code="" options=""/>
		<field name="Counsel and give Second dose of Vitamin A  to caregiver/mother to be given the next day" link="" type="first_actions" group="first_actions" color_code="" options=""/>
		<field name="Give Mebendazole or Albendazole [if child is aged 2 years or above] " link="" type="first_actions" group="first_actions" color_code="" options=""/>
		<field name="Give 500 mg mebendazole or 400mg albendazole as a single dose in clinic  if the child has not had a dose in the previous 6 months " link="" type="first_actions_sub" group="first_actions" color_code="" options=""/>
		<field name="NB: preferably, give mebendazole 100mg twice daily for 3 days, instead of 500mg as a single dose" link="" type="first_actions_sub" group="first_actions" color_code="" options=""/>
		<field name="Give an appropriate antibiotic for five [5] days per table below:" link="" type="first_actions" group="first_actions" color_code="" options=""/>
		<field name="assessment_of_child_main_symptoms_malnutrition/amoxycillin_dosage.JPG" link="" type="image" group="first_actions" color_code="" options=""/>
		<field name="Counsel caregiver/ mother how to keep the child  warm" link="keeping_infant_warm_&amp;_breastfeeding_on_the_wa/keeping_infant_warm_1" type="first_actions" group="first_actions" color_code="" options=""/>
		<field name="Counsel mother on feeding a sick child " link="feeding/feeding_a_sick_child" type="first_actions" group="first_actions" color_code="" options=""/>
		<field name="Advise mother on when to return for care immediately per table below:" link="" type="first_actions" group="first_actions" color_code="" options=""/>
		<field name="assessment_of_child_main_symptoms_malnutrition/when_to_return_diarrhoea.JPG" link="" type="image" group="first_actions" color_code="" options=""/>
		<field name="Give caregiver / mother weekly supply of RUTF" link="" type="first_actions" group="first_actions" color_code="" options=""/>
		<field name="Counsel caregiver /mother to return for follow up care in 7 days" link="" type="first_actions" group="first_actions" color_code="" options=""/>
		<field name="" link="" type="first_actions" group="first_actions" color_code="" options=""/>
		
		<field name="" link="" type="transport_actions" group="transport_actions" color_code="" options=""/>
		<field name="" link="" type="second_actions" group="second_actions" color_code="" options=""/>
		<field name="" color_code="Default" link="" type="button" group="actions" options=""/>
		<field name="" color_code="Default" link="" type="button" group="actions" options=""/>
	</form>
</xmlgui>
