<?xml version="1.0"?>
<xmlgui><form name="infant_immunisation_schedule_1" type_of_page="Info Page" page_title="Point of Care" page_subtitle="ANC References: ANC References Infant Immunisation Schedule&gt; Infant Immunisation Schedule 1" color_code="Select"><field name="" link="" type="header" group="section_header" color_code="" property="" options=""/><field name="" link="" type="section_items" group="section_items" color_code="" property="Select" options=""/><field name="anc_references_infant_immunisation_schedule/28.png" link="" type="image" group="section_items" color_code="" property="" options=""/><field name="" link="" type="section_items" group="section_items" color_code="" property="Select" options=""/><field name="anc_references_infant_immunisation_schedule/immunisation_schedule.png" link="" type="image" group="section_items" color_code="" property="" options=""/><field name="" color_code="Default" link="" type="button" group="actions" property="" options=""/></form></xmlgui>
