<?xml version="1.0"?>
<xmlgui><form name="difficulty_breathing_or_cyanosis" type_of_page="Take Action Page" page_title="Point of Care" page_subtitle="ANC Diagnostic: ANC Management of Danger Signs&gt; Difficulty Breathing or Cyanosis " color_code="Red"><field name="" link="" type="definition" group="definition" color_code="" property="" options=""/><field name="Take Action: Difficulty Breathing or Cyanosis " link="" type="first_section_head" group="first_actions" color_code="" property="" options=""/><field name="Refer client to a health center or hospital IMMEDIATELY" link="" type="first_actions" group="first_actions" color_code="" property="Select" options=""/><field name="Call provider and arrange transport " link="" type="first_actions" group="first_actions" color_code="" property="Select" options=""/><field name="While waiting for transport: " link="" type="transport_section_head" group="transport_actions" color_code="" property="" options=""/><field name="Remove tight clothing around client&#x2019;s chest  " link="" type="transport_actions" group="transport_actions" color_code="" property="Select" options=""/><field name="Prop her up if she is conscious" link="" type="transport_actions" group="transport_actions" color_code="" property="Select" options=""/><field name="If she is unconscious, tilt her head back and lift her chin to open airway" link="" type="transport_actions" group="transport_actions" color_code="" property="Select" options=""/><field name="Clear mouth of any secretions" link="" type="transport_actions" group="transport_actions" color_code="" property="Select" options=""/><field name="Open nearby windows to ensure adequate ventilation " link="" type="transport_actions" group="transport_actions" color_code="" property="Select" options=""/><field name="Record clinical information in client&#x2019;s maternal health or &#x201C;Red&#x201D; book if she has one. If possible, fill out referral form " link="" type="second_actions" group="second_actions" color_code="" property="Select" options=""/><field name="Accompany client and have a family member accompany client to the health facility" link="" type="second_actions" group="second_actions" color_code="" property="Select" options=""/><field name="Follow up with client after discharge from health center or hospital" link="" type="second_actions" group="second_actions" color_code="" property="Select" options=""/><field name="" color_code="Default" property="" link="" type="button" group="actions" options=""/></form></xmlgui>
