<?xml version="1.0"?>
<xmlgui><form name="light_bleeding" type_of_page="Take Action Page" page_title="Point of Care" page_subtitle="ANC Diagnostic: ANC Management of Danger Signs&gt; Light Bleeding" color_code="Red"><field name="" link="" type="definition" group="definition" color_code="" property="" options=""/><field name="Take Action: Light Bleeding" link="" type="first_section_head" group="first_actions" color_code="" property="" options=""/><field name="" link="" type="first_actions" group="first_actions" color_code="" property="Select" options=""/><field name="anc_management_of_danger_signs/29.png" link="" type="image" group="first_actions" color_code="" property="" options=""/><field name="Refer client to a health center or hospital IMMEDIATELY" link="" type="first_actions" group="first_actions" color_code="" property="Select" options=""/><field name="Call provider and arrange transport " link="" type="first_actions" group="first_actions" color_code="" property="Select" options=""/><field name="While waiting for transport: " link="" type="transport_section_head" group="transport_actions" color_code="" property="" options=""/><field name="Encourage fluid intake " link="" type="transport_actions" group="transport_actions" color_code="" property="Select" options=""/><field name="Record clinical information in client&#x2019;s maternal health or &#x201C;Red&#x201D; book if she has one. If possible, fill out referral form " link="" type="second_actions" group="second_actions" color_code="" property="Select" options=""/><field name="Accompany client and have a family member accompany client to the health facility" link="" type="second_actions" group="second_actions" color_code="" property="Select" options=""/><field name="Follow up with client after discharge from health center or hospital" link="" type="second_actions" group="second_actions" color_code="" property="Select" options=""/><field name="" color_code="Default" property="" link="" type="button" group="actions" options=""/></form></xmlgui>
