<?xml version="1.0"?>
<xmlgui><form name="management_of_danger_signs_two" type_of_page="Take Action Classification Page" page_title="Point of Care" page_subtitle="ANC Diagnostic: ANC Management of Danger Signs&gt; Management of Danger Signs Two" color_code="Select"><field name="Does the client have any of the following danger signs? " link="" type="question" group="questions" color_code="" property="" options=""/><field name="Difficulty breathing or central cyanosis " link="anc_management_of_danger_signs/difficulty_breathing_or_cyanosis" type="answers" group="answers" color_code="" property="" options="Click here to take action"/><field name="Shock  " link="anc_management_of_danger_signs/shock" type="answers" group="answers" color_code="" property="" options="Cold, moist skin  | Weak but fast pulse|&#9;Systolic BP &#x2264; 90 mmHg |Click here to take action"/><field name="Bleeding " link="anc_management_of_danger_signs/bleeding" type="answers" group="answers" color_code="" property="" options="Click here to take action"/><field name="Edema of the feet and hands, face, or ankles " link="anc_management_of_danger_signs/edema_of_the_feet_and_hands_face_or_ankles" type="answers" group="answers" color_code="" property="" options="Click here to take action"/><field name="Excessive vomiting " link="anc_management_of_danger_signs/excessive_vomiting" type="answers" group="answers" color_code="" property="" options="Click here to take action"/><field name="Severe headache/blurred vision " link="anc_management_of_danger_signs/severe_headache_blurred_vision" type="answers" group="answers" color_code="" property="" options="Click here to take action"/><field name="Offensive/discoloured vaginal discharge" link="anc_management_of_danger_signs/offensive_discoloured_vaginal_discharge" type="answers" group="answers" color_code="" property="" options="Click here to take action"/><field name="Absence of fetal movements" link="anc_management_of_danger_signs/absence_of_fetal_movements" type="answers" group="answers" color_code="" property="" options="Click here to take action"/><field name="Severe abdominal pain" link="anc_management_of_danger_signs/severe_abdominal_pain" type="answers" group="answers" color_code="" property="" options="Click here to take action"/><field name="Epigastric pain " link="anc_management_of_danger_signs/epigastric_pain" type="answers" group="answers" color_code="" property="" options="Click here to take action"/><field name="BP &#x2265; 90 mmHg" link="anc_management_of_danger_signs/bp_greater_than_90_mmhg" type="answers" group="answers" color_code="" property="" options="Click here to take action"/><field name="" color_code="Default" property="" link="" type="button" group="actions" options=""/></form></xmlgui>
