<?xml version="1.0"?>
<xmlgui><form name="management_of_danger_signs_1" type_of_page="Info Page" page_title="Point of Care" page_subtitle="ANC Diagnostic: ANC Management of Danger Signs&gt; Management of Danger Signs 1" color_code="Select"><field name="ASK" link="" type="header" group="section_header" color_code="" property="" options=""/><field name="Do you have any abdominal pain?  How severe? " link="" type="section_items" group="section_items" color_code="" property="Select" options=""/><field name="Do you have any bleeding?  " link="" type="section_items" group="section_items" color_code="" property="Select" options=""/><field name="If yes, how much blood have you lost?  Are you still bleeding?" link="" type="section_items_sub" group="section_items" color_code="" property="Select" options=""/><field name="Have you recently lost a pregnancy? Did you or anybody else do anything to induce an abortion? " link="" type="section_items_sub" group="section_items" color_code="" property="Select" options=""/><field name="Have you fainted recently?" link="" type="section_items_sub" group="section_items" color_code="" property="Select" options=""/><field name="Do you have difficulty breathing? " link="" type="section_items" group="section_items" color_code="" property="Select" options=""/><field name="Have you had severe headache or blurred vision? " link="" type="section_items" group="section_items" color_code="" property="Select" options=""/><field name="Have you had any offensive/discoloured vaginal discharge? " link="" type="section_items" group="section_items" color_code="" property="Select" options=""/><field name="Have you had pain elsewhere?  Do you have any other concerns?  " link="" type="section_items" group="section_items" color_code="" property="Select" options=""/><field name="Have you had any vomiting?  How often?" link="" type="section_items" group="section_items" color_code="" property="Select" options=""/><field name="Determine if client has had any epigastric pain" link="" type="section_items" group="section_items" color_code="" property="Select" options=""/><field name="Determine if client has had ruptured membranes. " link="" type="section_items" group="section_items" color_code="" property="Select" options=""/><field name="LOOK, LISTEN, FEEL" link="" type="header" group="section_header" color_code="" property="" options=""/><field name="Examine client, and looks for signs of: " link="" type="section_items" group="section_items" color_code="" property="Select" options=""/><field name="Edema of feet, hands, face, ankles " link="" type="section_items_sub" group="section_items" color_code="" property="Select" options=""/><field name="Bleeding " link="" type="section_items_sub" group="section_items" color_code="" property="Select" options=""/><field name="Jaundice " link="" type="section_items_sub" group="section_items" color_code="" property="Select" options=""/><field name="Signs of shock " link="" type="section_items_sub" group="section_items" color_code="" property="Select" options=""/><field name="Cold, moist skin " link="" type="section_items_sub_sub" group="section_items" color_code="" property="Select" options=""/><field name="Weak but fast pulse" link="" type="section_items_sub_sub" group="section_items" color_code="" property="Select" options=""/><field name="Systolic BP &#x2264; 90 mmHg" link="" type="section_items_sub_sub" group="section_items" color_code="" property="Select" options=""/><field name="Offensive vaginal discharge " link="" type="section_items_sub" group="section_items" color_code="" property="Select" options=""/><field name="CHECK" link="" type="header" group="section_header" color_code="" property="" options=""/><field name="Blood pressure (BP), if possible " link="" type="section_items" group="section_items" color_code="" property="Select" options=""/><field name="Temperature " link="" type="section_items" group="section_items" color_code="" property="Select" options=""/><field name="Pulse " link="" type="section_items" group="section_items" color_code="" property="Select" options=""/><field name="Next" color_code="Default" link="anc_management_of_danger_signs/management_of_danger_signs_two" type="button" group="actions" property="" options=""/></form></xmlgui>
