<?xml version="1.0"?>
<xmlgui>
	<form name="introducing_complementary_foods_at_6_months1" type_of_page="Info Page" page_title="Point of Care" page_subtitle="CWC Counselling: Introducing Complementary Foods At 6 Months&gt; Introducing Complementary Foods At 6 Months1" color_code="Select">
		<field name="Introducing Complementary Foods at 6 Months | Counseling" link="" type="header" group="section_header" color_code="" property="" options=""/>
		<field name="introducing_complementary_foods_at_6_months/32.png" link="" type="image" group="section_items" color_code="" property="" options=""/>
		<field name="Start at 6 months, your child needs other foods in addition to breastmilk" link="" type="section_items" group="section_items" color_code="" property="Select" options=""/>
		<field name="Continue breastfeeding your child on demand both day and night" link="" type="section_items" group="section_items" color_code="" property="Select" options=""/>
		<field name="Breastmilk continues to be the most important part of your child&#x2019;s diet " link="" type="section_items" group="section_items" color_code="" property="Select" options=""/>
		<field name="Breastfeed first before giving other foods " link="" type="section_items" group="section_items" color_code="" property="Select" options=""/>
		
		<field name="NEXT" color_code="Default" link="introducing_complementary_foods_at_6_months/introducing_complementary_foods_at_6_months_two" type="button" group="actions" property="" options=""/>
	</form>
</xmlgui>
