<?xml version="1.0"?>
<xmlgui><form name="birth_preparedness__complication_readiness" type_of_page="Info Page" page_title="Point of Care" page_subtitle="ANC Counselling: Birth preparedness &amp; complication readiness&gt; Birth preparedness &amp; complication readiness" color_code="Select"><field name="Help client on complication readiness plan, specifically on:" link="" type="header" group="section_header" color_code="" property="" options=""/><field name="Plan for transport, which family member(s) will accompany mother &amp; baby and where to go if complications occurs" link="" type="section_items" group="section_items" color_code="" property="Select" options=""/><field name="birth_preparedness__complication_readiness/9.png" link="" type="image" group="section_items" color_code="" property="" options=""/><field name="Register mother &amp; baby for health insurance or renew your NHIS. Save money for care and transport " link="" type="section_items" group="section_items" color_code="" property="Select" options=""/><field name="birth_preparedness__complication_readiness/10.png" link="" type="image" group="section_items" color_code="" property="" options=""/><field name="Go to the health facility as soon as danger signs occur " link="" type="section_items" group="section_items" color_code="" property="Select" options=""/><field name="birth_preparedness__complication_readiness/11.png" link="" type="image" group="section_items" color_code="" property="" options=""/><field name="" link="" type="section_items" group="section_items" color_code="" property="Select" options=""/><field name="" link="" type="section_items" group="section_items" color_code="" property="Select" options=""/><field name="" color_code="Default" link="" type="button" group="actions" property="" options=""/></form></xmlgui>
