<?xml version="1.0"?>
<xmlgui><form name="anc_tt_immunization_schedule_1" type_of_page="Info Page" page_title="Point of Care" page_subtitle="ANC Counselling: ANC TT Immunisation Schedule&gt; ANC TT Immunization Schedule 1" color_code="Select"><field name="For women who were NOT previously immunized" link="" type="header" group="section_header" color_code="" property="" options=""/><field name="TT1:  First ANC visit" link="" type="section_items" group="section_items" color_code="" property="Select" options=""/><field name="TT2:  At least 4 weeks after TT1" link="" type="section_items" group="section_items" color_code="" property="Select" options=""/><field name="TT3:  Six months after TT2" link="" type="section_items" group="section_items" color_code="" property="Select" options=""/><field name="TT4:  One year after TT3" link="" type="section_items" group="section_items" color_code="" property="Select" options=""/><field name="TT5:  At least one year after TT4" link="" type="section_items" group="section_items" color_code="" property="Select" options=""/><field name="For women who were previously immunized" link="" type="header" group="section_header" color_code="" property="" options=""/><field name="Immunised during infancy: 2 doses as above" link="" type="section_items" group="section_items" color_code="" property="Select" options=""/><field name="Immunised during childhood: 1 dose of TT/Td" link="" type="section_items" group="section_items" color_code="" property="Select" options=""/><field name="Immunised during school age: 1 dose of TT/Td" link="" type="section_items" group="section_items" color_code="" property="Select" options=""/><field name="Immunised during adolescence: None " link="" type="section_items" group="section_items" color_code="" property="Select" options=""/><field name="" color_code="Default" link="" type="button" group="actions" property="" options=""/></form></xmlgui>
