<?xml version="1.0"?>
<xmlgui><form name="sti_prevention_1" type_of_page="Info Page" page_title="Point of Care" page_subtitle="ANC Counselling: STI prevention&gt; STI Prevention 1" color_code="Select"><field name="Explain effects of sexually transmitted infections (STIs) and HIV/AIDS, specifically on:" link="" type="header" group="section_header" color_code="" property="" options=""/><field name="" link="" type="section_items" group="section_items" color_code="" property="Select" options=""/><field name="sti_prevention/58.png" link="" type="image" group="section_items" color_code="" property="" options=""/><field name="Factors affecting mother-to-child transmission of HIV" link="" type="section_items" group="section_items" color_code="" property="Select" options=""/><field name="How to prevent of STIs, including HIV" link="" type="section_items" group="section_items" color_code="" property="Select" options=""/><field name="" color_code="Default" link="" type="button" group="actions" property="" options=""/></form></xmlgui>
