<?xml version="1.0"?>
<xmlgui>
	<form name="mastoiditis_two" type_of_page="Info Page" page_title="Point of Care" page_subtitle="CWC Diagnostic: Ear Problems&gt;  Mastoiditis Two" color_code="Red">
		<field name="" link="" type="header" group="section_header" color_code="" property="" options=""/>
		<field name="Complete assessment and administer all appropriate pre-referral treatment " link="" type="section_items" group="section_items" color_code="" property="Select" options=""/>
		<field name="What to do while waiting for transport to arrive:" link="" type="header" group="section_header" color_code="" property="Select" options=""/>
		<field name="Advise mother/caregiver not to carry the child on her back " link="" type="section_items_sub" group="section_items" color_code="" property="Select" options=""/>
		<field name="Teach mother/caregiver how to keep the child warm on the way to the health facility " link="keeping_child_warm_on_the_way_to_the_hospital/keeping_child_warm_on_the_way_to_the_hospital1" type="section_items_sub" group="section_items" color_code="" property="Select" options=""/>
		<field name="If child still breastfeeds, observe mother breastfeeding and provide counseling on breast attachment and positioning, if necessary " link="feeding_a_healthy_child/breastfeeding_attachment_and_position" type="section_items_sub" group="section_items" color_code="" property="Select" options=""/>
		<field name="Counsel mother/caregiver on feeding a sick child " link="feeding_a_healthy_child/feeding_a_healthy_child1" type="section_items_sub" group="section_items" color_code="" property="Select" options=""/>
		<field name="Fill out referral form. Record clinical care in Child Health Record &#x201C;green&#x201D; book " link="" type="section_items" group="section_items" color_code="" property="Select" options=""/>
		<field name="Accompany mother and child to the health facility" link="" type="section_items" group="section_items" color_code="" property="Select" options=""/>
		<field name="Follow up with client after discharge from health center or hospital" link="" type="section_items" group="section_items" color_code="" property="Select" options=""/>
	</form>
</xmlgui>
