<?xml version="1.0"?>
<xmlgui><form name="anaemia_1" type_of_page="Info Page" page_title="Point of Care" page_subtitle="ANC Diagnostic: ANC Anaemia&gt; Anaemia 1" color_code="Select"><field name="ASK" link="" type="header" group="section_header" color_code="" property="" options=""/><field name="" link="" type="section_items" group="section_items" color_code="" property="Select" options=""/><field name="anc_anaemia/6.png" link="" type="image" group="section_items" color_code="" property="" options=""/><field name="Do you get easily tired? " link="" type="section_items" group="section_items" color_code="" property="Select" options=""/><field name="CHECK, LOOK" link="" type="header" group="section_header" color_code="" property="" options=""/><field name="Check client&#x2019;s hemoglobin, if possible" link="" type="section_items" group="section_items" color_code="" property="Select" options=""/><field name="Look at conjunctiva, nail bed, tongue, palmar " link="" type="section_items" group="section_items" color_code="" property="Select" options=""/><field name="Assess if the client has pallor " link="" type="section_items" group="section_items" color_code="" property="Select" options=""/><field name="Hb &lt; 7 g/dL " link="" type="section_items_sub" group="section_items" color_code="" property="Select" options=""/><field name="Does the mother have anaemia? " link="" type="section_items" group="section_items" color_code="" property="Select" options=""/><field name="Hb 7-11 g/dL" link="" type="section_items_sub" group="section_items" color_code="" property="Select" options=""/><field name="" link="" type="section_items" group="section_items" color_code="" property="Select" options=""/><field name="Next" color_code="Default" link="anc_anaemia/anaemia_two" type="button" group="actions" property="" options=""/></form></xmlgui>
