<?xml version="1.0"?>
<xmlgui>
	<form name="assessement_of_child2" type_of_page="Info Page" page_title="Point of Care" page_subtitle="CWC Diagnostic: Assesment of the Child: Main Symptoms2" color_code="Select">
		<field name="Ask" link="" type="header" group="section_header" color_code="" options=""/>
		<field name="For how long [days]? " link="" type="section_items" group="section_items" color_code="" options=""/>
		<field name="Look, Listen, Feel" link="" type="header" group="section_header" color_code="" options=""/>
		<field name="Count the breaths in one [1] minute:" link="" type="section_items" group="section_items" color_code="" options=""/>
		<field name="Fast breathing [2months up to 1year] ≥ 50 bpm. " link="" type="section_items" group="section_items" color_code="" options=""/>
		<field name="Fast breathing [1year up to 5years] ≥ 40 bpm" link="" type="section_items" group="section_items" color_code="" options=""/>
		<field name="Look for chest indrawing" link="" type="section_items" group="section_items" color_code="" options=""/>
		<field name="Look and listen for stridor. NB: Child must be calm" link="" type="section_items" group="section_items" color_code="" options=""/>
		<field name="Proceed to care" color_code="Default" link="child_assessment_cough_difficult_breathing/assessement_of_child3" type="button" group="actions" options=""/>
</form>
	</xmlgui>
