<?xml version="1.0"?>
<xmlgui>
	<form name="cough_or_cold" type_of_page="Take Action Page" page_title="Point of Care" page_subtitle="CWC Diagnostic: Assesment of the Child: Main Symptoms&gt; Cough or Cold" color_code="Green">
		<field name="No signs of Pneumonia| No sign of very severe disease&#13;&#10;" link="" type="text" group="definition" color_code="" options=""/>
		<field name="Take Action: Cough or Cold" link="" type="first_section_head" group="first_actions" color_code="" options=""/>
		<field name="child_assessment_cough_difficult_breathing/when_to_return_cough_cold.JPG" link="" type="image" group="first_actions" color_code="" options=""/>
		<field name="Welcome mother and allay fears" link="" type="first_actions" group="first_actions" color_code="" options=""/>
		<field name="Advise mother to soothe the throat and relieve the cough with a safe remedy " link="" type="first_actions" group="first_actions" color_code="" options=""/>
		<field name="NB: IF coughing for more than 2 weeks, REFER to a health center or hospital for further assessment" link="" type="first_actions" group="first_actions" color_code="" options=""/>
		<field name="Advise the mother on when to return immediately per table below:" link="" type="first_actions" group="first_actions" color_code="" options=""/>
		<field name="Advise mother to return for a follow up care in 5 days if not improving" link="" type="first_actions" group="first_actions" color_code="" options=""/>
		<field name="Patient Education: " link="" type="transport_section_head" group="transport_actions" color_code="" options=""/>
		<field name="Teach mother to give oral drug at home" link="" type="transport_actions" group="transport_actions" color_code="" options=""/>
		<field name="Observe mother breastfeeding and counsel her on positioning and attachment if necessary" link="" type="transport_actions" group="transport_actions" color_code="" options=""/>
		<field name="Counsel mother on feeding a sick child " link="" type="transport_actions" group="transport_actions" color_code="" options=""/>
		<field name="Emphasize when to return for care and complete documentation " link="" type="second_actions" group="second_actions" color_code="" options=""/>
		<field name="Proceed to assess and care for other conditions" link="child_assessment_diarrhoea/diarrhoea1" type="second_actions" group="second_actions" color_code="" options=""/>
	</form>
	</xmlgui>
