<?xml version="1.0"?>
<xmlgui>
	<form name="sever_pneumonia_severe_disease" type_of_page="Take Action Page" page_title="Point of Care" page_subtitle="CWC Diagnostic: Assesment of the Child: Main Symptoms&gt; Severe Pneumonia or very Severe Disease" color_code="Red">
	<field name="Any general Danger Sign  OR|Chest indrawing  OR|Stridor in calm child &#13;&#10;" link="" type="text" group="definition" color_code="" options=""/>
	<field name="Take Action: Severe Pneumonia or very Severe Disease" link="" type="first_section_head" group="first_actions" color_code="" options=""/>
	<field name="child_assessment_cough_difficult_breathing/amoxycillin_dosage.JPG" link="" type="image" group="first_actions" color_code="" options=""/>
	<field name="Counsel mother on pre-referral treatment and Referral and Refer urgently" link="" type="first_actions" group="first_actions" color_code="" options=""/>
	<field name="Administer appropriate pre-referral treatment and document." link="" type="first_actions" group="first_actions" color_code="" options=""/>
	<field name="Administer FIRST dose of oral antibiotic below after complete assessment has been done and document" link="" type="first_actions" group="first_actions" color_code="" options=""/>
	<field name="Treat the child to prevent low blood sugar" link="" type="first_actions" group="first_actions" color_code="" options=""/>
	<field name="Call health provider taking up care and arrange transport " link="" type="first_actions" group="first_actions" color_code="" options=""/>
	<field name="Fill out Referral Form &amp; Refer the child to a health center or hospital IMMEDIATELY" link="" type="first_actions" group="first_actions" color_code="" options=""/>
	<field name="While waiting for transport: " link="" type="transport_section_head" group="transport_actions" color_code="" options=""/>
	<field name="Advise mother to not put the child on her back " link="" type="transport_actions" group="transport_actions" color_code="" options=""/>
	<field name="Teach mother how to keep the child warm on the way to the health facility " link="" type="transport_actions" group="transport_actions" color_code="" options=""/>
	<field name="Observe mother breastfeeding and counsel her on positioning and attachment if necessary." link="" type="transport_actions" group="transport_actions" color_code="" options=""/>
	<field name="Counsel mother on feeding a sick child " link="" type="transport_actions" group="transport_actions" color_code="" options=""/>
	<field name="Accompany mother and child to the health facility" link="" type="second_actions" group="second_actions" color_code="" options=""/>
	<field name="Follow up with client after discharge from health center or hospital" link="" type="second_actions" group="second_actions" color_code="" options=""/>
	
</form>
</xmlgui>
