<?xml version="1.0"?>
<xmlgui>
	<form name="_malaria_prevention1" type_of_page="Info Page" page_title="Point of Care" page_subtitle="CWC Counselling: Malaria Prevention &gt; Malaria Prevention1" color_code="Select">
		<field name="Malaria Prevention | Counseling" link="" type="header" group="section_header" color_code="" property="" options=""/>
		<field name="Counsel mother on malaria prevention and seeking care when symptoms arise  " link="" type="header" group="section_header" color_code="" property="Select" options=""/>
		<field name="malaria_prevention_/73.png" link="" type="image" group="section_items" color_code="" property="" options=""/>
		<field name="Keep your home environment clean " link="" type="section_items" group="section_items" color_code="" property="Select" options=""/>
		<field name="Sleep under an insecticide treated net every night with her child" link="" type="section_items" group="section_items" color_code="" property="Select" options=""/>
		<field name="Seek immediate treatment when the child has a fever or any of the following signs: " link="" type="section_items" group="section_items" color_code="" property="Select" options=""/>
		<field name="Child is unable to drink or breastfeed" link="" type="section_items_sub" group="section_items" color_code="" property="Select" options=""/>
		<field name="Child is vomiting everything he/she drinks or eats" link="" type="section_items_sub" group="section_items" color_code="" property="Select" options=""/>
		<field name="Child has history of convulsions, AND/OR" link="" type="section_items_sub" group="section_items" color_code="" property="Select" options=""/>
		<field name="Child is lethargic, unconscious, or convulsing" link="" type="section_items_sub" group="section_items" color_code="" property="Select" options=""/>
		
	</form>
</xmlgui>
