<?xml version="1.0"?>
<xmlgui><form name="family_planning_intro_two" type_of_page="Info Page" page_title="Point of Care" page_subtitle="CWC Counselling: Family Planning Intro&gt; Family Planning Intro Two" color_code="Select"><field name="" link="" type="header" group="section_header" color_code="" options=""/><field name="By exclusively breastfeeding you baby for the first 6 months you can prevent pregnancy ONLY if: " link="" type="section_items" group="section_items" color_code="" options=""/><field name="You feed the baby only breast milk " link="" type="section_items_sub" group="section_items" color_code="" options=""/><field name="Your menstrual period has not returned " link="" type="section_items_sub" group="section_items" color_code="" options=""/><field name="Your baby is &lt; 6 months old " link="" type="section_items_sub" group="section_items" color_code="" options=""/><field name="This family planning method is called Lactational Amenorrhea Method (LAM)" link="" type="section_items" group="section_items" color_code="" options=""/><field name="If any of these 3 conditions change, then you are no longer protected from becoming pregnant again " link="" type="section_items" group="section_items" color_code="" options=""/><field name="It is important to get advice from the nearest clinic about what modern family planning methods are available, as well as when and how to use them " link="" type="section_items" group="section_items" color_code="" options=""/><field name="" color_code="Default" link="" type="button" group="actions" options=""/></form></xmlgui>
