<?xml version="1.0"?>
<xmlgui><form name="treating_local_infections_at_home_two" type_of_page="Info Page" page_title="Point of Care" page_subtitle="PNC Counselling: Treating Local Infections at Home&gt; Treating Local Infections at Home TWO" color_code="Select"><field name="Treating Thrush  " link="" type="header" group="section_header" color_code="" property="" options=""/><field name="Advise mother to do following home treatment four times daily for 7 days" link="" type="section_items" group="section_items" color_code="" property="Select" options=""/><field name="Wash hands with soap under running water" link="" type="section_items_sub" group="section_items" color_code="" property="Select" options=""/><field name="Paint mouth with half strength gentian violet (0.25%) using a clean soft cloth or gauze wrapped around your finger" link="" type="section_items" group="section_items" color_code="" property="Select" options=""/><field name="Wash hands again with soap under running water" link="" type="section_items" group="section_items" color_code="" property="Select" options=""/><field name="&#9;Return to the clinic in 2 days if baby has not improved " link="" type="section_items" group="section_items" color_code="" property="Select" options=""/><field name="" color_code="Default" link="" type="button" group="actions" property="" options=""/></form></xmlgui>
