<?xml version="1.0"?>
<xmlgui><form name="breastfeeds_less_than_8_times_in_24_hours" type_of_page="Info Page" page_title="Point of Care" page_subtitle="PNC Diagnostic Newborn: Feeding Problems, Low Weight for Age&gt; Breastfeeds less than 8 Times in 24 Hours " color_code="Amber"><field name="Breastfeeds &lt; 8 Times in 24 Hours | Take Action " link="" type="header" group="section_header" color_code="" property="" options=""/><field name="Advise mother to increase frequency of feeding " link="infant_feeding/importance_of_exclusive_breastfeeding" type="section_items" group="section_items" color_code="" property="Select" options=""/><field name="Advise mother to breastfeed as often and as long as the baby wants, day &amp; night " link="infant_feeding/how_often_to_breastfeed" type="section_items" group="section_items" color_code="" property="Select" options=""/><field name="Advise mother to give home care for baby " link="home_care_for_the_infant/home_care_for_the_infant_1" type="section_items" group="section_items" color_code="" property="Select" options=""/><field name="Follow up with mother and her baby in 2 days " link="" type="section_items" group="section_items" color_code="" property="Select" options=""/><field name="" color_code="Default" link="" type="button" group="actions" property="" options=""/></form></xmlgui>
