<?xml version="1.0"?>
<xmlgui><form name="feeding_problems_low_weight_for_age_1" type_of_page="Info Page" page_title="Point of Care" page_subtitle="PNC Diagnostic Newborn: Feeding Problems, Low Weight for Age&gt; Feeding Problems, Low Weight for Age 1" color_code="Select"><field name="" link="" type="header" group="section_header" color_code="" property="" options=""/><field name="" link="" type="section_items" group="section_items" color_code="" property="Select" options=""/><field name="feeding_problems_low_weight_for_age/35.png" link="" type="image" group="section_items" color_code="" property="" options=""/><field name="Ask" link="" type="header" group="section_header" color_code="" property="" options=""/><field name="Is the baby breastfed? " link="" type="section_items" group="section_items" color_code="" property="Select" options=""/><field name="If yes: how many times in last 24 hours?" link="" type="section_items" group="section_items" color_code="" property="Select" options=""/><field name="Does the baby usually receive any other foods or drinks? " link="" type="section_items" group="section_items" color_code="" property="Select" options=""/><field name="If yes: how often? " link="" type="section_items" group="section_items" color_code="" property="Select" options=""/><field name="If yes: what do you use to feed the baby? " link="" type="section_items" group="section_items" color_code="" property="Select" options=""/><field name="Look, Listen, Feel" link="" type="header" group="section_header" color_code="" property="" options=""/><field name="Determine Weight for Age " link="" type="section_items" group="section_items" color_code="" property="Select" options=""/><field name="Look for ulcers or white patches in the mouth (thrush)  " link="" type="section_items" group="section_items" color_code="" property="Select" options=""/><field name="Next" color_code="Default" link="feeding_problems_low_weight_for_age/feeding_problems_low_weight_for_age_two" type="button" group="actions" property="" options=""/></form></xmlgui>
