<?xml version="1.0"?>
<xmlgui><form name="feeding_problems_low_weight_for_age_two" type_of_page="Info Page" page_title="Point of Care" page_subtitle="PNC Diagnostic Newborn: Feeding Problems, Low Weight for Age&gt; Feeding Problems, Low Weight for Age TWO" color_code="Select"><field name="If baby has no indications for urgent hospital referral, then do the following: " link="" type="header" group="section_header" color_code="" property="" options=""/><field name="" link="" type="section_items" group="section_items" color_code="" property="Select" options=""/><field name="ASK TO ASSESS BREASTFEEDING" link="" type="header" group="section_header" color_code="" property="" options=""/><field name="Has the infant been breastfed in the last hour? " link="" type="section_items" group="section_items" color_code="" property="Select" options=""/><field name="If no: ask mother to put her baby to the breast. Observe breastfeeding for 4 min" link="" type="section_items_sub" group="section_items" color_code="" property="Select" options=""/><field name="If yes: ask the mother if she can wait and tell you when the infant is willing is feed again" link="" type="section_items_sub" group="section_items" color_code="" property="Select" options=""/><field name="Next" color_code="Default" link="feeding_problems_low_weight_for_age/feeding_problems_low_weight_for_age_three" type="button" group="actions" property="" options=""/></form></xmlgui>
