<?xml version="1.0"?>
<xmlgui><form name="feeding_problems_low_weight_for_age_three" type_of_page="Info Page" page_title="Point of Care" page_subtitle="PNC Diagnostic Newborn: Feeding Problems, Low Weight for Age&gt; Feeding Problems, Low Weight for Age THREE" color_code="Select"><field name="CHECK ATTACHMENT TO THE BREAST &amp; SUCKLING " link="" type="header" group="section_header" color_code="" property="" options=""/><field name="Is the baby well attached? " link="" type="section_items" group="section_items" color_code="" property="Select" options=""/><field name="Look for: " link="" type="section_items" group="section_items" color_code="" property="Select" options=""/><field name="Chin touching breast " link="" type="section_items_sub" group="section_items" color_code="" property="Select" options=""/><field name="Mouth wide open" link="" type="section_items_sub" group="section_items" color_code="" property="Select" options=""/><field name="Lower lip turned outwards " link="" type="section_items_sub" group="section_items" color_code="" property="Select" options=""/><field name="More areola visible above than below the mouth" link="" type="section_items_sub" group="section_items" color_code="" property="Select" options=""/><field name="[All of these signs should be present if attachment is good]" link="" type="section_items" group="section_items" color_code="" property="Select" options=""/><field name="Is the baby suckling effectively?  " link="" type="section_items" group="section_items" color_code="" property="Select" options=""/><field name="Look for:" link="" type="section_items" group="section_items" color_code="" property="Select" options=""/><field name="Slow deep sucks" link="" type="section_items_sub" group="section_items" color_code="" property="Select" options=""/><field name="Sometimes pausing " link="" type="section_items_sub" group="section_items" color_code="" property="Select" options=""/><field name="[Clear a blocked nose if it interferes with breastfeeding]" link="" type="section_items" group="section_items" color_code="" property="Select" options=""/><field name="Next" color_code="Default" link="feeding_problems_low_weight_for_age/feeding_problems_low_weight_for_age_four" type="button" group="actions" property="" options=""/></form></xmlgui>
