<?xml version="1.0"?>
<xmlgui><form name="feeding_problems_low_weight_for_age_four" type_of_page="Take Action Classification Page" page_title="Point of Care" page_subtitle="PNC Diagnostic Newborn: Feeding Problems, Low Weight for Age&gt; Feeding Problems, Low Weight for Age FOUR" color_code="Select"><field name="Does the baby any of the following problems? " link="" type="question" group="questions" color_code="" property="" options=""/><field name="Not well attached to the breast  or not suckling effectively" link="feeding_problems_low_weight_for_age/not_well_attached_to_breast_or_suckling_effectively" type="answers" group="answers" color_code="" property="" options="Click here to take action"/><field name="Breastfeeds &lt; 8 times in 24 hours " link="feeding_problems_low_weight_for_age/breastfeeds_less_than_8_times_in_24_hours" type="answers" group="answers" color_code="" property="" options="Click here to take action"/><field name="Receive other foods or drinks  " link="feeding_problems_low_weight_for_age/receive_other_foods_or_drinks" type="answers" group="answers" color_code="" property="" options="Click here to take action"/><field name="Not breastfeeding at all " link="feeding_problems_low_weight_for_age/not_breastfeeding_at_all" type="answers" group="answers" color_code="" property="" options="Click here to take action"/><field name="Low weight for age " link="feeding_problems_low_weight_for_age/low_weight_for_age" type="answers" group="answers" color_code="" property="" options="Click here to take action"/><field name="Thrush " link="feeding_problems_low_weight_for_age/thrush" type="answers" group="answers" color_code="" property="" options="Ulcers or white patch in mouth | Click here to take action"/><field name="No feeding problems or low weight for age" link="feeding_problems_low_weight_for_age/no_feeding_problems_or_low_weight_for_age" type="answers" group="answers" color_code="" property="" options=""/><field name="" color_code="Default" property="" link="" type="button" group="actions" options=""/></form></xmlgui>
