<?xml version="1.0"?>
<xmlgui><form name="low_weight_for_age" type_of_page="Info Page" page_title="Point of Care" page_subtitle="PNC Diagnostic Newborn: Feeding Problems, Low Weight for Age&gt; Low Weight for Age " color_code="Select"><field name="Low Weight for Age | Take Action " link="" type="header" group="section_header" color_code="" property="" options=""/><field name="" link="" type="section_items" group="section_items" color_code="" property="Select" options=""/><field name="feeding_problems_low_weight_for_age/43.png" link="" type="image" group="section_items" color_code="" property="" options=""/><field name="Advise mother how to feed " link="infant_feeding/breastfeeding_a_low_birth_weight_baby" type="section_items" group="section_items" color_code="" property="Select" options=""/><field name="Teach mother how to express breast milk and feed using a cup " link="infant_feeding/when_you_are_separated_from_your_baby" type="section_items" group="section_items" color_code="" property="Select" options=""/><field name="Teach mother to keep low weight baby warm at home " link="keeping_infant_warm__breastfeeding_on_the_way_to_the_hospital/keeping_infant_warm__breastfeeding_on_the_way_to_the_hospital_1" type="section_items" group="section_items" color_code="" property="Select" options=""/><field name="Advise mother to give home care for baby " link="home_care_for_the_infant/home_care_for_the_infant_1" type="section_items" group="section_items" color_code="" property="Select" options=""/><field name="Follow up with mother and her baby in 14 days" link="" type="section_items" group="section_items" color_code="" property="Select" options=""/><field name="" color_code="Default" link="" type="button" group="actions" property="" options=""/></form></xmlgui>
