<?xml version="1.0"?>
<xmlgui><form name="not_well_attached_to_breast_or_suckling_effectively" type_of_page="Info Page" page_title="Point of Care" page_subtitle="PNC Diagnostic Newborn: Feeding Problems, Low Weight for Age&gt; Not Well Attached to Breast or Suckling Effectively " color_code="Amber"><field name="Not Well Attached to Breast or Suckling Effectively | Take Action " link="" type="header" group="section_header" color_code="" property="" options=""/><field name="" link="" type="section_items" group="section_items" color_code="" property="Select" options=""/><field name="feeding_problems_low_weight_for_age/7.png" link="" type="image" group="section_items" color_code="" property="" options=""/><field name="Teach mother correct positioning and attachment " link="infant_feeding/breast_attachment" type="section_items" group="section_items" color_code="" property="Select" options=""/><field name="If baby is not able to attach well immediately, teach mother to express breast milk and feed by cup " link="infant_feeding/how_to_express_breast_milk" type="section_items" group="section_items" color_code="" property="Select" options=""/><field name="Advise mother to give home care for baby " link="home_care_for_the_infant/home_care_for_the_infant_1" type="section_items" group="section_items" color_code="" property="Select" options=""/><field name="Follow up with mother and her baby in 2 days " link="" type="section_items" group="section_items" color_code="" property="Select" options=""/><field name="" color_code="Default" link="" type="button" group="actions" property="" options=""/></form></xmlgui>
