<?xml version="1.0"?>
<xmlgui><form name="not_breastfeeding_at_all" type_of_page="Info Page" page_title="Point of Care" page_subtitle="PNC Diagnostic Newborn: Feeding Problems, Low Weight for Age&gt; Not Breastfeeding At All " color_code="Select"><field name="Not Breastfeeding At All | Take Action " link="" type="header" group="section_header" color_code="" property="" options=""/><field name="" link="" type="section_items" group="section_items" color_code="" property="Select" options=""/><field name="feeding_problems_low_weight_for_age/35.png" link="" type="image" group="section_items" color_code="" property="" options=""/><field name="Provide breastfeeding counseling &amp; establish relactation" link="" type="section_items" group="section_items" color_code="" property="Select" options=""/><field name="Advise mother about correctly preparing breast milk substitutes " link="" type="section_items" group="section_items" color_code="" property="Select" options=""/><field name="Teach mother how to feed using a cup " link="infant_feeding/when_you_are_separated_from_your_baby" type="section_items" group="section_items" color_code="" property="Select" options=""/><field name="Advise mother to give home care for baby " link="home_care_for_the_infant/home_care_for_the_infant_1" type="section_items" group="section_items" color_code="" property="Select" options=""/><field name="Refer to health center, if none of this works. " link="" type="section_items" group="section_items" color_code="" property="Select" options=""/><field name="Follow up with mother and her baby in 2 days " link="" type="section_items" group="section_items" color_code="" property="Select" options=""/><field name="" color_code="Default" link="" type="button" group="actions" property="" options=""/></form></xmlgui>
