<?xml version="1.0"?>
<xmlgui>
	<form name="fever_but_no_malaria" type_of_page="Take Action Page" page_title="Point of Care" page_subtitle="CWC Diagnostic: Assesment of the Child: Main Symptoms: Fever&gt; Fever but No Malaria" color_code="Green">
		<field name="Test negative and Cause of fever identified OR | Test negative and cause of   fever not identified &#13;&#10;" link="" type="definition" group="definition" color_code="" options=""/>
		<field name="Take Action: Fever but No Malaria" link="" type="first_section_head" group="first_actions" color_code="" options=""/>
		<field name="Complete assessment for other possible causes of fever;" link="" type="first_actions" group="first_actions" color_code="" options=""/>
		<field name="Treat other causes of fever with appropriate drugs or refer." link="" type="first_actions" group="first_actions" color_code="" options=""/>
		<field name="Treat other causes of fever with appropriate drugs or refer." link="" type="first_actions" group="first_actions" color_code="" options=""/>
		<field name="Look for local tenderness" link="" type="first_actions_sub" group="first_actions" color_code="" options=""/>
		<field name="Refusal to use a limb" link="" type="first_actions_sub" group="first_actions" color_code="" options=""/><field name="Hot tender swelling" link="" type="first_actions_sub" group="first_actions" color_code="" options=""/>
		<field name="Red tender skin or boils" link="" type="first_actions_sub" group="first_actions" color_code="" options=""/>
		<field name="Lower abdominal pain" link="" type="first_actions_sub" group="first_actions" color_code="" options=""/>
		<field name="Pain on passing urine" link="" type="first_actions_sub" group="first_actions" color_code="" options=""/><field name="Give one dose of paracetamol per table below: " link="" type="first_actions" group="first_actions" color_code="" options=""/>
		<field name="child_assessment_diarrhoea_fever/paracetamol.JPG" link="" type="image" group="first_actions" color_code="" options=""/>
		<field name="Advise mother on when to return for care immediately per table below:" link="" type="first_actions" group="first_actions" color_code="" options=""/>
		<field name="child_assessment_diarrhoea_fever/when_to_return_diarrhoea.JPG" link="" type="image" group="first_actions" color_code="" options=""/>
		<field name="Advise mother for follow-up in 2 days if fever persists." link="" type="first_actions" group="first_actions" color_code="" options=""/>
		<field name="If FEVER has been present every day for more than 7 days, refer for further assessment." link="" type="first_actions" group="first_actions" color_code="" options=""/>
		<field name="Administer all appropriate treatments after completing assessment, teach mother to administer treatment at home and document." link="" type="first_actions" group="first_actions" color_code="" options=""/>
		<field name="Counsel mother on feeding a sick child " link="feeding/feeding_a_sick_child" type="first_actions" group="first_actions" color_code="" options=""/>
		<field name="Give advise on malaria prevention and use of ITN " link="home_care_for_the_child/malaria_prevention" type="first_actions" group="first_actions" color_code="" options=""/>
		<field name="" link="" type="transport_actions" group="transport_actions" color_code="" options=""/>
		<field name="" link="" type="second_actions" group="second_actions" color_code="" options=""/><field name="" color_code="Default" link="" type="button" group="actions" options=""/><field name="" color_code="Default" link="" type="button" group="actions" options=""/></form></xmlgui>
