<?xml version="1.0"?>
<xmlgui>
	<form name="fever2" type_of_page="Info Page" page_title="Point of Care" page_subtitle="CWC Diagnostic: Assesment of the Child: Main Symptoms: Fever2" color_code="Select">
		<field name="ASK" link="" type="header" group="section_header" color_code="" options=""/>
		<field name="For how long? " link="" type="section_items" group="section_items" color_code="" options=""/>
		<field name="Is the patient passing dark or cola colored urine?" link="" type="section_items" group="section_items" color_code="" options=""/>
		<field name="Ask for signs of SEVERE MALARIA" link="" type="header" group="section_header" color_code="" options=""/>
		<field name="Is the patient passing little or no urine?" link="" type="section_items" group="section_items" color_code="" options=""/>
		<field name="Is the patient passing dark or cola colored urine?" link="" type="section_items" group="section_items" color_code="" options=""/>
		<field name="Is the child having abnormal bleeding (from the mouth, the nose or the skin)?
" link="" type="section_items" group="section_items" color_code="" options=""/>
		<field name="Has the child had measles within the last 3 months ?" link="" type="section_items" group="section_items" color_code="" options=""/>
		<field name="LOOK AND FEEL " link="" type="header" group="section_header" color_code="" options=""/>
		<field name="Look and feel for stiff neck" link="" type="section_items" group="section_items" color_code="" options=""/>
		<field name="Look for signs of SEVERE MALARIA:" link="" type="section_items" group="section_items" color_code="" options=""/>
		<field name="Lethargy or unconsciousness" link="" type="section_items_sub" group="section_items" color_code="" options=""/>
		<field name="Convulsion" link="" type="section_items_sub" group="section_items" color_code="" options=""/>
		<field name="Severe pallor (severe anemia)" link="" type="section_items_sub" group="section_items" color_code="" options=""/>
		<field name="Generalized weakness (unable to sit or stand) In a child who previously could sit or stand" link="" type="section_items_sub" group="section_items" color_code="" options=""/>
		<field name="Difficulty in breathing (deep/labored breathing)" link="" type="section_items_sub" group="section_items" color_code="" options=""/>
		<field name="Weak, rapid pulse, cold extremities" link="" type="section_items_sub" group="section_items" color_code="" options=""/>
		<field name="(shock)" link="" type="section_items_sub" group="section_items" color_code="" options=""/>
		<field name="Dark or cola colored urine" link="" type="section_items_sub" group="section_items" color_code="" options=""/>
		<field name="Jaundice (yellow eyes)" link="" type="section_items_sub" group="section_items" color_code="" options=""/>
		<field name="Abnormal bleeding" link="" type="section_items" group="section_items" color_code="" options=""/>
		<field name="Look for signs of MEASLES" link="" type="section_items" group="section_items" color_code="" options=""/>
		<field name="Generalized rash and" link="" type="section_items_sub" group="section_items" color_code="" options=""/>
		<field name="One of these: Cough, Runny nose or Red eye" link="" type="section_items_sub" group="section_items" color_code="" options=""/>
		<field name="If the child has measles now or within the last 3 months:" link="" type="section_items" group="section_items" color_code="" options=""/>
		<field name="Look for mouth ulcers: Are they deep and extensive? " link="" type="section_items_sub" group="section_items" color_code="" options=""/>
		<field name="Look for pus draining from the eye " link="" type="section_items_sub" group="section_items" color_code="" options=""/>
		<field name="Look for clouding of the cornea" link="" type="section_items_sub" group="section_items" color_code="" options=""/>
		<field name="Next" color_code="Default" link="child_assessment_diarrhoea_fever/perform_malaria_test" type="button" group="actions" options=""/>
</form>
	</xmlgui>
