<?xml version="1.0"?>
<xmlgui>
	<form name="measles_with_complications" type_of_page="Take Action Page" page_title="Point of Care" page_subtitle="CWC Diagnostic: Assesment of the Child: Main Symptoms: Fever&gt; Measles with Eyes or Mouth Complications" color_code="Amber">
		<field name="Pus draining from the eye  OR | Mouth ulcers&#13;&#10;" link="" type="definition" group="definition" color_code="" options=""/>
		<field name="Take Action: Measles with Eyes or Mouth Complications" link="" type="first_section_head" group="first_actions" color_code="" options=""/>
		<field name="Give First dose of Vitamin A  per table below:" link="" type="first_actions" group="first_actions" color_code="" options=""/><field name="child_assessment_diarrhoea_fever/severe_complicated_measles.JPG" link="" type="image" group="first_actions" color_code="" options=""/>
		<field name="Counsel and give Second dose of Vitamin A  to caregiver/mother to be given the next day" link="" type="first_actions" group="first_actions" color_code="" options=""/>
		<field name="If patient has pus draining from the eye, treat eye infection with first dose of  1% tetracycline eye ointment or 0.5% Chloramphenicol eye ointment: " link="" type="first_actions" group="first_actions" color_code="" options=""/>
		<field name="Teach caregiver/mother how to administer these eye ointments at home " link="" type="first_actions" group="first_actions" color_code="" options=""/>
		<field name="If mouth ulcers persist, treat with gentian violet; teach mother not to allow child to drink or swallow gentian violet." link="" type="first_actions" group="first_actions" color_code="" options=""/>
		<field name="Treat any skin irritation with calamine lotion by applying to the affected areas" link="" type="first_actions" group="first_actions" color_code="" options=""/>
		<field name="Give one dose of paracetamol per table below for fever and counsel mother to continue: " link="" type="first_actions" group="first_actions" color_code="" options=""/>
		<field name="child_assessment_diarrhoea_fever/paracetamol.JPG" link="" type="image" group="first_actions" color_code="" options=""/>
		<field name="Counsel mother on feeding a sick child" link="feeding/feeding_a_sick_child" type="first_actions" group="first_actions" color_code="" options=""/>
		<field name="Advice mother to return for care in 2 days" link="" type="first_actions" group="first_actions" color_code="" options=""/>
		
		<field name="" link="" type="transport_actions" group="transport_actions" color_code="" options=""/>
		<field name="" link="" type="second_actions" group="second_actions" color_code="" options=""/>
		<field name="" color_code="Default" link="" type="button" group="actions" options=""/>
		<field name="" color_code="Default" link="" type="button" group="actions" options=""/>

	</form>
</xmlgui>
