<?xml version="1.0"?>
<xmlgui>
	<form name="severe_febrile_disease_including_malaria" type_of_page="Take Action Page" page_title="Point of Care" page_subtitle="CWC Diagnostic: Assesment of the Child: Main Symptoms: Fever&gt; Severe Febrile Disease Including Malaria" color_code="Red">
		<field name="Any General Danger sign  OR | Stiff Neck  OR | Any sign of SEVERE MALARIA?&#13;&#10;" link="" type="definition" group="definition" color_code="" options=""/>
		<field name="Take Action: Severe Febrile Disease Including Malaria" link="" type="first_section_head" group="first_actions" color_code="" options=""/>
		<field name="Counsel mother on pre-referral treatment and Referral" link="" type="first_actions" group="first_actions" color_code="" options=""/>
		<field name="Give malaria pre-referral treatment: IM Quinine or Rectal or IM  Artesunate" link="" type="first_actions" group="first_actions" color_code="" options=""/>
		<field name="Give diazepam if convulsing" link="feeding/breastfeeding" type="first_actions" group="first_actions" color_code="" options=""/>
		<field name="Give first dose of IM Chloramphenicol" link="feeding/feeding_a_sick_child" type="first_actions" group="first_actions" color_code="" options=""/>
		<field name="Treat the child to prevent low blood sugar" link="" type="first_actions" group="first_actions" color_code="" options=""/>
		<field name="Give one dose of paracetamol per table below: " link="" type="first_actions" group="first_actions" color_code="" options=""/>
		<field name="child_assessment_diarrhoea_fever/paracetamol.JPG" link="" type="image" group="first_actions" color_code="" options=""/>
		<field name="Administer all appropriate pre-referral treatment after completing assessment and document." link="" type="first_actions" group="first_actions" color_code="" options=""/>
		<field name="Call health provider taking up care and arrange transport " link="" type="first_actions" group="first_actions" color_code="" options=""/>
		<field name="Fill out Referral Form &amp; Refer the child to a health center or hospital IMMEDIATELY" link="" type="first_actions" group="first_actions" color_code="" options=""/>
		<field name="While waiting for transport: " link="" type="transport_section_head" group="transport_actions" color_code="" options=""/>
		<field name="Advise mother to not put the child on her back " link="" type="transport_actions" group="transport_actions" color_code="" options=""/>
		<field name="Teach mother how to keep the child warm on the way to the health facility" link="" type="transport_actions" group="transport_actions" color_code="" options=""/>
		<field name="Observe mother breastfeeding and counsel her on positioning and attachment if necessary" link="feeding/breastfeeding" type="transport_actions" group="transport_actions" color_code="" options=""/>
		<field name="Counsel mother on feeding a sick child " link="feeding/feeding_a_sick_child" type="transport_actions" group="transport_actions" color_code="" options=""/>
		<field name="Accompany mother and child to the health facility" link="" type="second_actions" group="second_actions" color_code="" options=""/>
		<field name="Follow up with client after discharge from health center or hospital" link="" type="second_actions" group="second_actions" color_code="" options=""/>
		<field name="" color_code="Default" link="" type="button" group="actions" options=""/>
		<field name="" color_code="Default" link="" type="button" group="actions" options=""/>
	</form></xmlgui>
