<?xml version="1.0"?>
<xmlgui>
	<form name="uncomplicated_malaria" type_of_page="Take Action Page" page_title="Point of Care" page_subtitle="CWC Diagnostic: Assesment of the Child: Main Symptoms: Fever&gt; Uncomplicated Malaria" color_code="Amber">
		<field name="Fever [by history  OR  feels hot  OR  temperature  is 37.5 oC  OR  above]" link="" type="definition" group="definition" color_code="" options=""/>
		<field name="Take Action: Uncomplicated Malaria" link="" type="first_section_head" group="first_actions" color_code="" options=""/>
		<field name="Give oral Artesunate Amodiaquine or Arthemeter /Lumefantrine" link="" type="first_actions" group="first_actions" color_code="" options=""/>
		<field name="Give one dose of paracetamol per table below: " link="" type="first_actions" group="first_actions" color_code="" options=""/><field name="child_assessment_diarrhoea_fever/paracetamol.JPG" link="" type="image" group="first_actions" color_code="" options=""/>
		<field name="Teach caregiver/mother how to reduce fever at home" link="teach_the_mother_how_to_reduce_fever_at_home/teach_mother_to_reduce_fever_at_home_1" type="first_actions" group="first_actions" color_code="" options=""/>
		<field name="Advise mother on when to return for care immediately per table below:" link="" type="first_actions" group="first_actions" color_code="" options=""/>
		<field name="child_assessment_diarrhoea_fever/when_to_return_diarrhoea.JPG" link="" type="image" group="first_actions" color_code="" options=""/>
		<field name="Give advise on malaria prevention and use of ITN" link="home_care_for_the_child/malaria_prevention" type="first_actions" group="first_actions" color_code="" options=""/>
		<field name="If FEVER has been present every day for more than 7 days, refer for further assessment." link="" type="first_actions" group="first_actions" color_code="" options=""/>
		<field name="Administer all appropriate treatments after completing assessment , teach mother to administer treatment at home and document" link="" type="first_actions" group="first_actions" color_code="" options=""/>
		<field name="Counsel mother on feeding a sick child " link="feeding/feeding_a_sick_child" type="first_actions" group="first_actions" color_code="" options=""/>
		<field name="Advise mother for follow-up in 2 days if fever persists." link="" type="first_actions" group="first_actions" color_code="" options=""/>
		<field name="" link="" type="transport_actions" group="transport_actions" color_code="" options=""/>
		<field name="" link="" type="second_actions" group="second_actions" color_code="" options=""/>
		<field name="" color_code="Default" link="" type="button" group="actions" options=""/>
		<field name="" color_code="Default" link="" type="button" group="actions" options=""/>
	</form>
</xmlgui>
