<?xml version="1.0"?>
<xmlgui><form name="when_to_return_for_anc" type_of_page="Info Page" page_title="Point of Care" page_subtitle="ANC Counselling: When to return for ANC &gt; When to return for ANC" color_code="Select"><field name="Inform client when to return to a health center, hospital, or CHPS facility:" link="" type="header" group="section_header" color_code="" property="" options=""/><field name="Advise her that a midwife will check for a number of issues as part of focused ANC visits.  The client should ideally consult a midwife during the following times during pregnancy: " link="" type="section_items" group="section_items" color_code="" property="Select" options=""/><field name="when_to_return_for_anc/61.png" link="" type="image" group="section_items" color_code="" property="" options=""/><field name="1st Focused ANC visit between 8-16 weeks of gestation, ideally between 8-12 weeks of gestation  " link="" type="section_items" group="section_items" color_code="" property="Select" options=""/><field name="2nd focused ANC visit between 24-26 weeks of gestation:  this is the next scheduled visit " link="" type="section_items" group="section_items" color_code="" property="Select" options=""/><field name="3rd focused ANC visit at 32 weeks of gestation " link="" type="section_items" group="section_items" color_code="" property="Select" options=""/><field name="4th focused ANC visit at 36 weeks of gestation " link="" type="section_items" group="section_items" color_code="" property="Select" options=""/><field name="" link="" type="section_items" group="section_items" color_code="" property="Select" options=""/><field name="" link="" type="section_items" group="section_items" color_code="" property="Select" options=""/><field name="" link="" type="section_items" group="section_items" color_code="" property="Select" options=""/><field name="" link="" type="section_items" group="section_items" color_code="" property="Select" options=""/><field name="" link="" type="section_items" group="section_items" color_code="" property="Select" options=""/><field name="In addition client should be counseled to return to a health facility if she has:" link="" type="header" group="section_header" color_code="" property="" options=""/><field name="As soon as she has any danger signs " link="" type="section_items" group="section_items" color_code="" property="Select" options=""/><field name="Questions or concerns about her pregnancy or the baby" link="" type="section_items" group="section_items" color_code="" property="Select" options=""/><field name="" link="" type="section_items" group="section_items" color_code="" property="Select" options=""/><field name="" link="" type="section_items" group="section_items" color_code="" property="Select" options=""/><field name="" link="" type="section_items" group="section_items" color_code="" property="Select" options=""/><field name="" link="" type="section_items" group="section_items" color_code="" property="Select" options=""/><field name="" link="" type="section_items" group="section_items" color_code="" property="Select" options=""/><field name="" link="" type="section_items" group="section_items" color_code="" property="Select" options=""/><field name="" link="" type="section_items" group="section_items" color_code="" property="Select" options=""/><field name="" link="" type="section_items" group="section_items" color_code="" property="Select" options=""/><field name="" color_code="Default" link="" type="button" group="actions" property="" options=""/></form></xmlgui>
