<?xml version="1.0"?>
<xmlgui><form name="nutrition_two" type_of_page="Info Page" page_title="Point of Care" page_subtitle="ANC Counselling: Nutrition&gt; Nutrition TWO" color_code="Select"><field name="Counsel clients to eat a 4-star diet: " link="" type="header" group="section_header" color_code="" property="" options=""/><field name="1 star &#9;Staples: grains such as maize, wheat rice, millet, sorghum, and roots and tubers such as cassava and potatoes " link="" type="section_items" group="section_items" color_code="" property="Select" options=""/><field name="nutrition/51.png" link="" type="image" group="section_items" color_code="" property="" options=""/><field name="1 star &#9;Legumes: such as beans, lentils, peas, groundnuts, and seeds such as sesame" link="" type="section_items" group="section_items" color_code="" property="Select" options=""/><field name="nutrition/52.png" link="" type="image" group="section_items" color_code="" property="" options=""/><field name="1 star &#9;Legumes: such as beans, lentils, peas, groundnuts, and seeds such as sesame" link="" type="section_items" group="section_items" color_code="" property="Select" options=""/><field name="nutrition/53.png" link="" type="image" group="section_items" color_code="" property="" options=""/><field name="Vitamin A rich vegetables: such as dark-green leaves, carrots, yellow sweet potato and pumpkin, eggplant, and cabbage" link="" type="section_items" group="section_items" color_code="" property="Select" options=""/><field name="nutrition/54.png" link="" type="image" group="section_items" color_code="" property="" options=""/><field name="1 star &#9;Animal-source foods: such as meat, chicken, fish, liver, eggs, and dairy products " link="" type="section_items" group="section_items" color_code="" property="Select" options=""/><field name="nutrition/55.png" link="" type="image" group="section_items" color_code="" property="" options=""/><field name="Oils and fats such as margarine, butter, palm oil, shea butter and other vegetable oils improve the absorption of some vitamin and provide extra energy. " link="" type="section_items" group="section_items" color_code="" property="Select" options=""/><field name="nutrition/56.png" link="" type="image" group="section_items" color_code="" property="" options=""/><field name="" link="" type="section_items" group="section_items" color_code="" property="Select" options=""/><field name="" link="" type="section_items" group="section_items" color_code="" property="Select" options=""/><field name="" link="" type="section_items" group="section_items" color_code="" property="Select" options=""/><field name="" link="" type="section_items" group="section_items" color_code="" property="Select" options=""/><field name="" link="" type="section_items" group="section_items" color_code="" property="Select" options=""/><field name="" link="" type="section_items" group="section_items" color_code="" property="Select" options=""/><field name="" link="" type="section_items" group="section_items" color_code="" property="Select" options=""/><field name="" color_code="Default" link="" type="button" group="actions" property="" options=""/></form></xmlgui>
