<?xml version="1.0"?>
<xmlgui><form name="nutrition_for_breastfeeding_mothers_two" type_of_page="Info Page" page_title="Point of Care" page_subtitle="CWC Counselling: Nutrition For Breastfeeding Mothers&gt; Nutrition For Breastfeeding Mothers TWO" color_code="Select"><field name=" Counsel mothers to eat a balanced 4-star diet " link="" type="header" group="section_header" color_code="" property="" options=""/><field name="1 star &#9;Staples: grains such as maize, wheat, rice, millet, sorghum, and roots, and tubers such as cassava and potatoes " link="" type="section_items" group="section_items" color_code="" property="Select" options=""/><field name="nutrition_for_breastfeeding_mothers/42.png" link="" type="image" group="section_items" color_code="" property="" options=""/><field name="1 star &#9;Legumes: such as beans, lentils, peas, groundnuts, and seeds such as sesame" link="" type="section_items" group="section_items" color_code="" property="Select" options=""/><field name="nutrition_for_breastfeeding_mothers/40.png" link="" type="image" group="section_items" color_code="" property="" options=""/><field name="1 star&#9;Vitamin A rich fruits: such as mango, papaya, passion fruit, oranges, banana, pineapple, avocado, watermelon, and tomatoes " link="" type="section_items" group="section_items" color_code="" property="Select" options=""/><field name="nutrition_for_breastfeeding_mothers/39.png" link="" type="image" group="section_items" color_code="" property="" options=""/><field name="Vitamin A rich vegetables: such as dark-green leaves, carrots, yellow sweet potato and pumpkin, eggplant, and cabbage" link="" type="section_items" group="section_items" color_code="" property="Select" options=""/><field name="nutrition_for_breastfeeding_mothers/41.png" link="" type="image" group="section_items" color_code="" property="" options=""/><field name="1 star &#9;Animal-source foods: such as meat, chicken, fish, liver, eggs, and dairy products are very important   " link="" type="section_items" group="section_items" color_code="" property="Select" options=""/><field name="nutrition_for_breastfeeding_mothers/43.png" link="" type="image" group="section_items" color_code="" property="" options=""/><field name="Oils and fats such as margarine, butter, palm oil, shea butter and other vegetable oils can be used to prepare foods " link="" type="section_items" group="section_items" color_code="" property="Select" options=""/><field name="nutrition_for_breastfeeding_mothers/45.png" link="" type="image" group="section_items" color_code="" property="" options=""/><field name="Next" color_code="Default" link="nutrition_for_breastfeeding_mothers/_nutrition_for_breastfeeding_mothers_three" type="button" group="actions" property="" options=""/></form></xmlgui>
