<?xml version="1.0"?>
<xmlgui><form name="jaundice_1" type_of_page="Info Page" page_title="Point of Care" page_subtitle="PNC Diagnostic Newborn: Jaundice&gt; Jaundice 1" color_code="Select"><field name="IF JAUNDICE PRESENT, ASK" link="" type="header" group="section_header" color_code="" property="" options=""/><field name="When did the jaundice first appear? " link="" type="section_items" group="section_items" color_code="" property="Select" options=""/><field name="jaundice/38.png" link="" type="image" group="section_items" color_code="" property="" options=""/><field name="LOOK AND FEEL" link="" type="header" group="section_header" color_code="" property="" options=""/><field name="Look for jaundice (yellow eyes or skin) " link="" type="section_items" group="section_items" color_code="" property="Select" options=""/><field name="Look at the young infant&#x2019;s palms and soles.  Are they yellow?  " link="" type="section_items" group="section_items" color_code="" property="Select" options=""/><field name="Next" color_code="Default" link="jaundice/jaundice_two" type="button" group="actions" property="" options=""/></form></xmlgui>
