<?xml version="1.0"?>
<xmlgui>
	<form name="stages_of_growth_1" type_of_page="Info Page" page_title="Point of Care" page_subtitle="CWC Counselling: Stages of Growth (Developmental Milestones)&gt; Stages of Growth 1" color_code="Select">
		<field name="It is important to follow your child&#x2019;s growth. There are a few signs that can help you follow the growth and development of your child from birth to 5 years." link="" type="header" group="section_header" color_code="" options=""/>
		<field name="" link="" type="section_items" group="section_items" color_code="" options=""/>
		<field name="Look out for  these signs" link="" type="header" group="section_header" color_code="" options=""/>
		<field name="A child might have a problem in these areas when the child shows any of the following behaviours/signs." link="" type="section_items" group="section_items" color_code="" options=""/>
		<field name="Hearing &#x2013; if the child:" link="" type="header" group="section_header" color_code="" options=""/>
		<field name="Does not turn toward the source of new sounds or voices" link="" type="section_items" group="section_items" color_code="" options=""/>
		<field name="Has frequent ear infection. (discharge from ear, earache)" link="" type="section_items" group="section_items" color_code="" options=""/>
		<field name="Does not respond when you call unless he can see you" link="" type="section_items" group="section_items" color_code="" options=""/>
		<field name="Does not talk or talks strangely." link="" type="section_items" group="section_items" color_code="" options=""/>
		<field name="Seeing &#x2013; If the child:" link="" type="header" group="section_header" color_code="" options=""/>
		<field name="Has red or discharging eyes" link="" type="section_items" group="section_items" color_code="" options=""/>
		<field name="A cloudy appearance of the eyes" link="" type="section_items" group="section_items" color_code="" options=""/>
		<field name="Frequently rubs eyes and says they hurt" link="" type="section_items" group="section_items" color_code="" options=""/>
		<field name="Often bumps into things while moving around" link="" type="section_items" group="section_items" color_code="" options=""/>
		<field name="Holds head in an awkward position when trying to look at something" link="" type="section_items" group="section_items" color_code="" options=""/>
		<field name="Has eyes which sometimes or always look in different directions (squints)" link="" type="section_items" group="section_items" color_code="" options=""/>
		<field name="Has a white spot in the eye." link="" type="section_items" group="section_items" color_code="" options=""/>
		<field name="Talking &#x2013; If the child:" link="" type="header" group="section_header" color_code="" options=""/>
		<field name="" link="" type="section_items" group="section_items" color_code="" options=""/>
		<field name="stages_of_growth_developmental_milestones/talking_child.jpg" link="" type="image" group="section_items" color_code="" options=""/>
		<field name="Does not say mama/mommy/dada by 18 months of age" link="" type="section_items" group="section_items" color_code="" options=""/>
		<field name="Cannot name a few familiar objects / people by 2 years" link="" type="section_items" group="section_items" color_code="" options=""/>
		<field name="Cannot repeat simple songs/rhymes by 3 years" link="" type="section_items" group="section_items" color_code="" options=""/>
		<field name="Is not talking in short sentences by age 4 years." link="" type="section_items" group="section_items" color_code="" options=""/>
		<field name="Playing &#x2013; If the child:" link="" type="header" group="section_header" color_code="" options=""/>
		<field name="" link="" type="section_items" group="section_items" color_code="" options=""/>
		<field name="stages_of_growth_developmental_milestones/playing_child.jpg" link="" type="image" group="section_items" color_code="" options=""/>
		<field name="Does not enjoy playing simple waving games by 1 year" link="" type="section_items" group="section_items" color_code="" options=""/>
		<field name="Does not play with common objects (e.g. spoons and bowls), by 2 years" link="" type="section_items" group="section_items" color_code="" options=""/>
		<field name="Does not join games with other children by 4 years. (e.g. catch, hide and seek)" link="" type="section_items" group="section_items" color_code="" options=""/>
		<field name="Does not play like other children of the same age" link="" type="section_items" group="section_items" color_code="" options=""/>
		<field name="Moving &#x2013; If the child:" link="" type="header" group="section_header" color_code="" options=""/>
		<field name="" link="" type="section_items" group="section_items" color_code="" options=""/>
		<field name="stages_of_growth_developmental_milestones/moving.jpg" link="" type="image" group="section_items" color_code="" options=""/>
		<field name="Is unable to sit unsupported by 10months" link="" type="section_items" group="section_items" color_code="" options=""/>
		<field name="Cannot walk without help by 2 years" link="" type="section_items" group="section_items" color_code="" options=""/>
		<field name="Cannot balance on one (1) foot for a short time by 4 years" link="" type="section_items" group="section_items" color_code="" options=""/>
		<field name="Moves very differently from other children of the same age." link="" type="section_items" group="section_items" color_code="" options=""/>
		<field name="Any child with an identified problem should immediately be taken to a health worker." link="" type="section_items" group="section_items" color_code="" options=""/>
		<field name="" color_code="Default" link="" type="button" group="actions" options=""/>
	</form></xmlgui>
