<?xml version="1.0"?>
<xmlgui><form name="malaria_three" type_of_page="Take Action Classification Page" page_title="Point of Care" page_subtitle="PNC Diagnostic Mother: PNC Malaria&gt; Malaria Three" color_code="Select"><field name="What is the result of the malaria test? " link="" type="question" group="questions" color_code="" property="" options=""/><field name="Positive malaria test (RDT)" link="pnc_malaria/positive_malaria_test" type="answers" group="answers" color_code="" property="" options="Click here to take action"/><field name="Negative malaria test " link="pnc_malaria/negative_malaria_test" type="answers" group="answers" color_code="" property="" options="Click here to take action"/><field name="Malaria test not possible " link="pnc_malaria/malaria_test_not_possible" type="answers" group="answers" color_code="" property="" options="Click here to take action"/><field name="" link="" type="answers" group="answers" color_code="" property="" options=""/><field name="" color_code="Default" property="" link="" type="button" group="actions" options=""/></form></xmlgui>
