<?xml version="1.0"?>
<xmlgui><form name="malaria_two" type_of_page="Info Page" page_title="Point of Care" page_subtitle="PNC Diagnostic Mother: PNC Malaria&gt; Malaria Two" color_code="Amber"><field name="Fever &gt; 38C | Do the following:  " link="" type="header" group="section_header" color_code="" property="" options=""/><field name="" link="" type="section_items" group="section_items" color_code="" property="Select" options=""/><field name="" link="" type="section_items" group="section_items" color_code="" property="Select" options=""/><field name="ASK" link="" type="header" group="section_header" color_code="" property="" options=""/><field name="How long have you had a fever? " link="" type="section_items" group="section_items" color_code="" property="Select" options=""/><field name="If more than 7 days, have you had a fever every day? " link="" type="section_items" group="section_items" color_code="" property="Select" options=""/><field name="LOOK, LISTEN, FEEL" link="" type="header" group="section_header" color_code="" property="" options=""/><field name="Assess if mother has of the following danger signs " link="" type="section_items" group="section_items" color_code="" property="Select" options=""/><field name="Persistent vomiting" link="" type="section_items_sub" group="section_items" color_code="" property="Select" options=""/><field name="Convulsions " link="" type="section_items_sub" group="section_items" color_code="" property="Select" options=""/><field name="Altered consciousness " link="" type="section_items_sub" group="section_items" color_code="" property="Select" options=""/><field name="Dark, coca-cola coloured urine" link="" type="section_items_sub" group="section_items" color_code="" property="Select" options=""/><field name="Persistent temperature &#x2265; 39C " link="" type="section_items_sub" group="section_items" color_code="" property="Select" options=""/><field name="Prostration " link="" type="section_items_sub" group="section_items" color_code="" property="Select" options=""/><field name="Jaundice " link="" type="section_items_sub" group="section_items" color_code="" property="Select" options=""/><field name="Severe pallor " link="" type="section_items_sub" group="section_items" color_code="" property="Select" options=""/><field name="Shock " link="" type="section_items_sub" group="section_items" color_code="" property="Select" options=""/><field name="Cold moist skin " link="" type="section_items_sub_sub" group="section_items" color_code="" property="Select" options=""/><field name="Weak or fast pulse: &gt;110/min " link="" type="section_items_sub_sub" group="section_items" color_code="" property="Select" options=""/><field name="Check BP: is it systolic BP &lt;90 mmHg" link="" type="section_items_sub_sub" group="section_items" color_code="" property="Select" options=""/><field name="Bleeding " link="" type="section_items_sub_sub" group="section_items" color_code="" property="Select" options=""/><field name="Next" color_code="Default" link="pnc_malaria/malaria_three" type="button" group="actions" property="" options=""/></form></xmlgui>
