<?xml version="1.0"?>
<xmlgui><form name="uncomplicated_malaria" type_of_page="Info Page" page_title="Point of Care" page_subtitle="PNC Diagnostic Mother: PNC Malaria&gt; Uncomplicated Malaria" color_code="Amber"><field name="" link="" type="header" group="section_header" color_code="" property="" options=""/><field name="If client is due for a scheduled PNC visit, refer her to see a midwife " link="" type="section_items" group="section_items" color_code="" property="Select" options=""/><field name="If client is not due for a scheduled visit, and does not have with any danger signs provide anti-malarial treatment:" link="" type="section_items" group="section_items" color_code="" property="Select" options=""/><field name="Treat client with Artesunate-Amodiaquine" link="treatment_of_uncomplicated_malaria_in_adolescents_and_adults/treatment_of_uncomplicated_malaria_in_adolescents_and_adults" type="section_items_sub" group="section_items" color_code="" property="Select" options=""/><field name=" If they cannot tolerate it, then alternate drugs include Artemether-Lumefantrine or Dihydroartemisine-Piperaquine " link="" type="section_items_sub" group="section_items" color_code="" property="Select" options=""/><field name="1000 mg Paracetamol may be given every 4-6 hr until fever returns to normal" link="" type="section_items_sub" group="section_items" color_code="" property="Select" options=""/><field name="Encourage fluid intake " link="" type="section_items" group="section_items" color_code="" property="Select" options=""/><field name="Counsel mother on the following: " link="" type="section_items" group="section_items" color_code="" property="Select" options=""/><field name="To sleep under an insecticide treated net every night with her baby" link="pnc_malaria_prevention/malaria_prevention_1" type="section_items_sub" group="section_items" color_code="" property="Select" options=""/><field name="Importance of taking malaria drugs and what the dosage of drugs and when to take them " link="" type="section_items_sub" group="section_items" color_code="" property="Select" options=""/><field name="To eat foods rich in iron and folic acid + vitamin C" link="nutrition_requirements_for_the_mother/nutrition_requirements_for_the_mother" type="section_items_sub" group="section_items" color_code="" property="Select" options=""/><field name="To go for scheduled PNC visits " link="when_to_return_for_care/when_to_return_for_care" type="section_items_sub" group="section_items" color_code="" property="Select" options=""/><field name="Record care given in client&#x2019;s maternal health or &#x201C;Red&#x201D; book. " link="" type="section_items" group="section_items" color_code="" property="Select" options=""/><field name="Follow-up with client within 24 hours; if she is not improving refer client to the health center or hospital  " link="" type="section_items" group="section_items" color_code="" property="Select" options=""/><field name="" color_code="Default" link="" type="button" group="actions" property="" options=""/></form></xmlgui>
