<?xml version="1.0"?>
<xmlgui><form name="cotrimoxazole1" type_of_page="Reference Page" page_title="Point of Care" page_subtitle="CWC References: Cotrimoxazole&gt; Cotrimoxazole1" color_code="Select"><field name="Cotrimoxazole | Dosage and Timing" link="" type="header" group="section_header" color_code="" property="" options=""/><field name="Administer as SECOND LINE antibiotic for the following conditions: " link="" type="section_items" group="section_items" color_code="" property="Select" options=""/><field name="Pneumonia" link="" type="section_items" group="section_items" color_code="" property="Select" options=""/><field name="Acute ear infection " link="" type="section_items" group="section_items" color_code="" property="Select" options=""/><field name="Uncomplicated severe malnutrition" link="" type="section_items" group="section_items" color_code="" property="Select" options=""/><field name="Persistent diarrhoea plus blood in stool (dysentery)" link="" type="section_items" group="section_items" color_code="" property="Select" options=""/><field name="cotrimoxazole/13.png" link="" type="image" group="section_items" color_code="" property="" options=""/><field name="" color_code="Default" link="" type="button" group="actions" property="" options=""/></form></xmlgui>
