<?xml version="1.0"?>
<xmlgui>
	<form name="soothe_with_safe_remedy_1" type_of_page="Info Page" page_title="Point of Care" page_subtitle="CWC Counselling: Soothe the throat and relieve the cough with a safe remedy&gt; Soothe with Safe Remedy 1" color_code="Select">
		<field name="" link="" type="header" group="section_header" color_code="" options=""/>
		<field name="Such remedies can be homemade, for example honey, tea, warm soups, and warm light porridge, and are as effective as those bought in a store. " link="" type="section_items" group="section_items" color_code="" options=""/>
		<field name="When explaining how to give the safe remedy, it is not necessary to watch the mother practise giving the remedy to the child. " link="" type="section_items" group="section_items" color_code="" options=""/>
		<field name="Exact dosing is not important with this treatment." link="" type="section_items" group="section_items" color_code="" options=""/>
		<field name="If the child is exclusively breastfed, tell the mother that she does not need to give other drinks or remedies. Breast milk is the best soothing remedy for an exclusively breastfed child." link="" type="section_items" group="section_items" color_code="" options=""/>
		<field name="Tell the mother NOT to use cough syrups. These syrups may sedate the child and interfere with the child's feeding. They may also interfere with the child's ability to cough up secretions from the lungs. Medicated nose drops (that is, nose drops that contain anything other than salt/saline) should also not be used; these drops might have similar side effects to cough syrups and are also relatively expensive." link="" type="section_items" group="section_items" color_code="" options=""/>
		<field name="" link="" type="section_items" group="section_items" color_code="" options=""/>
		<field name="" color_code="Default" link="" type="button" group="actions" options=""/>
	</form></xmlgui>
