<?xml version="1.0"?>
<xmlgui>
	<form name="hiv_exposed_0_to_less_than_6_months_of_age_two" type_of_page="Info Page" page_title="Point of Care" page_subtitle="CWC Counselling: HIV Exposed 0 &#x2013; &lt; 6 MONTHS OF AGE &gt; HIV Exposed 0 &#x2013; &lt; 6 MONTHS OF AGE TWO" color_code="Select">
		<field name="OR if feasible and safe:  " link="" type="header" group="section_header" color_code="" property="" options=""/>
		<field name="" link="" type="section_items" group="section_items" color_code="" property="Select" options=""/>
		<field name="hiv_exposed_0_to_less than_6_months_of_age/33.png" link="" type="image" group="section_items" color_code="" property="" options=""/>
		<field name="Formula feed exclusively (no breastmilk given at all) " link="" type="section_items" group="section_items" color_code="" property="Select" options=""/>
		<field name="Give formula, and other food or fluids are not necessary " link="" type="section_items" group="section_items" color_code="" property="Select" options=""/>
		<field name="Prepare correct strength and amount just before use.  Use milk within 2 hours and discard any leftover (a fridge can store formula for 24 hours) " link="" type="section_items" group="section_items" color_code="" property="Select" options=""/>
		<field name="Cup feeding is safer than bottle feeding" link="" type="section_items" group="section_items" color_code="" property="Select" options=""/>
		<field name="Clean the cup and utensils with hot soapy water " link="" type="section_items" group="section_items" color_code="" property="Select" options=""/>
		<field name="Gives formula 6 &#x2013; 8 times a day according to age, given below " link="" type="section_items" group="section_items" color_code="" property="Select" options=""/>
		<field name="hiv_exposed_0_to_less than_6_months_of_age/1.png" link="" type="image" group="section_items" color_code="" property="" options=""/>
		<field name="Exception: heat-treated breastmilk can be given" link="" type="section_items" group="section_items" color_code="" property="Italic Red" options=""/>
		<field name="" color_code="Default" link="" type="button" group="actions" property="" options=""/>
	</form>
</xmlgui>
