<?xml version="1.0"?>
<xmlgui>
	<form name="hiv_exposed_12_to_less_than_24_months_of_age_1" type_of_page="Info Page" page_title="Point of Care" page_subtitle="CWC Counselling: HIV Exposed 12 &#x2013; &lt; 24 MONTHS OF AGE &gt; HIV Exposed 12 &#x2013; &lt; 24 MONTHS OF AGE 1" color_code="Select">
		<field name="Feeding an HIV Exposed Child 12 &#x2013; &lt; 24 months of Age | Counseling " link="" type="header" group="section_header" color_code="" property="" options=""/>
		<field name="" link="" type="section_items" group="section_items" color_code="" property="Select" options=""/>
		<field name="hiv_exposed_12_to_less than_24_months_of_age_/36.png" link="" type="image" group="section_items" color_code="" property="" options=""/>
		<field name="If infant is not breastfeeding, give about 1 &#x2013; 2 cups (500 mL) of full cream milk or formula per day " link="" type="section_items" group="section_items" color_code="" property="Select" options=""/>
		<field name="Give milk with a cup, not a bottle  " link="" type="section_items" group="section_items" color_code="" property="Select" options=""/>
		<field name="If no milk is available give 4 &#x2013; 5 feeds per day" link="" type="section_items" group="section_items" color_code="" property="Select" options=""/>
		<field name="Give 5 adequate servings of nutritious complementary foods OR family foods " link="" type="section_items" group="section_items" color_code="" property="Select" options=""/>
		<field name="If child is breastfed give adequate servings 3 times per day plus snacks " link="" type="section_items" group="section_items" color_code="" property="Select" options=""/>
		<field name="" color_code="Default" link="" type="button" group="actions" property="" options=""/>
	</form>
</xmlgui>
