<?xml version="1.0"?>
<xmlgui><form name="complementary_feeding_for_children_12_to_less_than_24_months_of_age__two" type_of_page="Info Page" page_title="Point of Care" page_subtitle="CWC Counselling: Complementary Feeding For Children 12 &#x2013; &lt; 24 MONTHS OF AGE  &gt;Complementary Feeding For Children 12 &#x2013; &lt; 24 MONTHS OF AGE  TWO" color_code="Select"><field name="When giving complementary foods, consider the following:  " link="" type="header" group="section_header" color_code="" property="" options=""/><field name="" link="" type="section_items" group="section_items" color_code="" property="Select" options=""/><field name="complementary_feeding_for_children_12_to_less than_24_months_of_age/37.png" link="" type="image" group="section_items" color_code="" property="" options=""/><field name="Frequency: feed your child 5 times a day " link="" type="section_items" group="section_items" color_code="" property="Select" options=""/><field name="Amount: increase amount gradually to &#xBE; cup, show amount in 250 mL cup or other cups mother/caregiver brings.  Use a separate plate to make sure child eat all the food given " link="" type="section_items" group="section_items" color_code="" property="Select" options=""/><field name="Thickness: give family foods cut into small pieces, finger foods, and sliced foods  " link="" type="section_items" group="section_items" color_code="" property="Select" options=""/><field name="Responsive feeding: " link="" type="section_items" group="section_items" color_code="" property="Select" options=""/><field name="Be patient and actively encourage your child to eat " link="" type="section_items_sub" group="section_items" color_code="" property="Select" options=""/><field name="Do not force your child to eat " link="" type="section_items_sub" group="section_items" color_code="" property="Select" options=""/><field name="Use a separate plate to feed child to make sure he or she eat all the food " link="" type="section_items_sub" group="section_items" color_code="" property="Select" options=""/><field name="Next" color_code="Default" link="complementary_feeding_for_children_9_to_12_months_of_age/complementary_feeding_for_children_9_to_less_than_12_months_of_age_three" type="button" group="actions" property="" options=""/></form></xmlgui>
