<?xml version="1.0"?>
<xmlgui><form name="supplementation_during_pregnancy_1" type_of_page="Info Page" page_title="Point of Care" page_subtitle="ANC Counselling: Supplementation during pregnancy&gt; Supplementation during pregnancy 1" color_code="Select"><field name="Educate clients on what supplements to take " link="" type="header" group="section_header" color_code="" property="" options=""/><field name="" link="" type="section_items" group="section_items" color_code="" property="Select" options=""/><field name="supplementation_during_pregnancy/59.png" link="" type="image" group="section_items" color_code="" property="" options=""/><field name="Take iron and folic acid supplements during pregnancy and for at least 3 months after " link="" type="section_items" group="section_items" color_code="" property="Select" options=""/><field name="Take de-worming tablets to treat worms and help prevent anoemia  " link="" type="section_items" group="section_items" color_code="" property="Select" options=""/><field name="" color_code="Default" link="" type="button" group="actions" property="" options=""/></form></xmlgui>
