<?xml version="1.0"?>
<xmlgui><form name="anaemia_1" type_of_page="Info Page" page_title="Point of Care" page_subtitle="CWC Diagnostic: CWC Anaemia&gt; Anaemia 1" color_code="Select"><field name="LOOK" link="" type="header" group="section_header" color_code="" property="" options=""/><field name="Look for palmar pallor " link="" type="section_items" group="section_items" color_code="" property="Select" options=""/><field name="Does the child have: " link="" type="section_items" group="section_items" color_code="" property="Select" options=""/><field name="Severe palmar pallor? " link="" type="section_items_sub" group="section_items" color_code="" property="Select" options=""/><field name="Some palmar pallor?" link="" type="section_items_sub" group="section_items" color_code="" property="Select" options=""/><field name="Next" color_code="Default" link="cwc_anaemia/anaemia_two" type="button" group="actions" property="" options=""/></form></xmlgui>
