<?xml version="1.0"?>
<xmlgui><form name="just_anaemia_two" type_of_page="Info Page" page_title="Point of Care" page_subtitle="CWC Diagnostic: CWC Anaemia&gt; Just Anaemia Two" color_code="Amber"><field name="" link="" type="header" group="section_header" color_code="" property="" options=""/><field name="Provide antimalarial treatment with oral artesunate amodiaquine OR arthemeter lumefantrine " link="teach_mother_to_give_oral_drugs_at_home/oral_antimalarial" type="section_items" group="section_items" color_code="" property="Select" options=""/><field name="Administer mebendazole OR albendazole, as given below: " link="" type="section_items" group="section_items" color_code="" property="Select" options=""/><field name="If child is &#x2265; 2 years of age, and" link="" type="section_items_sub" group="section_items" color_code="" property="Select" options=""/><field name="Has not had a dose in the previous 6 months " link="" type="section_items_sub" group="section_items" color_code="" property="Select" options=""/><field name="cwc_anaemia/28.jpeg" link="" type="image" group="section_items" color_code="" property="" options=""/><field name="Next" color_code="Default" link="cwc_anaemia/just_anaemia_three" type="button" group="actions" property="" options=""/></form></xmlgui>
