<?xml version="1.0"?>
<xmlgui><form name="just_anaemia_three" type_of_page="Info Page" page_title="Point of Care" page_subtitle="CWC Diagnostic: CWC Anaemia&gt; Just Anaemia Three" color_code="Amber"><field name="" link="" type="header" group="section_header" color_code="" property="" options=""/><field name="Advise mother/caregiver when to return for care immediately " link="when_to_seek_care_immediately/_when_to_seek_care_immediately1" type="section_items" group="section_items" color_code="" property="Select" options=""/><field name="Assess child&#x2019;s feeding " link="feeding_problems/feeding_problems1" type="section_items" group="section_items" color_code="" property="Select" options=""/><field name="Counsel mother/caregiver on feeding according to the feeding recommendations " link="feeding_a_healthy_child/feeding_a_healthy_child1" type="section_items" group="section_items" color_code="" property="Select" options=""/><field name="Counsel mother/caregiver on feeding a sick child " link="feeding_a_healthy_child/feeding_a_healthy_child1" type="section_items" group="section_items" color_code="" property="Select" options=""/><field name="Advise mother/caregiver to return for follow-up care in 14 days " link="" type="section_items" group="section_items" color_code="" property="Select" options=""/><field name="Record clinical care in Child Health Record &#x201C;green&#x201D; book" link="" type="section_items" group="section_items" color_code="" property="Select" options=""/><field name="" color_code="Default" link="" type="button" group="actions" property="" options=""/></form></xmlgui>
