<?xml version="1.0"?>
<xmlgui><form name="no_anaemia" type_of_page="Info Page" page_title="Point of Care" page_subtitle="CWC Diagnostic: CWC Anaemia&gt; No Anaemia" color_code="Select"><field name="No Anaemia | Take Action " link="" type="header" group="section_header" color_code="" property="" options=""/><field name="If child is &lt; 2 years old, assess child&#x2019;s feeding " link="feeding_problems/feeding_problems1" type="section_items" group="section_items" color_code="" property="Select" options=""/><field name="Counsel mother/caregiver on feeding according to the feeding recommendations" link="feeding_a_healthy_child/feeding_a_healthy_child1" type="section_items_sub" group="section_items" color_code="" property="Select" options=""/><field name="If child has feeding problems, advise mother/caregiver to return for care in 5 days" link="" type="section_items_sub" group="section_items" color_code="" property="Select" options=""/><field name="If child still breastfeeds, observe mother breastfeeding and provide counseling on breast attachment and positioning, if necessary " link="feeding_a_healthy_child/breastfeeding_attachment_and_position" type="section_items" group="section_items" color_code="" property="Select" options=""/><field name="Proceed to assess child&#x2019;s immunization and vitamin A status " link="immunization_and_vitamin_a_status/immunization_and_vitamin_a_status1" type="section_items" group="section_items" color_code="" property="Select" options=""/><field name="" color_code="Default" link="" type="button" group="actions" property="" options=""/></form></xmlgui>
