<?xml version="1.0"?>
<xmlgui><form name="severe_anaemia" type_of_page="Info Page" page_title="Point of Care" page_subtitle="CWC Diagnostic: CWC Anaemia&gt; Severe Anaemia" color_code="Red"><field name="Severe Anaemia | Take Action " link="" type="header" group="section_header" color_code="" property="" options=""/><field name="Refer mother/caregiver and client to a health center or hospital IMMEDIATELY" link="" type="section_items" group="section_items" color_code="" property="Select" options=""/><field name="Call provider and arrange transport " link="" type="section_items" group="section_items" color_code="" property="Select" options=""/><field name="Provide antimalarial treatment with oral artesunate amodiaquine OR arthemeter lumefantrine " link="teach_mother_to_give_oral_drugs_at_home/oral_antimalarial" type="section_items" group="section_items" color_code="" property="Select" options=""/><field name="Complete assessment of child, and administer appropriate pre-referral treatments" link="" type="section_items" group="section_items" color_code="" property="Select" options=""/><field name="Fill out referral form. Record clinical care in Child Health Record &#x201C;green&#x201D; book" link="" type="section_items" group="section_items" color_code="" property="Select" options=""/><field name="Next" color_code="Default" link="cwc_anaemia/severe_anaemia_two" type="button" group="actions" property="" options=""/></form></xmlgui>
