<?xml version="1.0"?>
<xmlgui>
	<form name="special_consideration_for_feeding_any_sick_child1" type_of_page="Info Page" page_title="Point of Care" page_subtitle="CWC Counselling: Special Consideration For Feeding Any Sick Child&gt; Special Consideration For Feeding Any Sick Child1" color_code="Select">
		<field name="Special Consideration for Feeding Any Sick Child | Counseling " link="" type="header" group="section_header" color_code="" property="" options=""/>
		<field name="If child is breastfed, breastfeed more frequently and for longer at each feed. " link="" type="section_items" group="section_items" color_code="" property="Select" options=""/>
		<field name="If child is taking breastmilk substitutes, increase amount of milk given" link="" type="section_items" group="section_items" color_code="" property="Select" options=""/>
		<field name="Increase other fluids such as soup, rice water, coconut water, fruit juice or clean water, if child is &#x2265; 6 months of age" link="" type="section_items" group="section_items" color_code="" property="Select" options=""/>
		<field name="Continue feeding " link="" type="section_items" group="section_items" color_code="" property="Select" options=""/>
		<field name="" link="" type="section_items" group="section_items" color_code="" property="Select" options=""/>
		<field name="Feeding Child with Persistent Diarrhoea " link="" type="header" group="section_header" color_code="" property="" options=""/>
		<field name="If still breastfeeding, give more frequent, longer breastfeeds, day and night " link="" type="section_items" group="section_items" color_code="" property="Select" options=""/>
		<field name="If child is taking other milk:" link="" type="section_items" group="section_items" color_code="" property="Select" options=""/>
		<field name="Replace with increased breastfeeding OR " link="" type="section_items_sub" group="section_items" color_code="" property="Select" options=""/>
		<field name="Replace half the milk with thick porridge " link="food_variety/food_variety1" type="section_items_sub" group="section_items" color_code="" property="Select" options=""/>
		<field name="For other foods, following feeding recommendations for child&#x2019;s age" link="" type="section_items" group="section_items" color_code="" property="Select" options=""/>
		<field name="Note: the child needs one or two extra meals for two weeks " link="" type="section_items" group="section_items" color_code="" property="Select" options=""/>
		<field name="" color_code="Default" link="" type="button" group="actions" property="" options=""/>
	</form>
</xmlgui>
