<?xml version="1.0"?>
<xmlgui><form name="mothers_health1" type_of_page="Info Page" page_title="Point of Care" page_subtitle="CWC Counselling: Mother's Health&gt; Mother's Health1" color_code="Select"><field name="Mother&#x2019;s Health | Counseling" link="" type="header" group="section_header" color_code="" property="" options=""/><field name="Counsel mother to seek care at the nearest health facility, if she: " link="" type="section_items" group="section_items" color_code="" property="Select" options=""/><field name="Becomes sick " link="" type="section_items_sub" group="section_items" color_code="" property="Select" options=""/><field name="Has breast problems such as engorgement, sore nipples, or breast infection" link="" type="section_items_sub" group="section_items" color_code="" property="Select" options=""/><field name="Advise mother to eat well to keep up her own strength and health " link="" type="section_items" group="section_items" color_code="" property="Select" options=""/><field name="Check mother&#x2019;s immunisation status and give her Tetanus &amp; Diphtheria (TD) if needed" link="" type="section_items" group="section_items" color_code="" property="Select" options=""/><field name="Give pregnant women IPT for malaria, if necessary " link="" type="section_items" group="section_items" color_code="" property="Select" options=""/><field name="Advise mother to seek counseling for:" link="" type="section_items" group="section_items" color_code="" property="Select" options=""/><field name="Family planning" link="" type="section_items_sub" group="section_items" color_code="" property="Select" options=""/><field name="STI and HIV prevention " link="" type="section_items_sub" group="section_items" color_code="" property="Select" options=""/><field name="Encourage mother to know her own HIV status, and to seek HIV testing if she does not know her status or is concerned about the possibility of HIV in herself or her family " link="" type="section_items" group="section_items" color_code="" property="Select" options=""/><field name="" color_code="Default" link="" type="button" group="actions" property="" options=""/></form></xmlgui>
