<?xml version="1.0"?>
<xmlgui>
	<form name="self_care_&amp;_personal_hygiene_1" type_of_page="Info Page" page_title="Point of Care" page_subtitle="CWC Counselling: Self Care &amp; Personal Hygiene in Keeping Healthy&gt; Self Care &amp; Personal Hygiene 1" color_code="Select">
		<field name="Wash your hands with soap and water;" link="" type="header" group="section_header" color_code="" options=""/><field name="Before preparing food" link="" type="section_items" group="section_items" color_code="" options=""/>
		<field name="Before eating" link="" type="section_items" group="section_items" color_code="" options=""/>
		<field name="Before feeding the baby" link="" type="section_items" group="section_items" color_code="" options=""/>
		<field name="After visiting the toilet" link="" type="section_items" group="section_items" color_code="" options=""/>
		<field name="After cleaning the baby" link="" type="section_items" group="section_items" color_code="" options=""/>
		<field name="After handling chemicals eg. fertilizer, chemicals that kill weed, insecticide spray" link="" type="section_items" group="section_items" color_code="" options=""/>
		<field name="Wash your  hands with water and soap" link="" type="header" group="section_header" color_code="" options=""/><field name="Continue to give the child nutritionally adequate diet with lots of fruits and vegetables." link="" type="section_items" group="section_items" color_code="" options=""/>
		<field name="self_care_&amp;_personal_hygiene_in_keeping_healthy/handwashing.jpg" link="" type="image" group="section_items" color_code="" options=""/>
		<field name="Ensure the child gets enough rest, a nap in the afternoon" link="" type="section_items" group="section_items" color_code="" options=""/>
		<field name="Continue to give your child healthy foods that will promote growth and development." link="" type="section_items" group="section_items" color_code="" options=""/>
	
		<field name="" color_code="Default" link="" type="button" group="actions" options=""/></form></xmlgui>
