<?xml version="1.0"?>
<xmlgui><form name="malaria_prevention_1" type_of_page="Info Page" page_title="Point of Care" page_subtitle="ANC Counselling: ANC Malaria Prevention&gt; Malaria Prevention 1" color_code="Select"><field name="Educate on malaria prevention " link="" type="header" group="section_header" color_code="" property="" options=""/><field name="" link="" type="section_items" group="section_items" color_code="" property="Select" options=""/><field name="anc_malaria_prevention/49.png" link="" type="image" group="section_items" color_code="" property="" options=""/><field name="Educate client to keep her environment clean " link="" type="section_items" group="section_items" color_code="" property="Select" options=""/><field name="Educate client on the importance of sleeping under an insecticide treated net every night" link="" type="section_items" group="section_items" color_code="" property="Select" options=""/><field name="Explain purpose of Intermittent Preventive Treatment (IPTp) during pregnancy" link="treatment_for_uncomplicated_malaria_in_pregnant_women/treatment_for_uncomplicated_malaria_in_pregnant_women_1" type="section_items" group="section_items" color_code="" property="Select" options=""/><field name="Counsel client to seek prompt treatment when they have a fever with or without any of the above symptoms" link="" type="section_items" group="section_items" color_code="" property="Select" options=""/><field name="" color_code="Default" link="" type="button" group="actions" property="" options=""/></form></xmlgui>
