<?xml version="1.0"?>
<xmlgui><form name="general_considerations" type_of_page="Reference Page" page_title="Point of Care" page_subtitle="CWC References: Preventive Treatments in Clinics&gt; General Considerations" color_code="Select"><field name="General Considerations " link="" type="header" group="section_header" color_code="" property="" options=""/><field name="Explain to mother/caregiver why the drug is given to child " link="" type="section_items" group="section_items" color_code="" property="Select" options=""/><field name="Determine the dose of drugs appropriate for the child&#x2019;s weight (or age) " link="" type="section_items" group="section_items" color_code="" property="Select" options=""/><field name="Demonstrate how to measure a dose " link="" type="section_items" group="section_items" color_code="" property="Select" options=""/><field name="Watch mother/caregiver practise measuring a dose by herself " link="" type="section_items" group="section_items" color_code="" property="Select" options=""/><field name="Ask mother/caregiver to give the first dose to child" link="" type="section_items" group="section_items" color_code="" property="Select" options=""/><field name="Explain carefully how to give drug, then label and package drug.  If more than drug will be given, collect, count and package each drug separately " link="" type="section_items" group="section_items" color_code="" property="Select" options=""/><field name="Explain that all tablets or syrup must be used to finish the course of treatment, even if child gets better" link="" type="section_items" group="section_items" color_code="" property="Select" options=""/><field name="Check mother&#x2019;s/caregiver&#x2019;s understanding before she leaves " link="" type="section_items" group="section_items" color_code="" property="Select" options=""/><field name="" link="" type="section_items" group="section_items" color_code="" property="Select" options=""/><field name="" link="" type="section_items" group="section_items" color_code="" property="Select" options=""/><field name="" link="" type="section_items" group="section_items" color_code="" property="Select" options=""/><field name="" link="" type="section_items" group="section_items" color_code="" property="Select" options=""/><field name="" link="" type="section_items" group="section_items" color_code="" property="Select" options=""/><field name="" color_code="Default" link="" type="button" group="actions" property="" options=""/></form></xmlgui>
