<?xml version="1.0"?>
<xmlgui><form name="preventive_treatments_in_clinics1" type_of_page="Question Page" page_title="Point of Care" page_subtitle="CWC References: Preventive Treatments in Clinics&gt; Preventive Treatments in Clinics1" color_code="Select"><field name="" link="" type="question" group="questions" color_code="" property="" options=""/><field name="General Considerations" link="preventive_treatments_in_clinics/general_considerations" type="answers" group="answers" color_code="" property="" options=""/><field name="Iron and Folic Acid" link="preventive_treatments_in_clinics/iron_and_folic_acid" type="answers" group="answers" color_code="" property="" options=""/><field name="Mebendazole and Albendazole" link="preventive_treatments_in_clinics/mebendazole_and_albendazole" type="answers" group="answers" color_code="" property="" options=""/><field name="Multivitamin and Mineral Supplement" link="preventive_treatments_in_clinics/multivitamin_and_mineral_supplement" type="answers" group="answers" color_code="" property="" options=""/><field name="Vitamin A" link="preventive_treatments_in_clinics/vitamin_a" type="answers" group="answers" color_code="" property="" options=""/><field name="Zinc" link="preventive_treatments_in_clinics/zinc" type="answers" group="answers" color_code="" property="" options=""/><field name="" color_code="Default" property="" link="" type="button" group="actions" options=""/></form></xmlgui>
