<?xml version="1.0"?>
<xmlgui><form name="zinc" type_of_page="Reference Page" page_title="Point of Care" page_subtitle="CWC References: Preventive Treatments in Clinics&gt; Zinc" color_code="Select"><field name="Zinc | Dosage and Timing" link="" type="header" group="section_header" color_code="" property="" options=""/><field name="Administer for the following conditions: " link="" type="section_items" group="section_items" color_code="" property="Select" options=""/><field name="Diarrhaea with some dehydration " link="" type="section_items_sub" group="section_items" color_code="" property="Select" options=""/><field name="Diarrhaea with no dehydration " link="" type="section_items_sub" group="section_items" color_code="" property="Select" options=""/><field name="Persistent diarrhea with no dehydration " link="" type="section_items_sub" group="section_items" color_code="" property="Select" options=""/><field name="Show mother/caregiver how to give zinc supplements: " link="" type="section_items" group="section_items" color_code="" property="Select" options=""/><field name="For infants: dissolve tablet in a small amount of expressed breastmilk, ORS, or clean water in a cup " link="" type="section_items_sub" group="section_items" color_code="" property="Select" options=""/><field name="For older children: tablets can be chewed or dissolved in a small amount of clean water in a cup " link="" type="section_items_sub" group="section_items" color_code="" property="Select" options=""/><field name="preventive_treatments_in_clinics/4.png" link="" type="image" group="section_items" color_code="" property="" options=""/><field name="" color_code="Default" link="" type="button" group="actions" property="" options=""/></form></xmlgui>
