<?xml version="1.0"?>
<xmlgui><form name="prereferral_treatments_in_clinics_general_considerations1" type_of_page="Reference Page" page_title="Point of Care" page_subtitle="CWC References: Pre-referral Treatments in Clinics General Considerations&gt; Pre-referral Treatments in Clinics General Considerations1" color_code="Select"><field name="General Considerations" link="" type="header" group="section_header" color_code="" property="" options=""/><field name="Explain to mother/caregiver why the drug is given to child" link="" type="section_items" group="section_items" color_code="" property="Select" options=""/><field name="Determine the dose of drugs appropriate for the child&#x2019;s weight (or age)" link="" type="section_items" group="section_items" color_code="" property="Select" options=""/><field name="Use a sterile needle and sterile syringe when giving an injection" link="" type="section_items" group="section_items" color_code="" property="Select" options=""/><field name="Measure drug dosage accurately " link="" type="section_items" group="section_items" color_code="" property="Select" options=""/><field name="Give the drug as an intramuscular injection" link="" type="section_items" group="section_items" color_code="" property="Select" options=""/><field name="" color_code="Default" link="" type="button" group="actions" property="" options=""/></form></xmlgui>
