<?xml version="1.0"?>
<xmlgui>
	<form name="food_variety_three" type_of_page="Info Page" page_title="Point of Care" page_subtitle="CWC Counselling: Food Variety&gt; Food Variety THREE" color_code="Select">
		<field name="Counsel mother/caregiver types of foods/meals to include " link="" type="header" group="section_header" color_code="" property="" options=""/>
		<field name="Family foods" link="" type="header" group="section_header" color_code="" property="Bold Blue" options=""/>
		<field name="Adequate quantities of waakye, rice, kenkey, banku, fufu, aboloo, gari, yam, cocoyam, plantain, cassava, sweet potato, kokonte, akple, or tuozafi can be served with: " link="" type="section_items" group="section_items" color_code="" property="Select" options=""/>
		<field name="food_variety/47.png" link="" type="image" group="section_items" color_code="" property="" options=""/>
		<field name="At least ONE ladle of stew such as kontomire, beans, garden egg, okro, tomato, agushi, aleefu, bra, ayoyo, pumpkin, bokoboko, all cooked with palm oil or other vegetable oil AND mashed fish or meat " link="" type="section_items_sub" group="section_items" color_code="" property="Select" options=""/>
		<field name="OR with at least ladle of soup such as groundnut, palm nut, neri, okro, vegetable soup with dawadawa or green leafy vegetable soup.  All prepared WITH mashed fish, meat, eggs or beans" link="" type="section_items_sub" group="section_items" color_code="" property="Select" options=""/>
		<field name="Other family foods include: Mpotompoto, gari-foto, aprapransa with palm oil or other vegetable oil and mashed fish" link="" type="section_items" group="section_items" color_code="" property="Select" options=""/>
	</form>
</xmlgui>
