<?xml version="1.0"?>
<xmlgui>
	<form name="food_variety1" type_of_page="Info Page" page_title="Point of Care" page_subtitle="CWC Counselling: Food Variety&gt; Food Variety1" color_code="Select">
		<field name="Food variety | Counseling" link="" type="header" group="section_header" color_code="" property="" options=""/>
		<field name="Counsel mothers to breastfeed child for at least 2 years and include with a variety of foods at each meal " link="" type="section_items" group="section_items" color_code="" property="Select" options=""/>
		<field name="A good diet should be adequate in quantity and include energy rich foods such as thick cereal with added oil; meat fish, eggs or pulses; and fruits and vegetables " link="" type="section_items" group="section_items" color_code="" property="Select" options=""/>
		<field name="A balanced 4-star diet includes:" link="" type="header" group="section_header" color_code="" property="" options=""/>
		<field name="1 star &#9;Staples: grains such as maize, wheat, rice, millet, sorghum, and roots, and tubers such as cassava and potatoes " link="" type="section_items" group="section_items" color_code="" property="Select" options=""/>
		<field name="food_variety/39.png" link="" type="image" group="section_items" color_code="" property="" options=""/>
		<field name="1 star &#9;Legumes: such as beans, lentils, peas, groundnuts, and seeds such as sesame" link="" type="section_items" group="section_items" color_code="" property="Select" options=""/>
		<field name="food_variety/40.png" link="" type="image" group="section_items" color_code="" property="" options=""/>
		<field name="&#9;1 star&#9;Vitamin A rich fruits: such as mango, papaya, passion fruit, oranges, banana, pineapple, avocado, watermelon, and tomatoes " link="" type="section_items" group="section_items" color_code="" property="Select" options=""/>
		<field name="food_variety/41.png" link="" type="image" group="section_items" color_code="" property="" options=""/>
		<field name="Vitamin A rich vegetables: such as dark-green leaves, carrots, yellow sweet potato and pumpkin, eggplant, and cabbage" link="" type="section_items" group="section_items" color_code="" property="Select" options=""/>
		<field name="food_variety/41.png" link="" type="image" group="section_items" color_code="" property="" options=""/>
		<field name="1 star &#9;Animal-source foods: such as meat, chicken, fish, liver, eggs, and dairy products are very important   " link="" type="section_items" group="section_items" color_code="" property="Select" options=""/>
		<field name="food_variety/43.png" link="" type="image" group="section_items" color_code="" property="" options=""/>
		<field name="Oils and fats such as margarine, butter, palm oil, shea butter and other vegetable oils can be used to prepare foods " link="" type="section_items" group="section_items" color_code="" property="Select" options=""/>
		<field name="food_variety/45.png" link="" type="image" group="section_items" color_code="" property="" options=""/>
		<field name="NEXT" color_code="Default" link="food_variety/food_variety_two" type="button" group="actions" property="" options=""/>
	</form></xmlgui>
