<?xml version="1.0"?>
<xmlgui>
	<form name="treat_and_prevent_low_blood_sugar1" type_of_page="Reference Page" page_title="Point of Care" page_subtitle="CWC References: Treat and Prevent Low Blood Sugar&gt; Treat and Prevent Low Blood Sugar1" color_code="Select">
		<field name="Treat to Prevent Low Blood Sugar" link="" type="header" group="section_header" color_code="" property="" options=""/>
		<field name="If child is able to breastfeed: " link="" type="section_items" group="section_items" color_code="" property="Select" options=""/>
		<field name="Ask mother to breastfeed child " link="" type="section_items_sub" group="section_items" color_code="" property="Select" options=""/>
		<field name="If child is not able to breastfeed but is able to swallow:  " link="" type="section_items" group="section_items" color_code="" property="Select" options=""/>
		<field name="Give expressed breastmilk " link="" type="section_items_sub" group="section_items" color_code="" property="Select" options=""/>
		<field name="If not available, give sugar water " link="" type="section_items_sub" group="section_items" color_code="" property="Select" options=""/>
		<field name="Give 30 &#x2013; 50 ml of expressed breastmilk or sugar water before departure" link="" type="section_items_sub" group="section_items" color_code="" property="Select" options=""/>
		<field name="To make sugar:   " link="" type="section_items" group="section_items" color_code="" property="Select" options=""/>
		<field name="Dissolve 4 level teaspoons of sugar (20 grams) in a 200 ml cup of clean water " link="" type="section_items_sub" group="section_items" color_code="" property="Select" options=""/>
		<field name="If child is not able to swallow:   " link="" type="section_items" group="section_items" color_code="" property="Select" options=""/>
		<field name="Give 50 ml of expressed breastmilk or sugar water by nasogastric tube (if trained to do so)  " link="" type="section_items_sub" group="section_items" color_code="" property="Select" options=""/>
		<field name="" color_code="Default" link="" type="button" group="actions" property="" options=""/>
	</form>
</xmlgui>
