<?xml version="1.0"?>
<xmlgui>
	<form color_code="Red" name="heavy_bleeding" page_subtitle="PNC Diagnostic Mother: PNC Management of Danger Signs&gt; Heavy Bleeding " page_title="Point of Care" type_of_page="Take Action Page">
		<field color_code="" group="definition" link="" name="" options="" property="" type="definition"/>
		<field color_code="" group="first_actions" link="" name="Take Action: Heavy Bleeding" options="" property="" type="first_section_head"/>
		<field color_code="" group="first_actions" link="" name="Refer client to a health center or hospital IMMEDIATELY" options="" property="Select" type="first_actions"/>
		<field color_code="" group="first_actions" link="" name="Call provider and arrange transport " options="" property="Select" type="first_actions"/>
		<field color_code="" group="first_actions" link="" name="Organize blood donors" options="" property="Select" type="first_actions"/>
		<field color_code="" group="first_actions" link="" name="pnc_management_of_danger_signs/29.png" options="" property="" type="image"/>
		<field color_code="" group="transport_actions" link="" name="While waiting for transport: " options="" property="" type="transport_section_head"/>
		<field color_code="" group="transport_actions" link="" name="Place client in a lying-down position  " options="" property="Select" type="transport_actions"/>
		<field color_code="" group="transport_actions" link="" name="DO NOT perform vaginal exam" options="" property="Select" type="transport_actions"/>
		<field color_code="" group="transport_actions" link="" name="Give 2 tablets of paracetamol for pain" options="" property="Select" type="transport_actions"/>
		<field color_code="" group="transport_actions" link="" name="Encourage fluid intake " options="" property="Select" type="transport_actions"/>
		<field color_code="" group="second_actions" link="" name="Record clinical information in client’s maternal health or “Red” book. If possible, also fill out referral form " options="" property="Select" type="second_actions"/>
		<field color_code="" group="second_actions" link="" name="Accompany mother and have a family member accompany mother to the health facility" options="" property="Select" type="second_actions"/>
		<field color_code="" group="second_actions" link="" name="Follow up with client after discharge from health center or hospital" options="" property="Select" type="second_actions"/>
		<field color_code="Default" group="actions" link="" name="" options="" property="" type="button"/>
	</form>
</xmlgui>