<?xml version="1.0"?>
<xmlgui><form name="management_of_danger_signs_1" type_of_page="Info Page" page_title="Point of Care" page_subtitle="PNC Diagnostic Mother: PNC Management of Danger Signs&gt; Management of Danger Signs 1" color_code="Select"><field name="Ask" link="" type="header" group="section_header" color_code="" property="" options=""/><field name="Did you attend antenatal clinic? " link="" type="section_items" group="section_items" color_code="" property="Select" options=""/><field name="Where did you deliver? " link="" type="section_items" group="section_items" color_code="" property="Select" options=""/><field name="When did you deliver?" link="" type="section_items" group="section_items" color_code="" property="Select" options=""/><field name="How long was labour and delivery? " link="" type="section_items" group="section_items" color_code="" property="Select" options=""/><field name="Do you have any concerns? " link="" type="section_items" group="section_items" color_code="" property="Select" options=""/><field name="Any bleeding? How much blood did you lose?" link="" type="section_items_sub" group="section_items" color_code="" property="Select" options=""/><field name="Severe headache/blurred vision? " link="" type="section_items_sub" group="section_items" color_code="" property="Select" options=""/><field name="Severe abdominal pain? " link="" type="section_items_sub" group="section_items" color_code="" property="Select" options=""/><field name="Pain in the calf? " link="" type="section_items_sub" group="section_items" color_code="" property="Select" options=""/><field name="Painful micturition (urination)? " link="" type="section_items_sub" group="section_items" color_code="" property="Select" options=""/><field name="Next" color_code="Default" link="pnc_management_of_danger_signs/management_of_danger_signs_two" type="button" group="actions" property="" options=""/></form></xmlgui>
