<?xml version="1.0"?>
<xmlgui><form name="management_of_danger_signs_three" type_of_page="Take Action Classification Page" page_title="Point of Care" page_subtitle="PNC Diagnostic Mother: PNC Management of Danger Signs&gt; Management of Danger Signs Three" color_code="Select"><field name="Does the mother have any of the following symptoms?" link="" type="question" group="questions" color_code="" property="" options=""/><field name="Difficulty breathing or cyanosis " link="pnc_management_of_danger_signs/difficulty_breathing_or_cyanosis" type="answers" group="answers" color_code="" property="" options="Click here to take action"/><field name="Shock" link="pnc_management_of_danger_signs/shock" type="answers" group="answers" color_code="" property="" options="Click here to take action"/><field name="Heavy bleeding " link="pnc_management_of_danger_signs/heavy_bleeding" type="answers" group="answers" color_code="" property="" options="Click here to take action"/><field name="Convulsing (now or recently), Unconscious " link="pnc_management_of_danger_signs/convulsing_now_or_recently_unconscious" type="answers" group="answers" color_code="" property="" options="Click here to take action"/><field name="Severe headache/blurred vision " link="pnc_management_of_danger_signs/severe_headache_blurred_vision" type="answers" group="answers" color_code="" property="" options="Click here to take action"/><field name="Diastolic BP &#x2265; 90 mmHg" link="pnc_management_of_danger_signs/diastolic_bp_greater_than_90_mmhg" type="answers" group="answers" color_code="" property="" options="Click here to take action"/><field name="Severe abdominal pain " link="pnc_management_of_danger_signs/severe_abdominal_pain" type="answers" group="answers" color_code="" property="" options="Click here to take action"/><field name="Persistent vomiting" link="pnc_management_of_danger_signs/persistent_vomiting" type="answers" group="answers" color_code="" property="" options="Click here to take action"/><field name="Pain in calf with or without swelling " link="pnc_management_of_danger_signs/pain_in_calf_with_or_without_swelling" type="answers" group="answers" color_code="" property="" options="Click here to take action"/><field name="Painful or tender wound" link="pnc_management_of_danger_signs/painful_or_tender_wound" type="answers" group="answers" color_code="" property="" options="Click here to take action"/><field name="Pain on urination/dribbling urine" link="pnc_management_of_danger_signs/pain_on_urination_dribbling_urine" type="answers" group="answers" color_code="" property="" options="Click here to take action"/><field name="Pallor" link="pnc_management_of_danger_signs/pallor" type="answers" group="answers" color_code="" property="" options="Click here to take action"/><field name="Abnormal behaviour/depression  " link="pnc_management_of_danger_signs/abnormal_behaviour_depression" type="answers" group="answers" color_code="" property="" options="Click here to take action"/><field name="" color_code="Default" property="" link="" type="button" group="actions" options=""/></form></xmlgui>
