<?xml version="1.0"?>
<xmlgui><form name="management_of_danger_signs_two" type_of_page="Info Page" page_title="Point of Care" page_subtitle="PNC Diagnostic Mother: PNC Management of Danger Signs&gt; Management of Danger Signs Two" color_code="Select"><field name="Look, Listen, Feel" link="" type="header" group="section_header" color_code="" property="" options=""/><field name="CHECK AIRWAY/BREATHING " link="" type="section_items" group="section_items" color_code="" property="Underlined" options=""/><field name="Is the mother having difficulty breathing?  " link="" type="section_items_sub" group="section_items" color_code="" property="Select" options=""/><field name="Does the mother have central cyanosis?    " link="" type="section_items_sub" group="section_items" color_code="" property="Select" options=""/><field name="CHECK FOR SHOCK" link="" type="section_items" group="section_items" color_code="" property="Underlined" options=""/><field name="Look for signs of shock: " link="" type="section_items_sub" group="section_items" color_code="" property="Select" options=""/><field name="Cold moist skin " link="" type="section_items_sub_sub" group="section_items" color_code="" property="Select" options=""/><field name="Weak or fast pulse: &gt;110/min " link="" type="section_items_sub_sub" group="section_items" color_code="" property="Select" options=""/><field name="Check BP: is it systolic BP &lt;90 mmHg? " link="" type="section_items_sub_sub" group="section_items" color_code="" property="Select" options=""/><field name="LOOK FOR BLEEDING " link="" type="section_items" group="section_items" color_code="" property="Underlined" options=""/><field name="Is the mother bleeding heavily?  " link="" type="section_items_sub" group="section_items" color_code="" property="Select" options=""/><field name="Pad or cloth soaked in &lt;5 min " link="" type="section_items_sub_sub" group="section_items" color_code="" property="Select" options=""/><field name="Constant trickling of blood" link="" type="section_items_sub_sub" group="section_items" color_code="" property="Select" options=""/><field name="Bleeding &gt;250 mL or delivered outside health facility and still bleeding" link="" type="section_items_sub_sub" group="section_items" color_code="" property="Select" options=""/><field name="CHECK FOR CONVULSION, CONSCIOUSNESS" link="" type="section_items" group="section_items" color_code="" property="Underlined" options=""/><field name="Look at mother&#x2019;s movements. " link="" type="section_items_sub" group="section_items" color_code="" property="Select" options=""/><field name="Is the mother convulsing now (abnormal movements of part or the whole body)? Or has she recently convulsed? " link="" type="section_items_sub" group="section_items" color_code="" property="Select" options=""/><field name="Is the mother conscious? " link="" type="section_items_sub" group="section_items" color_code="" property="Select" options=""/><field name="Take mother&#x2019;s temperature. " link="" type="section_items_sub" group="section_items" color_code="" property="Select" options=""/><field name="Does she have a fever &gt;38C? " link="" type="section_items_sub_sub" group="section_items" color_code="" property="Select" options=""/><field name="Check: pulse, weight, BP if possible " link="" type="section_items_sub" group="section_items" color_code="" property="Select" options=""/><field name="Next" color_code="Default" link="pnc_management_of_danger_signs/management_of_danger_signs_three" type="button" group="actions" property="" options=""/></form></xmlgui>
