<?xml version="1.0"?>
<xmlgui><form name="severe_headache_blurred_vision" type_of_page="Info Page" page_title="Point of Care" page_subtitle="PNC Diagnostic Mother: PNC Management of Danger Signs&gt; Severe headache/blurred vision " color_code="Red"><field name="Severe headache/blurred vision " link="" type="header" group="section_header" color_code="" property="" options=""/><field name="Refer client to a health center or hospital IMMEDIATELY" link="" type="section_items" group="section_items" color_code="" property="Select" options=""/><field name="pnc_management_of_danger_signs/31.png" link="" type="image" group="section_items" color_code="" property="" options=""/><field name="Call provider and arrange transport " link="" type="section_items" group="section_items" color_code="" property="Select" options=""/><field name="Record clinical information in client&#x2019;s maternal health or &#x201C;Red&#x201D; book. If possible, also fill out referral form" link="" type="section_items" group="section_items" color_code="" property="Select" options=""/><field name="Accompany mother and have a family member accompany mother to the health facility" link="" type="section_items" group="section_items" color_code="" property="Select" options=""/><field name="Follow up with client after discharge from health center or hospital" link="" type="section_items" group="section_items" color_code="" property="Select" options=""/><field name="" color_code="Default" link="" type="button" group="actions" property="" options=""/></form></xmlgui>
