<?xml version="1.0"?>
<xmlgui><form name="breast_problems" type_of_page="Info Page" page_title="Point of Care" page_subtitle="ANC Diagnostic: Breast Problems  &gt; Breast Problems" color_code="Select"><field name="How to can prevent common breastfeeding difficulties " link="" type="header" group="section_header" color_code="" property="" options=""/><field name="Position and attach baby correctly on the breast.  Breastfeeding should not hurt" link="" type="section_items" group="section_items" color_code="" property="Select" options=""/><field name="If you develop cracked nipples, put some breast milk on them.  Do not use any types of creams or ointments except when prescribed by a health care provider " link="" type="section_items" group="section_items" color_code="" property="Select" options=""/><field name="Feed frequently to prevent breasts from becoming swollen" link="" type="section_items" group="section_items" color_code="" property="Select" options=""/><field name="If baby misses a feed you should express some milk to breast soft" link="" type="section_items" group="section_items" color_code="" property="Select" options=""/><field name="If one or both breasts become painful or hot to the touch, mother should contact a health care provider" link="" type="section_items" group="section_items" color_code="" property="Select" options=""/><field name="If you have any trouble practicing exclusive breastfeeding, discuss with a trained counselor" link="" type="section_items" group="section_items" color_code="" property="Select" options=""/><field name="" link="" type="section_items" group="section_items" color_code="" property="Select" options=""/><field name="breast_problems/1.png" link="" type="image" group="section_items" color_code="" property="" options=""/><field name="NEXT" color_code="Default" link="breast_problems/breast_problems_two" type="button" group="actions" property="" options=""/></form></xmlgui>
