<?xml version="1.0"?>
<xmlgui><form name="breast_problems_three" type_of_page="Info Page" page_title="Point of Care" page_subtitle="PNC Counselling: Breast Problems  &gt; Breast Problems THREE" color_code="Select"><field name="Counsel Mother on Cracked/Sore Nipples" link="" type="header" group="section_header" color_code="" property="" options=""/><field name="Continue breastfeeding " link="" type="section_items" group="section_items" color_code="" property="Select" options=""/><field name="Make sure baby correctly position and attach properly to your breast " link="" type="section_items" group="section_items" color_code="" property="Select" options=""/><field name="Apply breast milk to affected nipple after feeding and air dry " link="" type="section_items" group="section_items" color_code="" property="Select" options=""/><field name="" link="" type="section_items" group="section_items" color_code="" property="Select" options=""/><field name="" link="" type="section_items" group="section_items" color_code="" property="Select" options=""/><field name="" link="" type="section_items" group="section_items" color_code="" property="Select" options=""/><field name="Counsel Mother on Mastitis " link="" type="header" group="section_header" color_code="" property="" options=""/><field name="Continue breastfeeding " link="" type="section_items" group="section_items" color_code="" property="Select" options=""/><field name="Make sure baby correctly position and attach properly to your breast" link="" type="section_items" group="section_items" color_code="" property="Select" options=""/><field name="Empty breasts by expressing breast milk " link="" type="section_items" group="section_items" color_code="" property="Select" options=""/><field name="Apply warm compress before feeds and cold compress in-between feeds " link="" type="section_items" group="section_items" color_code="" property="Select" options=""/><field name="Breastfeed more frequently, once mother starts treatment  " link="" type="section_items" group="section_items" color_code="" property="Select" options=""/><field name="" link="" type="section_items" group="section_items" color_code="" property="Select" options=""/><field name="" color_code="Default" link="" type="button" group="actions" property="" options=""/></form></xmlgui>
