<?xml version="1.0"?>
<xmlgui>
	<form name="self-care_and_personal_hygiene1" type_of_page="Info Page" page_title="Point of Care" page_subtitle="CWC Counselling: Self-Care And Personal Hygiene&gt; Self-Care And Personal Hygiene1" color_code="Select">
		<field name="Self-care and Personal Hygiene | Counseling" link="" type="header" group="section_header" color_code="" property="" options=""/>
		<field name="Advise mother to keep her body clean, especially hands, and breasts to minimise infection" link="" type="section_items" group="section_items" color_code="" property="Select" options=""/>
		<field name="Advise mother how to keep genital area clean:" link="" type="section_items" group="section_items" color_code="" property="Select" options=""/>
		<field name="Keep genital area clean and dry" link="" type="section_items_sub" group="section_items" color_code="" property="Select" options=""/>
		<field name="Change perineal pads every 4-6 hours during the first week, and twice daily thereafter " link="" type="section_items_sub" group="section_items" color_code="" property="Select" options=""/>
		<field name="Avoid douching, insertion of herbal products and use of tampons " link="" type="section_items_sub" group="section_items" color_code="" property="Select" options=""/>
		<field name="Use clean cotton underwear, and use loose fitting clothing " link="" type="section_items_sub" group="section_items" color_code="" property="Select" options=""/>
		<field name="Wipe genitals from front to back (vulva to anus)" link="" type="section_items_sub" group="section_items" color_code="" property="Select" options=""/>
	
		<field name="NEXT" color_code="Default" link="self-care_and_personal_hygiene/self-care_and_personal_hygiene_two" type="button" group="actions" property="" options=""/>
	</form>
</xmlgui>
