<?xml version="1.0"?>
<xmlgui><form name="no_signs_of_pneumonia_or_very_severe_disease" type_of_page="Info Page" page_title="Point of Care" page_subtitle="CWC Diagnostic: Cough Or Difficult Breathing&gt; No Signs of Pneumonia or Very Severe Disease" color_code="Green"><field name="Cough or Cold | Take Action" link="" type="header" group="section_header" color_code="" property="" options=""/><field name="If child has been coughing for &gt; 2 weeks, refer to health center or hospital for further assessment" link="" type="section_items" group="section_items" color_code="" property="Bold Red" options=""/><field name="Teach mother/caregiver to soothe the throat and relieve cough with a safe remedy " link="teach_mother_to_treat_local_infections_at_home/soothe_throat_and_relieve_cough_references" type="section_items" group="section_items" color_code="" property="Select" options=""/><field name="Teach mother/caregiver to give oral antibiotics at home " link="teach_mother_to_give_oral_drugs_at_home/oral_antibiotics" type="section_items" group="section_items" color_code="" property="Select" options=""/><field name="If child still breastfeeds, observe mother breastfeeding and provide counseling on breast attachment and positioning, if necessary " link="feeding_a_healthy_child/breastfeeding_attachment_and_position" type="section_items" group="section_items" color_code="" property="Select" options=""/><field name="Counsel mother/caregiver on feeding a sick child " link="feeding_a_healthy_child/feeding_a_healthy_child1" type="section_items" group="section_items" color_code="" property="Select" options=""/><field name="Advise mother/caregiver when to return for care immediately " link="when_to_seek_care_immediately/_when_to_seek_care_immediately1" type="section_items" group="section_items" color_code="" property="Select" options=""/><field name="Advise mother/caregiver to return for follow-up care in 5 days " link="" type="section_items" group="section_items" color_code="" property="Select" options=""/><field name="Record clinical care in Child Health Record &#x201C;green&#x201D; book" link="" type="section_items" group="section_items" color_code="" property="Select" options=""/><field name="" color_code="Default" link="" type="button" group="actions" property="" options=""/></form></xmlgui>
