<?xml version="1.0"?>
<xmlgui><form name="pneumonia" type_of_page="Info Page" page_title="Point of Care" page_subtitle="CWC Diagnostic: Cough Or Difficult Breathing&gt; Pneumonia" color_code="Select"><field name="Pneumonia | Take Action " link="" type="header" group="section_header" color_code="" property="" options=""/><field name="Administer oral amoxicillin for 5 days, as given below: " link="" type="section_items" group="section_items" color_code="" property="Select" options=""/><field name="cough or difficult breathing/2.png" link="" type="image" group="section_items" color_code="" property="" options=""/><field name="" link="" type="section_items" group="section_items" color_code="" property="Select" options=""/><field name="If child has been coughing for &gt; 2 weeks, refer to health center or hospital for further assessment" link="" type="section_items" group="section_items" color_code="" property="Select" options=""/><field name="NEXT" color_code="Default" link="cough or difficult breathing/pneumonia_two" type="button" group="actions" property="" options=""/></form></xmlgui>
