<?xml version="1.0"?>
<xmlgui><form name="emergencies_1" type_of_page="Take Action Classification Page" page_title="Point of Care" page_subtitle="ANC Diagnostic: ANC Emergencies&gt; Emergencies 1" color_code="Select"><field name="Does the mother have any of the following emergencies?" link="" type="question" group="questions" color_code="" property="" options=""/><field name="Difficulty breathing " link="anc_emergencies/difficulty_breathing" type="answers" group="answers" color_code="" property="" options="Click here to take action"/><field name="Shock  " link="anc_emergencies/shock" type="answers" group="answers" color_code="" property="" options="Cold, moist skin  | Weak but fast pulse | Systolic BP &#x2264; 90 mmHg | Click here to take action"/><field name="Heavy bleeding " link="anc_emergencies/heavy_bleeding" type="answers" group="answers" color_code="" property="" options="Click here to take action"/><field name="Edema of the feet and hands, face, or ankles " link="anc_emergencies/edema_of_the_feet_and_hands_face_or_ankles" type="answers" group="answers" color_code="" property="" options="Click here to take action"/><field name="No Acute Emergencies" link="anc_emergencies/no_acute_emergencies" type="answers" group="answers" color_code="" property="" options="Click here to take action"/><field name="" color_code="Default" property="" link="" type="button" group="actions" options=""/></form></xmlgui>
