<?xml version="1.0"?>
<xmlgui>
	<form name="diarrhoea3" type_of_page="Question Page" page_title="Point of Care" page_subtitle="CWC Diagnostic: Assessment of Child: Main Symptoms: Diarrhoea3" color_code="Select">
		<field name="" link="" type="question" group="questions" color_code="" options=""/>
		<field name="Diarrhoea with Severe Dehydration" link="child_assessment_diarrhoea/diarrhoea_with_severe_dehydration" type="answers" group="answers" color_code="" options=""/>
		<field name="Diarrhoea with Some Dehydration" link="child_assessment_diarrhoea/diarrheoa_with_some_dehydration" type="answers" group="answers" color_code="" options=""/>
		<field name="Diarrhoea with No Dehydration" link="child_assessment_diarrhoea/diarrhoea_with_no_dehydration" type="answers" group="answers" color_code="" options=""/>
		<field name="Severe Persistent Diarrhoea" link="child_assessment_diarrhoea/severe_persistent_diarrhoea" type="answers" group="answers" color_code="" options=""/>
		<field name="Persistent Diarrhoea" link="child_assessment_diarrhoea/persistent_diarrhoea" type="answers" group="answers" color_code="" options=""/>
		<field name="Dysentry" link="child_assessment_diarrhoea/dysentry" type="answers" group="answers" color_code="" options=""/>
	</form>
</xmlgui>
