<?xml version="1.0"?>
<xmlgui>
	<form name="diarrheoa_with_some_dehydration" type_of_page="Take Action Page" page_title="Point of Care" page_subtitle="CWC Diagnostic: Assessment of Child: Main Symptoms: Diarrhoea&gt; Diarrheoa with Some Dehydration" color_code="Amber">
		<field name="Restless or irritable | Sunken eyes | Drinks eagerly, thirsty | Skin pinch goes back slowly.&#13;&#10;" link="" type="text" group="definition" color_code="" options=""/>
		<field name="Take Action: Diarrheoa with Some Dehydration" link="" type="first_section_head" group="first_actions" color_code="" options=""/>
		<field name="If child has also got another severe classification or condition after assessment:" link="" type="first_actions" group="first_actions" color_code="" options=""/>
		<field name="Refer the child to a health center or hospital IMMEDIATELY" link="" type="first_actions" group="first_actions" color_code="" options=""/>
		<field name="Prepare ORS" link="" type="first_actions" group="first_actions" color_code="" options=""/>
		<field name="Advise mother to be giving frequent sips of ORS one the way to higher health facility, if child can take sips" link="" type="first_actions" group="first_actions" color_code="" options=""/>
		<field name="Advise mother to continue breastfeeding if still breastfeeding" link="" type="first_actions" group="first_actions" color_code="" options=""/>
		<field name="If child has No Other severe classification or condition:" link="" type="first_actions" group="first_actions" color_code="" options=""/>
		<field name="Give recommended amount of ORS over 4-hour period in your facility:" link="" type="first_actions" group="first_actions" color_code="" options=""/>
		<field name="child_assessment_diarrhoea/diarrheoa_with_some_dehydration.JPG" link="" type="image" group="first_actions" color_code="" options=""/>
		<field name="If the child wants more ORS than shown, give more" link="" type="first_actions" group="first_actions" color_code="" options=""/>
		<field name="Continue treatment with fluid, food and zinc supplements for some dehydration &#x2013;Plan B" link="" type="first_actions" group="first_actions" color_code="" options=""/>
		<field name="Give Zinc Tablet [Age: 2months to 5 years] for 14 days" link="" type="first_actions" group="first_actions" color_code="" options=""/>
		<field name="TELL THE MOTHER HOW MUCH ZINC TO GIVE (20 mg tab) : 2 months up to 6 months&#x2014; 1/2 tablet daily for 14 days 6 months or more &#x2014;1 tablet daily for 14 days" link="" type="first_actions" group="first_actions" color_code="" options=""/>
		<field name="Advise mother on when to return for care immediately per table below: WHEN TO RETURN IMMEDIATELY" link="" type="first_actions" group="first_actions" color_code="" options=""/>
		<field name="child_assessment_diarrhoea/when_to_return_diarrhoea.JPG" link="" type="image" group="first_actions" color_code="" options=""/>
		<field name="" link="" type="first_actions" group="first_actions" color_code="" options=""/>
		<field name="While waiting for transport: " link="" type="transport_section_head" group="transport_actions" color_code="" options=""/>
		<field name="" link="" type="transport_actions" group="transport_actions" color_code="" options=""/>
		<field name="Observe mother breastfeeding and counsel her on positioning and attachment if necessary. " link="" type="second_actions" group="second_actions" color_code="" options=""/>
		<field name="Counsel mother on feeding a sick child" link="" type="second_actions" group="second_actions" color_code="" options=""/>
		<field name="Advise caregiver to return after 5 days if condition is not improving" link="" type="second_actions" group="second_actions" color_code="" options=""/>
		<field name="Discharge caregiver and child and document" link="" type="second_actions" group="second_actions" color_code="" options=""/>
</form>
	</xmlgui>
