<?xml version="1.0"?>
<xmlgui><form name="diarrhoea_with_no_dehydration_two" type_of_page="Info Page" page_title="Point of Care" page_subtitle="PNC Diagnostic Newborn: PNC Diarrhoea&gt; Diarrhoea with No Dehydration  Two" color_code="Select"><field name="Give Extra Fluids (as much as the child will take) " link="" type="header" group="section_header" color_code="" property="" options=""/><field name="" link="" type="section_items" group="section_items" color_code="" property="Select" options=""/><field name="Tell mother to: " link="" type="header" group="section_header" color_code="" property="" options=""/><field name="Breastfeed frequently and for longer at each feed " link="" type="section_items" group="section_items" color_code="" property="Select" options=""/><field name="If baby is exclusively breastfed, give ORS or clean water in addition to breast milk " link="" type="section_items" group="section_items" color_code="" property="Select" options=""/><field name="If baby is NOT exclusively breastfed, give one or more of the following: " link="" type="section_items" group="section_items" color_code="" property="Select" options=""/><field name="ORS " link="" type="section_items_sub" group="section_items" color_code="" property="Select" options=""/><field name="Safe food-based fluids: such as soup without pepper, strained rice water, mashed kenkey with clean water, coconut water, koko (porridge)  " link="" type="section_items_sub" group="section_items" color_code="" property="Select" options=""/><field name="Clean water " link="" type="section_items_sub" group="section_items" color_code="" property="Select" options=""/><field name="It is especially important to give ORS at home when:" link="" type="header" group="section_header" color_code="" property="" options=""/><field name="The baby has been treated with some or severe dehydration during this visit" link="" type="section_items" group="section_items" color_code="" property="Select" options=""/><field name="The baby cannot return to a health facility if the diarrhoea gets worse " link="" type="section_items" group="section_items" color_code="" property="Select" options=""/><field name="Next" color_code="Default" link="pnc_diarrhoea/diarrhoea_with_no_dehydration_three" type="button" group="actions" property="" options=""/></form></xmlgui>
