<?xml version="1.0"?>
<xmlgui><form name="diarrhoea_with_no_dehydration_three" type_of_page="Info Page" page_title="Point of Care" page_subtitle="PNC Diagnostic Newborn: PNC Diarrhoea&gt; Diarrhoea with No Dehydration  Three" color_code="Green"><field name="Give Extra Fluids (continued)" link="" type="header" group="section_header" color_code="" property="" options=""/><field name="Teach the mother how to mix and give ORS.  " link="" type="section_items" group="section_items" color_code="" property="Select" options=""/><field name="Give her 3 packets of ORS to use at home " link="" type="section_items" group="section_items" color_code="" property="Select" options=""/><field name="Show the mother how much fluid to give in addition to the usual fluid intake: " link="" type="section_items" group="section_items" color_code="" property="Select" options=""/><field name="0 - 2 years of age: 50 &#x2013; 100 mL after each loose stool " link="" type="section_items_sub" group="section_items" color_code="" property="Select" options=""/><field name="" link="" type="section_items" group="section_items" color_code="" property="Select" options=""/><field name="Tell mother to: " link="" type="header" group="section_header" color_code="" property="" options=""/><field name="Give frequent small sips from a clean cup " link="" type="section_items" group="section_items" color_code="" property="Select" options=""/><field name="If the child vomits, wait 10 minutes. Then continue, but more slowly" link="" type="section_items" group="section_items" color_code="" property="Select" options=""/><field name="Continue giving extra fluid until the diarrhoea stops " link="" type="section_items" group="section_items" color_code="" property="Select" options=""/><field name="" link="" type="section_items" group="section_items" color_code="" property="Select" options=""/><field name="" link="" type="section_items" group="section_items" color_code="" property="Select" options=""/><field name="Next" color_code="Default" link="pnc_diarrhoea/diarrhoea_with_no_dehydration_four" type="button" group="actions" property="" options=""/></form></xmlgui>
