<?xml version="1.0"?>
<xmlgui><form name="diarrheoa_two" type_of_page="Take Action Classification Page" page_title="Point of Care" page_subtitle="PNC Diagnostic Newborn: PNC Diarrhoea&gt; Diarrheoa Two" color_code="Select"><field name="Does the baby have any of following symptoms?" link="" type="question" group="questions" color_code="" property="" options=""/><field name="Diarrhoea with Severe Dehydration " link="pnc_diarrhoea/diarrhoea_with_severe_dehydration" type="answers" group="answers" color_code="" property="" options="Movement only when stimulated or no movement  | Sunken eyes | Skin pinch goes back very slowly |Click here to take action"/><field name="Diarrhoea with Some Dehydration" link="pnc_diarrhoea/diarrhoea_with_some_dehydration" type="answers" group="answers" color_code="" property="" options="Restless and irritable |&#9;Sunken eyes |Skin pinch goes back slowly | Click here to take action"/><field name="Diarrhoea with No Dehydration " link="pnc_diarrhoea/diarrhoea_with_no_dehydration" type="answers" group="answers" color_code="" property="" options="Not enough signs to classify as some or severe dehydration | Click here to take action"/><field name="Severe persistent diarrhoea " link="pnc_diarrhoea/severe_persistent_diarrhoea" type="answers" group="answers" color_code="" property="" options="Diarrhoea lasting &#x2265; 14 days |Click here to take action"/><field name="Blood in stool" link="pnc_diarrhoea/blood_in_stool" type="answers" group="answers" color_code="" property="" options="Click here to take action"/><field name="No diarrhoea or dehydration " link="pnc_diarrhoea/no_diarrhoea_or_dehydration" type="answers" group="answers" color_code="" property="" options="Click here to take action"/><field name="" color_code="Default" property="" link="" type="button" group="actions" options=""/></form></xmlgui>
