<?xml version="1.0"?>
<xmlgui><form name="diarrheoa_1" type_of_page="Info Page" page_title="Point of Care" page_subtitle="PNC Diagnostic Newborn: PNC Diarrhoea&gt; Diarrheoa 1" color_code="Select"><field name="ASK" link="" type="header" group="section_header" color_code="" property="" options=""/><field name="Does the baby have diarrhoea? " link="" type="section_items" group="section_items" color_code="" property="Select" options=""/><field name="LOOK, LISTEN, FEEL" link="" type="header" group="section_header" color_code="" property="" options=""/><field name="Look at the baby&#x2019;s general conditions " link="" type="section_items" group="section_items" color_code="" property="Select" options=""/><field name="Look at the baby&#x2019;s movements: " link="" type="section_items" group="section_items" color_code="" property="Select" options=""/><field name="Does the baby move on his/her own? " link="" type="section_items_sub" group="section_items" color_code="" property="Select" options=""/><field name="Does the baby move even when stimulated but then stops? " link="" type="section_items_sub" group="section_items" color_code="" property="Select" options=""/><field name="Does the baby not move at all? " link="" type="section_items_sub" group="section_items" color_code="" property="Select" options=""/><field name="Is the baby restless and irritable? " link="" type="section_items_sub" group="section_items" color_code="" property="Select" options=""/><field name="Look for sunken eyes" link="" type="section_items" group="section_items" color_code="" property="Select" options=""/><field name="Pinch the skin of the abdomen. Does it go back? If so, does it go back: " link="" type="section_items" group="section_items" color_code="" property="Select" options=""/><field name="Very slowly: longer than 2 seconds? " link="" type="section_items_sub" group="section_items" color_code="" property="Select" options=""/><field name="Slowly" link="" type="section_items_sub" group="section_items" color_code="" property="Select" options=""/><field name="Next" color_code="Default" link="pnc_diarrhoea/diarrheoa_two" type="button" group="actions" property="" options=""/></form></xmlgui>
