<?xml version="1.0"?>
<xmlgui><form name="family_planning_in_the_postpartum_period" type_of_page="Info Page" page_title="Point of Care" page_subtitle="PNC Counselling: Family Planning in the Postpartum Period &gt; Family Planning in the Postpartum Period" color_code="Select"><field name="Counsel mother on benefits of postpartum family planning, and importance of birth spacing before having other children" link="" type="header" group="section_header" color_code="" property="" options=""/><field name="Healthy timing and spacing of pregnancy means waiting at least 2-3 years before becoming pregnant women " link="" type="section_items" group="section_items" color_code="" property="Select" options=""/><field name="Spacing your children allows: " link="" type="section_items" group="section_items" color_code="" property="Select" options=""/><field name="More time to breastfeed and care for each child " link="" type="section_items_sub" group="section_items" color_code="" property="Select" options=""/><field name="More time for your body to recover between pregnancies" link="" type="section_items_sub" group="section_items" color_code="" property="Select" options=""/><field name="More money because you have fewer children, and thus fewer expenses for school fees, clothing, food, etc. " link="" type="section_items_sub" group="section_items" color_code="" property="Select" options=""/><field name="Feeding your baby only breast milk for the first 6 months helps to space births in a way that is healthy for both you and your baby " link="" type="section_items" group="section_items" color_code="" property="Select" options=""/><field name="" link="" type="section_items" group="section_items" color_code="" property="Select" options=""/><field name="family_planning_in_the_postpartum_period/46.png" link="" type="image" group="section_items" color_code="" property="" options=""/><field name="NEXT" color_code="Default" link="family_planning_in_the_postpartum_period/family_planning_in_the_postpartum_period_two" type="button" group="actions" property="" options=""/></form></xmlgui>
