<?xml version="1.0"?>
<xmlgui>
<form name="no_anaemia" type_of_page="Take Action Page" page_title="Point of Care" page_subtitle="CWC Diagnostic: Assessment of Child: Main Symptoms: Anaemia&gt; No Anaemia" color_code="Green">
	<field name="" link="" type="definition" group="definition" color_code="" options=""/>
	<field name="Take Action: No Anaemia" link="" type="first_section_head" group="first_actions" color_code="" options=""/>
	<field name="If child is less than 2 years old, assess the child&#x2019;s feeding" link="" type="first_actions" group="first_actions" color_code="" options=""/>
	<field name="Counsel the mother according to the feeding recommendations " link="" type="first_actions" group="first_actions" color_code="" options=""/>
	<field name="Observe mother breastfeeding and counsel her on positioning and attachment if necessary" link="" type="first_actions" group="first_actions" color_code="" options=""/>
	<field name="If child&#x2019;s condition is as a result of a feeding problem, advise mother to return for care in 5 days" link="" type="first_actions" group="first_actions" color_code="" options=""/>
	<field name="" link="" type="transport_actions" group="transport_actions" color_code="" options=""/>
	<field name="" link="" type="second_actions" group="second_actions" color_code="" options=""/>
	<field name="" color_code="Default" link="" type="button" group="actions" options=""/>
	<field name="" color_code="Default" link="" type="button" group="actions" options=""/>
</form>
</xmlgui>
