<?xml version="1.0"?>
<xmlgui><form name="other_problems1" type_of_page="Info Page" page_title="Point of Care" page_subtitle="CWC Diagnostic: Other Problems&gt;Other Problems1 " color_code="Select"><field name="ASK, LOOK, AND FEEL" link="" type="header" group="section_header" color_code="" property="" options=""/><field name="Assess for other problems " link="" type="section_items" group="section_items" color_code="" property="Select" options=""/><field name="Sickle cell disease " link="" type="section_items_sub" group="section_items" color_code="" property="Select" options=""/><field name="Skin problems " link="" type="section_items_sub" group="section_items" color_code="" property="Select" options=""/><field name="Other infections and disease  " link="" type="section_items_sub" group="section_items" color_code="" property="Select" options=""/><field name="" link="" type="section_items" group="section_items" color_code="" property="Select" options=""/><field name="" link="" type="section_items" group="section_items" color_code="" property="Select" options=""/><field name="NEXT" color_code="Default" link="other_problems/other_problems_two" type="button" group="actions" property="" options=""/></form></xmlgui>
