<?xml version="1.0"?>
<xmlgui><form name="other_problems_two" type_of_page="Info Page" page_title="Point of Care" page_subtitle="CWC Diagnostic: Other Problems&gt;Other Problems TWO" color_code="Amber"><field name="Other Health Problems | Take Action " link="" type="header" group="section_header" color_code="" property="" options=""/><field name="Administer appropriate treatment of other health conditions based on assessment " link="" type="section_items" group="section_items" color_code="" property="Select" options=""/><field name="Refer children with signs of severe disease or emergencies to a health center or hospital IMMEDIATELY " link="" type="section_items" group="section_items" color_code="" property="Select" options=""/><field name="Ensure child&#x2019;s immunization status is up to date " link="immunization_and_vitamin_a_status/immunization_and_vitamin_a_status1" type="section_items" group="section_items" color_code="" property="Select" options=""/><field name="Advise mother/caregiver when to return for care immediately " link="when_to_seek_care_immediately/_when_to_seek_care_immediately1" type="section_items" group="section_items" color_code="" property="Select" options=""/><field name="Advise mother/caregiver when to return for the next routine visit" link="" type="section_items" group="section_items" color_code="" property="Select" options=""/><field name="Record clinical care in Child Health Record &#x201C;green&#x201D; book" link="" type="section_items" group="section_items" color_code="" property="Select" options=""/>
<field name="Proceed to assess for HIV infection, if trained " link="hiv_infection/hiv_infection1" type="section_items" group="section_items" color_code="" property="Select" options=""/></form></xmlgui>
