<?xml version="1.0"?>
<xmlgui><form name="immunization_and_vitamin_a_status1" type_of_page="Info Page" page_title="Point of Care" page_subtitle="CWC Diagnostic: Immunization And Vitamin A Status&gt; Immunization And Vitamin A Status1" color_code="Select"><field name="ASK, CHECK RECORDS" link="" type="header" group="section_header" color_code="" property="" options=""/><field name="How old is the child?" link="" type="section_items" group="section_items" color_code="" property="Select" options=""/><field name="Determine child&#x2019;s age in weeks, months, and/or years using age calculator [link to CWC age calculator] " link="" type="section_items_sub" group="section_items" color_code="" property="Select" options=""/><field name="Check records to determine what immunizations child has received and due.  " link="" type="section_items" group="section_items" color_code="" property="Select" options=""/><field name="Is the child aged 6 months or older? " link="" type="section_items" group="section_items" color_code="" property="Select" options=""/><field name="as the child received a dose of vitamin A in the previous 6 months? " link="" type="section_items" group="section_items" color_code="" property="Select" options=""/><field name="" link="" type="section_items" group="section_items" color_code="" property="Select" options=""/><field name="" link="" type="section_items" group="section_items" color_code="" property="Select" options=""/><field name="" link="" type="section_items" group="section_items" color_code="" property="Select" options=""/><field name="" link="" type="section_items" group="section_items" color_code="" property="Select" options=""/><field name="" link="" type="section_items" group="section_items" color_code="" property="Select" options=""/><field name="NEXT" color_code="Default" link="immunization_and_vitamin_a_status/immunization_and_vitamin_a_status_two" type="button" group="actions" property="" options=""/></form></xmlgui>
