<?xml version="1.0"?>
<xmlgui><form name="immunization_and_vitamin_a_status_four" type_of_page="Info Page" page_title="Point of Care" page_subtitle="CWC Diagnostic: Immunization And Vitamin A Status&gt;  Immunization And Vitamin A Status Four" color_code="Select"><field name="" link="" type="header" group="section_header" color_code="" property="" options=""/><field name="Record vitamin A and vaccine given, date and place administered, batch number, date of next visit in Child Health Record &#x201C;green&#x201D; book " link="" type="section_items" group="section_items" color_code="" property="Select" options=""/><field name="Advise mother/caregiver when to return for care immediately " link="when_to_seek_care_immediately/_when_to_seek_care_immediately1" type="section_items" group="section_items" color_code="" property="Select" options=""/><field name="Advise mother/caregiver when to return for the next scheduled dose of immunizations and vitamin A " link="" type="section_items" group="section_items" color_code="" property="Select" options=""/><field name="Proceed to assess feeding problems " link="feeding_problems/feeding_problems1" type="section_items" group="section_items" color_code="" property="Select" options=""/><field name="" link="" type="section_items" group="section_items" color_code="" property="Select" options=""/><field name="" color_code="Default" link="" type="button" group="actions" property="" options=""/></form></xmlgui>
