<?xml version="1.0"?>
<xmlgui><form name="immunization_and_vitamin_a_status_three" type_of_page="Info Page" page_title="Point of Care" page_subtitle="CWC Diagnostic: Immunization And Vitamin A Status&gt; Immunization And Vitamin A Status Three" color_code="Select"><field name="Notes and Contraindications of Immunizations:" link="" type="header" group="section_header" color_code="" property="" options=""/><field name="Administer 1st dose of rotavirus vaccine ideally when child is 6 weeks old or latest by 15 weeks; and 2nd dose ideally by 10 weeks or latest by 24 weeks " link="" type="section_items" group="section_items" color_code="" property="Select" options=""/><field name="Rotavirus vaccine should not be given if child has a history of abdominal surgery, history of uncorrected congenital malformation of the gastrointestinal tract &amp; a history of intussusceptions" link="" type="section_items" group="section_items" color_code="" property="Select" options=""/><field name="History of anaphylaxis: " link="" type="section_items" group="section_items" color_code="" property="Select" options=""/><field name="Infants should not be vaccinated if a previous vaccination was followed by anaphylaxis, encephalitis or non-febrile convulsions" link="" type="section_items_sub" group="section_items" color_code="" property="Select" options=""/><field name="Yellow fever vaccine should not be given if there is history of anaphylaxis with ingestion of egg" link="" type="section_items_sub" group="section_items" color_code="" property="Select" options=""/><field name="History of anaphylaxis: " link="" type="section_items" group="section_items" color_code="" property="Select" options=""/><field name="BCG vaccine can be administered at birth since the HIV infected newborns are asymptomatic" link="" type="section_items_sub" group="section_items" color_code="" property="Select" options=""/><field name="Children with symptomatic HIV infection should not receive BCG, Yellow Fever &amp; Pneumococcal vaccines" link="" type="section_items_sub" group="section_items" color_code="" property="Select" options=""/><field name="Although the Measles vaccine is a live attenuated vaccine, it should be given to HIV infected children as the benefits outweighs the risks  " link="" type="section_items_sub" group="section_items" color_code="" property="Select" options=""/><field name="NEXT" color_code="Default" link="immunization_and_vitamin_a_status/immunization_and_vitamin_a_status_four" type="button" group="actions" property="" options=""/></form></xmlgui>
