<?xml version="1.0"?>
<xmlgui>
	<form name="blood_in_stool_two" type_of_page="Info Page" page_title="Point of Care" page_subtitle="CWC Diagnostic: Diarrheoa&gt;  Blood In Stool Two" color_code="Amber">
		<field name="" link="" type="header" group="section_header" color_code="" property="" options=""/>
		<field name="Advise mother to continue breastfeeding, if child still breastfeeds. Observe mother breastfeeding and provide counseling on breast attachment and positioning, if necessary " link="feeding_a_healthy_child/breastfeeding_attachment_and_position" type="section_items" group="section_items" color_code="" property="Select" options=""/>
		<field name="Counsel mother/caregiver on feeding a sick child " link="feeding_a_healthy_child/feeding_a_healthy_child1" type="section_items" group="section_items" color_code="" property="Select" options=""/>
		<field name="Advise mother/caregiver when to return for care immediately " link="when_to_seek_care_immediately/_when_to_seek_care_immediately1" type="section_items" group="section_items" color_code="" property="Select" options=""/>
		<field name="Advise mother/caregiver to return after 2 days if condition does not improve" link="" type="section_items" group="section_items" color_code="" property="Select" options=""/>
		<field name="Record clinical care in Child Health Record &#x201C;green&#x201D; book " link="" type="section_items" group="section_items" color_code="" property="Select" options=""/>
		<field name="" color_code="Default" link="" type="button" group="actions" property="" options=""/>
	</form>
</xmlgui>
