<?xml version="1.0"?>
<xmlgui>
	<form name="blood_in_stool" type_of_page="Info Page" page_title="Point of Care" page_subtitle="CWC Diagnostic: Diarrheoa&gt; Blood In Stool" color_code="Amber"><field name="Blood in Stool | Take Action " link="" type="header" group="section_header" color_code="" property="" options=""/>
	<field name="Treat dysentery and provide with appropriate antibiotics for 5 days, as given below   " link="" type="section_items" group="section_items" color_code="" property="Select" options=""/>
	<field name="" link="" type="section_items" group="section_items" color_code="" property="Select" options=""/>
	<field name="diarrheoa/7.jpeg" link="" type="image" group="section_items" color_code="" property="" options=""/>
	<field name="" link="" type="section_items" group="section_items" color_code="" property="Select" options=""/>
	<field name="NEXT" color_code="Default" link="diarrheoa/blood_in_stool_two" type="button" group="actions" property="" options=""/>
</form>
</xmlgui>
