<?xml version="1.0"?>
<xmlgui>
	<form name="diarrhoea_two" type_of_page="Take Action Classification Page" page_title="Point of Care" page_subtitle="CWC Diagnostic: Diarrheoa&gt;  Diarrhoea Two" color_code="Select">
		<field name="Does the child have any of the following signs? " link="" type="question" group="questions" color_code="" property="" options=""/>
		<field name="Diarrhoea with severe dehydration " link="diarrheoa/diarrhoea_with_severe_dehydration" type="answers" group="answers" color_code="" property="" options="Severe dehydration if two or more of the following signs are present | Lethargic or Unconscious | Sunken eyes | Not able to drink or drinking poorly | Skin pinch goes back very slowly | Click here to take action "/>
		<field name="Diarrhea with some dehydration " link="diarrheoa/diarrhoea_three" type="answers" group="answers" color_code="" property="" options="If two or more of the following signs are present | Restless, irritable | Sunken eyes | Drinks eagerly, thirsty | Skin pinch goes back slowly | Click here to take action"/>
		<field name="Diarrhoea with no dehydration " link="diarrheoa/diarrhoea_with_no_dehydration" type="answers" group="answers" color_code="" property="" options="Not enough signs to classify as some or severe dehydration | Click here to take action"/>
		<field name="Persistent diarrhoea with no dehydration " link="diarrheoa/persistent_diarrhoea_with_no_dehydration" type="answers" group="answers" color_code="" property="" options="If diarrhoea persisted &#x2265; 14 days | Click here to take action"/>
		<field name="Blood in stool " link="diarrheoa/blood_in_stool" type="answers" group="answers" color_code="" property="" options="Click here to take action"/>
		<field name="" color_code="Default" property="" link="" type="button" group="actions" options=""/>
	</form></xmlgui>
