<?xml version="1.0"?>
<xmlgui>
	<form name="home_care_for_diarrheoa_with_some_dehydration_two" type_of_page="Info Page" page_title="Point of Care" page_subtitle="CWC Diagnostic: Diarrheoa&gt; Home Care for Diarrheoa with Some Dehydration Two" color_code="Amber">
		<field name="" link="" type="header" group="section_header" color_code="" property="" options=""/>
		<field name="Give mother/caregiver enough ORS packets to complete rehydration. Teach her how to mix and give ORS " link="" type="section_items" group="section_items" color_code="" property="Select" options=""/>
		<field name="If the child shows sign of improvement, advise mother to breastfeed frequently if child still breastfeeds " link="diarrheoa/diarrhoea_with_no_dehydration" type="section_items" group="section_items" color_code="" property="Select" options=""/>
		<field name="Counsel mother/caregiver on feeding a sick child " link="feeding_a_healthy_child/feeding_a_healthy_child1" type="section_items" group="section_items" color_code="" property="Select" options=""/>
		<field name="Counsel her on the 4 Rules of Home Treatment:" link="" type="section_items" group="section_items" color_code="" property="Select" options=""/>
		<field name="Give extra fluid: breast milk or clean water " link="" type="section_items_sub" group="section_items" color_code="" property="Select" options=""/>
		<field name="Continue feeding " link="" type="section_items_sub" group="section_items_sub" color_code="" property="Select" options=""/>
		<field name="Give zinc supplements (only for children aged 2 months &#x2013; 5 years)" link="" type="section_items_sub" group="section_items" color_code="" property="Select" options=""/>
		<field name="When to return to the health facility " link="when_to_seek_care_immediately/_when_to_seek_care_immediately1" type="section_items_sub" group="section_items" color_code="" property="Select" options=""/>
		<field name="diarrheoa/3.jpeg" link="" type="image" group="section_items" color_code="" property="" options=""/>
		<field name="Advise mother/caregiver to return after 5 days if condition does not improve" link="" type="section_items" group="section_items" color_code="" property="Select" options=""/>
		<field name="Record clinical care in Child Health Record &#x201C;green&#x201D; book " link="" type="section_items" group="section_items" color_code="" property="Select" options=""/>
	</form>
</xmlgui>
