<?xml version="1.0"?>
<xmlgui>
	<form name="home_care_for_diarrheoa_with_some_dehydration" type_of_page="Info Page" page_title="Point of Care" page_subtitle="CWC Diagnostic: Diarrheoa&gt; Home Care for Diarrheoa with Some Dehydration" color_code="Amber">
		<field name="Home Care for Diarrhoea with Some Dehydration | Take Action: First 4-Hour Period" link="" type="header" group="section_header" color_code="" property="" options=""/>
		<field name="If the mother/caregiver must leave before completing treatment: " link="" type="header" group="section_header" color_code="" property="" options=""/>
		<field name="Determine amount of ORS to give during the first 4 hour " link="" type="section_items" group="section_items" color_code="" property="Select" options=""/>
		<field name="Show her how to prepare ORS at home " link="" type="section_items" group="section_items" color_code="" property="Select" options=""/>
		<field name="Show her how to give ORS in the first 4 hours: " link="" type="section_items" group="section_items" color_code="" property="Select" options=""/>
		<field name="Give frequent small sips from a clean cup" link="" type="section_items_sub" group="section_items" color_code="" property="Select" options=""/><field name="If the child vomits, wait 10 minutes.  Then continue, but more slowly" link="" type="section_items" group="section_items" color_code="" property="Select" options=""/>
		<field name="If the child wants more ORS than recommended, give more " link="" type="section_items_sub" group="section_items" color_code="" property="Select" options=""/>
		<field name="" link="" type="section_items" group="section_items_sub" color_code="" property="Select" options=""/><field name="" link="" type="section_items" group="section_items" color_code="" property="Select" options=""/>
		<field name="NEXT" color_code="Default" link="diarrheoa/home_care_for_diarrheoa_with_some_dehydration_two" type="button" group="actions" property="" options=""/>
	</form>
</xmlgui>
