<?xml version="1.0"?>
<xmlgui>
	<form name="in_facility_care_for_diarrheoa_with_some_dehydration" type_of_page="Info Page" page_title="Point of Care" page_subtitle="CWC Diagnostic: Diarrheoa&gt; In facility Care for Diarrheoa with Some Dehydration" color_code="Amber">
		<field name="In Facility Care for Diarrhoea with Some Dehydration | Take Action: First 4-hour period " link="" type="header" group="section_header" color_code="" property="" options=""/>
		<field name="Determine amount of ORS to give during the first 4 hour period " link="calculators/ors_calculators" type="section_items" group="section_items" color_code="" property="Select" options=""/>
		<field name="If the child wants more ORS than recommended, give more" link="" type="section_items" group="section_items" color_code="" property="Select" options=""/>
		<field name="Show the mother/caregiver how to give ORS: " link="" type="section_items" group="section_items" color_code="" property="Select" options=""/>
		<field name="Give frequent small sips from a clean cup" link="" type="section_items_sub" group="section_items" color_code="" property="Select" options=""/>
		<field name="If the child vomits, wait 10 minutes.  Then continue, but more slowly." link="" type="section_items_sub" group="section_items" color_code="" property="Select" options=""/>
		<field name="Continue breastfeeding whenever child wants " link="" type="section_items_sub" group="section_items" color_code="" property="Select" options=""/>
		<field name="NEXT" color_code="Default" link="diarrheoa/in_facility_care_for_diarrheoa_with_some_dehydration_two" type="button" group="actions" property="" options=""/>
	</form>
</xmlgui>
