<?xml version="1.0"?>
<xmlgui><form name="persistent_diarrhoea_with_no_dehydration" type_of_page="Info Page" page_title="Point of Care" page_subtitle="CWC Diagnostic: Diarrheoa&gt; Persistent diarrhoea with no dehydration " color_code="Amber"><field name="Persistent Diarrhoea with No Dehydration | Take Action " link="" type="header" group="section_header" color_code="" property="" options=""/><field name="Check for HIV infection, if trained" link="" type="section_items" group="section_items" color_code="" property="Select" options=""/><field name="Advise the mother/caregiver on feeding a child who has persistent diarrhoea, as given below: " link="" type="section_items" group="section_items" color_code="" property="Select" options=""/><field name="If child is still exclusively breastfeeding, give more frequent, longer breastfeeds both day and night" link="" type="section_items_sub" group="section_items" color_code="" property="Select" options=""/><field name="If child is still breastfeeding, and other foods have been introduced: " link="" type="section_items_sub" group="section_items" color_code="" property="Select" options=""/><field name="Replace with more frequent, longer breastfeeds OR" link="" type="section_items_sub_sub" group="section_items" color_code="" property="Select" options=""/><field name="Replace half the milk with thick porridge prepared with clean water" link="" type="section_items_sub_sub" group="section_items" color_code="" property="Select" options=""/><field name="If child is no longer breastfeeding, following feeding recommendation for a sick child " link="feeding_a_healthy_child/feeding_a_healthy_child1" type="section_items_sub" group="section_items" color_code="" property="Select" options=""/><field name="Give daily doses of multivitamins/mineral supplements to take for 14 days" link="" type="section_items" group="section_items" color_code="" property="Select" options=""/><field name="Give zinc tablets (only for children aged 2 months &#x2013; 5 years)" link="" type="section_items" group="section_items" color_code="" property="Select" options=""/><field name="diarrheoa/5.jpeg" link="" type="image" group="section_items" color_code="" property="" options=""/><field name="Advise mother to continue breastfeeding, if child still breastfeeds. Observe mother breastfeeding and provide counseling on breast attachment and positioning, if necessary" link="feeding_a_healthy_child/breastfeeding_attachment_and_position" type="section_items" group="section_items" color_code="" property="Select" options=""/><field name="Counsel mother/caregiver on feeding a sick child " link="feeding_a_healthy_child/feeding_a_healthy_child1" type="section_items" group="section_items" color_code="" property="Select" options=""/><field name="Advise mother/caregiver when to return for care immediately " link="when_to_seek_care_immediately/_when_to_seek_care_immediately1" type="section_items" group="section_items" color_code="" property="Select" options=""/><field name="Advise mother/caregiver to return after 5 days if condition does not improve " link="" type="section_items" group="section_items" color_code="" property="Select" options=""/><field name="Record clinical care in Child Health Record &#x201C;green&#x201D; book " link="" type="section_items" group="section_items" color_code="" property="Select" options=""/><field name="" link="" type="section_items" group="section_items" color_code="" property="Select" options=""/><field name="" link="" type="section_items" group="section_items" color_code="" property="Select" options=""/><field name="" link="" type="section_items" group="section_items" color_code="" property="Select" options=""/><field name="" link="" type="section_items" group="section_items" color_code="" property="Select" options=""/><field name="" color_code="Default" link="" type="button" group="actions" property="" options=""/></form></xmlgui>
