<?xml version="1.0"?>
<xmlgui>
	<form name="severe_persistent_diarrhoea_plus_severe_or_some_dehydration" type_of_page="Info Page" page_title="Point of Care" page_subtitle="CWC Diagnostic: Diarrheoa&gt; Severe Persistent Diarrhoea Plus Severe or Some Dehydration " color_code="Red">
		<field name="Severe Persistent Diarrhoea Plus Severe or Some Dehydration | Take Action " link="" type="header" group="section_header" color_code="" property="" options=""/>
		<field name="If child also has other severe disease in addition to dehydration, refer mother/caregiver and child to a health center or hospital IMMEDIATELY " link="diarrheoa/diarrhoea_with_severe_dehydration" type="section_items" group="section_items" color_code="" property="Select" options=""/>
		<field name="If child also does NOT have other severe disease, treat dehydration before referral, as given below" link="" type="section_items" group="section_items" color_code="" property="Select" options=""/>
		<field name="Give recommended amount of ORS over 4-hour period in your facility:" link="" type="section_items" group="section_items" color_code="" property="Select" options=""/>
		<field name="Prepare ORS to give during the first 4-hour period " link="calculators/ors_calculator" type="section_items_sub" group="section_items" color_code="" property="Select" options=""/>
		<field name="If the child wants more ORS than recommended, give more" link="" type="section_items_sub" group="section_items" color_code="" property="Select" options=""/>
		<field name="Show the mother/caregiver how to give ORS: " link="" type="section_items_sub" group="section_items" color_code="" property="Select" options=""/>
		<field name="Give frequent small sips from a clean cup" link="" type="section_items_sub_sub" group="section_items" color_code="" property="Select" options=""/>
		<field name="If the child vomits, wait 10 minutes.  Then continue, but more slowly" link="" type="section_items_sub_sub" group="section_items" color_code="" property="Select" options=""/>
		<field name="If the child wants more ORS than recommended, give more" link="" type="section_items_sub_sub" group="section_items" color_code="" property="Select" options=""/>
		<field name="Refer mother/caregiver and child to a health center or hospital IMMEDIATELY" link="" type="section_items" group="section_items" color_code="" property="Select" options=""/>
		<field name="Call provider and arrange transport" link="" type="section_items" group="section_items" color_code="" property="Select" options=""/>
		<field name="NEXT" color_code="Default" link="diarrheoa/severe_persistent_diarrhoea_plus_severe_or_some_dehydration" type="button" group="actions" property="" options=""/>
	</form>
</xmlgui>
