<?xml version="1.0"?>
<xmlgui>
	<form name="severe_persistent_diarrhoea_plus_severe_or_some_dehydration_two" type_of_page="Info Page" page_title="Point of Care" page_subtitle="CWC Diagnostic: Diarrheoa&gt; Severe Persistent Diarrhoea Plus Severe or Some Dehydration Two" color_code="Red">
		<field name="What to do while waiting for transport to arrive:" link="" type="header" group="section_header" color_code="" property="" options=""/>
		<field name="Advise mother/caregiver to give frequent sips of ORS to the child on the way to the health facility, if child can take sips " link="" type="section_items_sub" group="section_items" color_code="" property="Select" options=""/>
		<field name="Advise mother to continue breastfeeding, if child still breastfeeds. Observe mother breastfeeding and provide counseling on breast attachment and positioning, if necessary " link="breastfeeding_attachment_and_position/_breastfeeding_attachment_and_position1" type="section_items_sub" group="section_items" color_code="" property="Select" options=""/>
		<field name="Counsel mother/caregiver on feeding a sick child " link="feeding_a_healthy_child/feeding_a_healthy_child1" type="section_items_sub" group="section_items" color_code="" property="Select" options=""/>
		<field name="Advise mother/caregiver not to carry the child on her back " link="" type="section_items_sub" group="section_items" color_code="" property="Select" options=""/>
		<field name="Teach mother/caregiver how to keep child warm on the way to the health facility " link="keeping_child_warm_on_the_way_to_the_hospital/keeping_child_warm_on_the_way_to_the_hospital1" type="section_items_sub" group="section_items" color_code="" property="Select" options=""/>
		<field name="Fill out referral form. Record clinical care in Child Health Record &#x201C;green&#x201D; book" link="" type="section_items" group="section_items" color_code="" property="Select" options=""/>
		<field name="Advise caregiver to return after 5 days if condition does not improve" link="" type="section_items" group="section_items" color_code="" property="Select" options=""/>
		<field name="Accompany mother/caregiver and child to the health facility" link="" type="section_items" group="section_items" color_code="" property="Select" options=""/>
	</form>
</xmlgui>
