<?xml version="1.0"?>
<xmlgui>
	<form name="treating_diarrheoa_at_home_three" type_of_page="Info Page" page_title="Point of Care" page_subtitle="CWC Diagnostic: Diarrheoa&gt; Treating Diarrheoa at Home Three" color_code="Select">
		<field name="" link="" type="header" group="section_header" color_code="" property="" options=""/>
		<field name="Give Extra Fluids (continued)" link="" type="section_items" group="section_items" color_code="" property="Select" options=""/>
		<field name="Teach the mother/caregiver how to mix and give ORS.  " link="" type="section_items_sub" group="section_items" color_code="" property="Select" options=""/>
		<field name="Give her 3 packets of ORS to use at home " link="" type="section_items_sub_sub" group="section_items" color_code="" property="Select" options=""/>
		<field name="Show the mother/caregiver how much fluid to give in addition to the usual fluid intake:" link="" type="section_items_sub" group="section_items" color_code="" property="Select" options=""/>
		<field name="" link="" type="section_items" group="section_items" color_code="" property="Select" options=""/>
		<field name="diarrheoa/4.jpeg" link="" type="image" group="section_items" color_code="" property="" options=""/>
		<field name="" link="" type="section_items" group="section_items" color_code="" property="Select" options=""/>
		<field name="Tell mother/caregiver to: " link="" type="section_items" group="section_items" color_code="" property="Select" options=""/>
		<field name="Give frequent small sips from a clean cup " link="" type="section_items_sub" group="section_items" color_code="" property="Select" options=""/>
		<field name="If the child vomits, wait 10 minutes. Then continue, but more slowly" link="" type="section_items_sub" group="section_items" color_code="" property="Select" options=""/>
		<field name="Continue giving extra fluid until the diarrhoea stops " link="" type="section_items_sub" group="section_items" color_code="" property="Select" options=""/>
		<field name="NEXT" color_code="Default" link="diarrheoa/treating_diarrheoa_at_home_four" type="button" group="actions" property="" options=""/>
	</form>
</xmlgui>
