<?xml version="1.0"?>
<xmlgui>
	<form name="treating_diarrheoa_at_home" type_of_page="Info Page" page_title="Point of Care" page_subtitle="CWC Diagnostic: Diarrheoa&gt; Treating Diarrheoa at Home" color_code="Green">
		<field name="Treating Diarrhoea at Home | Take Action " link="" type="header" group="section_header" color_code="" property="" options=""/>
		<field name="Counsel the mother/caregiver on 4 Rules of Home Treatment:" link="" type="section_items" group="section_items" color_code="" property="Select" options=""/>
		<field name="Give extra fluid: breast milk, ORS or clean water " link="" type="section_items_sub" group="section_items" color_code="" property="Select" options=""/>
		<field name="Continue feeding " link="" type="section_items_sub" group="section_items_sub" color_code="" property="Select" options=""/>
		<field name="Give zinc supplements (only for children aged 2 months &#x2013; 5 years) " link="" type="section_items_sub" group="section_items" color_code="" property="Select" options=""/>
		<field name="When to return to the health facility " link="when_to_seek_care_immediately/_when_to_seek_care_immediately1" type="section_items_sub" group="section_items" color_code="" property="Select" options=""/>
		<field name="NEXT" color_code="Default" link="diarrheoa/treating_diarrheoa_at_home_two" type="button" group="actions" property="" options=""/>
	</form>
</xmlgui>
