<?xml version="1.0"?>
<xmlgui><form name="gentian_violet1" type_of_page="Reference Page" page_title="Point of Care" page_subtitle="CWC References: Gentian Violet&gt; Gentian Violet1" color_code="Select"><field name="Gentian Violet | How to Administer  " link="" type="header" group="section_header" color_code="" property="" options=""/><field name="Administer half strength gentian violet (0.25%) for the following conditions: " link="" type="section_items" group="section_items" color_code="" property="Select" options=""/><field name="Measles with mouth complications " link="" type="section_items_sub" group="section_items" color_code="" property="Select" options=""/><field name="Mouth ulcers" link="" type="section_items_sub" group="section_items" color_code="" property="Select" options=""/><field name="Thrush (if Nystatin not available) " link="" type="section_items_sub" group="section_items" color_code="" property="Select" options=""/><field name="Teach mother/caregiver to treat mouth ulcers 2 times daily for 5 days: " link="" type="section_items" group="section_items" color_code="" property="Select" options=""/><field name="Wash hands" link="" type="section_items_sub" group="section_items" color_code="" property="Select" options=""/><field name="Wash child&#x2019;s mouth with clean soft cloth wrapped around the finger and wet with salt water" link="" type="section_items_sub" group="section_items" color_code="" property="Select" options=""/><field name="Paint mouth with half-strength gentian violet (0.25%) " link="" type="section_items_sub" group="section_items" color_code="" property="Select" options=""/><field name="Wash hands again" link="" type="section_items_sub" group="section_items" color_code="" property="Select" options=""/><field name="" color_code="Default" link="" type="button" group="actions" property="" options=""/></form></xmlgui>
