<?xml version="1.0"?>
<xmlgui><form name="encouraging_pnc_for_mother_newborn_1" type_of_page="Question Page" page_title="Point of Care" page_subtitle="ANC Counselling: Encouraging PNC for mother &amp; newborn&gt; Encouraging PNC for mother &amp; newborn 1" color_code="Select"><field name="" link="" type="question" group="questions" color_code="" property="" options=""/><field name="Care of the newborn" link="encouraging_pnc_for_mother_newborn/care_of_newborns" type="answers" group="answers" color_code="" property="" options=""/><field name="How to breastfeed &amp; breast care" link="encouraging_pnc_for_mother_newborn/how_to_breastfeed_breast_care" type="answers" group="answers" color_code="" property="" options=""/><field name="Infant Immunisation Schedule" link="encouraging_pnc_for_mother_newborn/infant_immunisation_schedule" type="answers" group="answers" color_code="" property="" options=""/><field name="Maternal &amp; Newborn Danger Signs" link="encouraging_pnc_for_mother_newborn/maternal_and_newborn_danger_signs" type="answers" group="answers" color_code="" property="" options=""/><field name="Postpartum Family Planning" link="encouraging_pnc_for_mother_newborn/postpartum_family_planning" type="answers" group="answers" color_code="" property="" options=""/><field name="When to return for PNC" link="encouraging_pnc_for_mother_newborn/when_to_return_for_pnc" type="answers" group="answers" color_code="" property="" options=""/><field name="" color_code="Default" property="" link="" type="button" group="actions" options=""/></form></xmlgui>
