<?xml version="1.0"?>
<xmlgui><form name="diazepam" type_of_page="Reference Page" page_title="Point of Care" page_subtitle="CWC References: Pre-referral Treatments in Clinics&gt; Diazepam" color_code="Select"><field name="Diazepam | Dosage and Timing" link="" type="header" group="section_header" color_code="" property="" options=""/><field name="Administer for the following conditions: " link="" type="section_items" group="section_items" color_code="" property="Select" options=""/><field name="Convulsions" link="" type="section_items_sub" group="section_items" color_code="" property="Select" options=""/><field name="Manage the airway:  " link="" type="section_items" group="section_items" color_code="" property="Select" options=""/><field name="Turn the child on his or her side to avoid aspiration " link="" type="section_items_sub" group="section_items" color_code="" property="Select" options=""/><field name="Do not insert anything in the mouth" link="" type="section_items_sub" group="section_items" color_code="" property="Select" options=""/><field name="If the lips and tongue are blue, open the mouth and make sure the airway is clear" link="" type="section_items_sub" group="section_items" color_code="" property="Select" options=""/><field name="If necessary, remove secretions from the throat through a catheter inserted through the nose " link="" type="section_items_sub" group="section_items" color_code="" property="Select" options=""/><field name="Give diazepam rectally:   " link="" type="section_items" group="section_items" color_code="" property="Select" options=""/><field name="Draw up the dose from an ampoule of diazepam into a 2 ml syringe. Then remove the needle " link="" type="section_items_sub" group="section_items" color_code="" property="Select" options=""/><field name="Insert the syringe into the rectum 4 &#x2013; 5 cm and inject the diazepam solution" link="" type="section_items_sub" group="section_items" color_code="" property="Select" options=""/><field name="Hold buttocks together for a few minutes" link="" type="section_items_sub" group="section_items" color_code="" property="Select" options=""/><field name="Next" color_code="Default" link="pre-referral_treatments_in_clinics/diazepam_two" type="button" group="actions" property="" options=""/></form></xmlgui>
