<?xml version="1.0"?>
<xmlgui><form name="first_aid_cpr_greater_than_12_months" type_of_page="Reference Page" page_title="Point of Care" page_subtitle="CWC References: Pre-referral Treatments in Clinics&gt; First Aid:CPR Greater Than 12 months " color_code="Select"><field name="" link="" type="header" group="section_header" color_code="" property="" options=""/><field name="Position the heel of your hands in the centre of the child&#x2019;s chest. Interlace your fingers and lift them off the chest as shown. Using the heel of your hand, give 30 compressions. Each compression should depress the chest by about one third " link="" type="section_items" group="section_items" color_code="" property="Select" options=""/><field name="pre-referral_treatments_in_clinics/8.PNG" link="" type="image" group="section_items" color_code="" property="" options=""/><field name="After 30 compressions, take a deep breath, seal your mouth over the child&#x2019;s mouth, pinch his nose and give two deep rescue breaths" link="" type="section_items" group="section_items" color_code="" property="Select" options=""/><field name="pre-referral_treatments_in_clinics/5.png" link="" type="image" group="section_items" color_code="" property="" options=""/><field name="Continue giving 30 compressions followed by 2 rescue breaths until medical help arrives. If the child starts breathing and responding, turn him or her into recovery position (see image 4), however, continue to monitor breathing and be prepared to recommence CPR again at any time" link="" type="section_items" group="section_items" color_code="" property="Select" options=""/><field name="pre-referral_treatments_in_clinics/10.PNG" link="" type="image" group="section_items" color_code="" property="" options=""/><field name="If child starts breathing, put him or her in recovery position as in image 4 below and monitor child until transport arrives" link="" type="section_items" group="section_items" color_code="" property="Select" options=""/><field name="pre-referral_treatments_in_clinics/11.PNG" link="" type="image" group="section_items" color_code="" property="" options=""/><field name="" link="" type="section_items" group="section_items" color_code="" property="Select" options=""/><field name="" color_code="Default" link="" type="button" group="actions" property="" options=""/></form></xmlgui>
