<?xml version="1.0"?>
<xmlgui><form name="first_aid_cpr_less_than_12_months" type_of_page="Reference Page" page_title="Point of Care" page_subtitle="CWC References: Pre-referral Treatments in Clinics&gt; First Aid: CPR&lt; 12 months" color_code="Select"><field name="" link="" type="header" group="section_header" color_code="" property="" options=""/><field name="Position two fingers in the centre of child&#x2019;s chest and give 30 compressions at a rate of approximately 100 per minute. Each compression should depress the chest by about one third." link="" type="section_items" group="section_items" color_code="" property="Select" options=""/><field name="pre-referral_treatments_in_clinics/1.png" link="" type="image" group="section_items" color_code="" property="" options=""/><field name="Tilt child&#x2019;s head back very slightly with the chin lifted to bring the tongue away from the back of the throat, opening her airway. Take a breath and seal the mouth and nose with your mouth. Blow gently and steadily for about one second. Watch for the rise and fall of the chest. Take another breath and repeat the sequence" link="" type="section_items" group="section_items" color_code="" property="Select" options=""/><field name="pre-referral_treatments_in_clinics/2.png" link="" type="image" group="section_items" color_code="" property="" options=""/><field name="Continue giving 30 compressions followed by 2 breaths until medical help arrives. If the child starts breathing and responding, turn him or her into recovery position (see image 3), however, continue to monitor breathing and be prepared to recommence CPR again at any time" link="" type="section_items" group="section_items" color_code="" property="Select" options=""/><field name="pre-referral_treatments_in_clinics/6.PNG" link="" type="image" group="section_items" color_code="" property="" options=""/><field name="If child starts breathing, hold him or her in the recovery position as shown below until transport arrives       " link="" type="section_items" group="section_items" color_code="" property="Select" options=""/><field name="pre-referral_treatments_in_clinics/3.png" link="" type="image" group="section_items" color_code="" property="" options=""/><field name="" link="" type="section_items" group="section_items" color_code="" property="Select" options=""/><field name="" link="" type="section_items" group="section_items" color_code="" property="Select" options=""/><field name="" link="" type="section_items" group="section_items" color_code="" property="Select" options=""/><field name="" link="" type="section_items" group="section_items" color_code="" property="Select" options=""/><field name="" color_code="Default" link="" type="button" group="actions" property="" options=""/></form></xmlgui>
