<?xml version="1.0"?>
<xmlgui><form name="intramuscular_ampicillin_and_intramuscular_gentamicin" type_of_page="Reference Page" page_title="Point of Care" page_subtitle="CWC References: Pre-referral Treatments in Clinics&gt; Intramuscular Ampicillin and Intramuscular Gentamicin" color_code="Select"><field name="Intramuscular Ampicillin &amp; Intramuscular Gentamicin | Dosage and Timing " link="" type="header" group="section_header" color_code="" property="" options=""/><field name="Administer for the following conditions" link="" type="section_items" group="section_items" color_code="" property="Select" options=""/><field name="General danger signs" link="" type="section_items_sub" group="section_items" color_code="" property="Select" options=""/><field name="Severe pneumonia or very severe disease" link="" type="section_items_sub" group="section_items" color_code="" property="Select" options=""/><field name="Very severe febrile disease including:" link="" type="section_items_sub" group="section_items" color_code="" property="Select" options=""/><field name="Severe malaria " link="" type="section_items_sub_sub" group="section_items" color_code="" property="Select" options=""/><field name="Severe complicated measles" link="" type="section_items_sub_sub" group="section_items" color_code="" property="Select" options=""/><field name="Mastoiditis " link="" type="section_items_sub_sub" group="section_items" color_code="" property="Select" options=""/><field name="For children being referred IMMEDIATELY: " link="" type="section_items" group="section_items" color_code="" property="Select" options=""/><field name="Administer ampicillin (50 mg / kg) and gentamicin (7.5 mg / kg)" link="" type="section_items_sub" group="section_items" color_code="" property="Select" options=""/><field name="If referral is not possible or delayed" link="" type="section_items" group="section_items" color_code="" property="Select" options=""/><field name="Repeat the ampicillin injection every 6 hours" link="" type="section_items_sub" group="section_items" color_code="" property="Select" options=""/><field name="Double the dose (give 100 mg kg / dose) if child has stiff neck or there are cases of meningitis in your area  " link="" type="section_items" group="section_items" color_code="" property="Select" options=""/><field name="Next" color_code="Default" link="pre-referral_treatments_in_clinics/intramuscular_ampicillin_and_intramuscular_gentamicin_two" type="button" group="actions" property="" options=""/></form></xmlgui>
