<?xml version="1.0"?>
<xmlgui><form name="rectal_artesunate" type_of_page="Reference Page" page_title="Point of Care" page_subtitle="CWC References: Pre-referral Treatments in Clinics&gt; Rectal Artesunate" color_code="Select"><field name="Rectal Artesunate | Dosage and Timing" link="" type="header" group="section_header" color_code="" property="" options=""/><field name="Administer for the following conditions: " link="" type="section_items" group="section_items" color_code="" property="Select" options=""/><field name="Very severe febrile disease including" link="" type="section_items_sub" group="section_items" color_code="" property="Select" options=""/><field name="Severe malaria " link="" type="section_items_sub" group="section_items" color_code="" property="Select" options=""/><field name="For children being referred IMMEDIATELY: " link="" type="section_items" group="section_items" color_code="" property="Select" options=""/><field name="Give first dose of rectal artesunate before referring child urgently to a health center or hospital, if intramuscular quinine is not available    " link="" type="section_items_sub" group="section_items" color_code="" property="Select" options=""/><field name="pre-referral_treatments_in_clinics/10.png" link="" type="image" group="section_items" color_code="" property="" options=""/><field name="" color_code="Default" link="" type="button" group="actions" property="" options=""/></form></xmlgui>
