<?xml version="1.0"?>
<xmlgui>
	<form name="_family_planning_two" type_of_page="Info Page" page_title="Point of Care" page_subtitle="CWC Counselling: Family Planning&gt;  Family Planning TWO" color_code="Select">
		<field name="" link="" type="header" group="section_header" color_code="" property="" options=""/>
		<field name="family_planning/60.png" link="" type="image" group="section_items" color_code="" property="" options=""/>
		<field name="By exclusively breastfeeding your baby for the first 6 months you can prevent pregnancy ONLY if: " link="" type="section_items" group="section_items" color_code="" property="Select" options=""/>
		
		<field name="You feed the baby with only breast milk " link="" type="section_items_sub" group="section_items" color_code="" property="Select" options=""/>
		<field name="Your menstrual period has not returned " link="" type="section_items_sub" group="section_items" color_code="" property="Select" options=""/>
		<field name="Your baby is &lt; 6 months of age " link="" type="section_items_sub" group="section_items" color_code="" property="Select" options=""/>
		<field name="This family planning method is called Lactational Amenorrhea Method (LAM)" link="" type="section_items" group="section_items" color_code="" property="Select" options=""/>
		<field name="If any of these 3 conditions change, then you are no longer protected from becoming pregnant again " link="" type="section_items" group="section_items" color_code="" property="Select" options=""/>
		<field name="NEXT" color_code="Default" link="family_planning/family_planning_three" type="button" group="actions" property="" options=""/>
	</form>
</xmlgui>
