<?xml version="1.0"?>
<xmlgui><form name="eye_swollen_and_draining_pus" type_of_page="Take Action Page" page_title="Point of Care" page_subtitle="PNC Diagnostic Newborn: Very Severe Disease &amp; Local Bacterial Infections&gt; Eye Swollen and Draining Pus " color_code="Amber"><field name="" link="" type="definition" group="definition" color_code="" property="" options=""/><field name="Take Action: Eye Swollen and Draining Pus " link="" type="first_section_head" group="first_actions" color_code="" property="" options=""/><field name="Refer mother and baby to the health facility to be treated by a midwife or doctor  " link="" type="first_actions" group="first_actions" color_code="" property="Select" options=""/><field name="Call provider and arrange transport " link="" type="first_actions" group="first_actions" color_code="" property="Select" options=""/><field name="While waiting for transport: " link="" type="transport_section_head" group="transport_actions" color_code="" property="" options=""/><field name="Wash your hands with soap and water, then wear gloves " link="" type="transport_actions" group="transport_actions" color_code="" property="Select" options=""/><field name="Clear baby&#x2019;s eyes with a clean cotton swab dipped lightly in normal saline solution. Start from the nose bridge and wipe out. Use one cotton swab per wipe to prevent infection " link="" type="transport_actions" group="transport_actions" color_code="" property="Select" options=""/><field name="Teach mother how to keep the baby warm on the way to the health facility" link="keeping_infant_warm__breastfeeding_on_the_way_to_the_hospital/keeping_infant_warm__breastfeeding_on_the_way_to_the_hospital_1" type="transport_actions" group="transport_actions" color_code="" property="Select" options=""/><field name="Record baby&#x2019;s clinical information in client&#x2019;s maternal health or &#x201C;Red&#x201D; book. If possible, also fill out referral form " link="" type="second_actions" group="second_actions" color_code="" property="Select" options=""/><field name="Have a family member accompany mother and baby to the health facility" link="" type="second_actions" group="second_actions" color_code="" property="Select" options=""/><field name="Follow up in 2 days after client is discharged from the health facility " link="" type="second_actions" group="second_actions" color_code="" property="Select" options=""/><field name="" color_code="Default" property="" link="" type="button" group="actions" options=""/></form></xmlgui>
