<?xml version="1.0"?>
<xmlgui><form name="mild_hypothermia" type_of_page="Take Action Page" page_title="Point of Care" page_subtitle="PNC Diagnostic Newborn: Very Severe Disease &amp; Local Bacterial Infections&gt; Mild Hypothermia " color_code="Amber"><field name="" link="" type="definition" group="definition" color_code="" property="" options=""/><field name="Take Action: Mild Hypothermia " link="" type="first_section_head" group="first_actions" color_code="" property="" options=""/><field name="Warm the baby skin to skin, cover baby with a blanket, and more clothes" link="" type="first_actions" group="first_actions" color_code="" property="Select" options=""/><field name="If the baby can feed, help mother to breastfeed" link="" type="first_actions" group="first_actions" color_code="" property="Select" options=""/><field name="If the baby cannot breastfeed, give small sips of expressed breast milk that&#x2019;s been collected in a clean container with a lid " link="" type="first_actions" group="first_actions" color_code="" property="Select" options=""/><field name="If temperature is not increasing (&#x2265; 36.5 C) after 2 hours, give extra warmth and refer mother and baby to a health center " link="" type="first_actions" group="first_actions" color_code="" property="Select" options=""/><field name="If any danger signs present, refer to a health center or hospital IMMEDIATELY" link="" type="first_actions" group="first_actions" color_code="" property="Bold Red" options=""/><field name="Call provider and arrange transport " link="" type="first_actions" group="first_actions" color_code="" property="Select" options=""/><field name="While waiting for transport: " link="" type="transport_section_head" group="transport_actions" color_code="" property="" options=""/><field name="If baby is not able to breastfeed, give small sips of expressed breast milk that has been collected in a clean container with a lid " link="" type="transport_actions" group="transport_actions" color_code="" property="Select" options=""/><field name="Advise mother to not put the baby on her back " link="" type="transport_actions" group="transport_actions" color_code="" property="Select" options=""/><field name="Teach mother how to keep the baby warm on the way to the health facility  " link="keeping_infant_warm__breastfeeding_on_the_way_to_the_hospital/keeping_infant_warm__breastfeeding_on_the_way_to_the_hospital_1" type="transport_actions" group="transport_actions" color_code="" property="Select" options=""/><field name="Record baby&#x2019;s clinical information in client&#x2019;s maternal health or &#x201C;Red&#x201D; book. If possible, also fill out referral form " link="" type="second_actions" group="second_actions" color_code="" property="Select" options=""/><field name="Accompany mother and baby, and have a family member accompany mother and baby to the health facility" link="" type="second_actions" group="second_actions" color_code="" property="Select" options=""/><field name="Follow up with client after discharge from health center or hospital" link="" type="second_actions" group="second_actions" color_code="" property="Select" options=""/><field name="" color_code="Default" property="" link="" type="button" group="actions" options=""/></form></xmlgui>
