<?xml version="1.0"?>
<xmlgui><form name="umbilicus_red_or_draining_pus_skin_pustules" type_of_page="Take Action Page" page_title="Point of Care" page_subtitle="PNC Diagnostic Newborn: Very Severe Disease &amp; Local Bacterial Infections&gt; Umbilicus Red or Draining Pus, Skin Pustules " color_code="Amber"><field name="" link="" type="definition" group="definition" color_code="" property="" options=""/><field name="Take Action: Umbilicus Red or Draining Pus, Skin Pustules " link="" type="first_section_head" group="first_actions" color_code="" property="" options=""/><field name="" link="" type="first_actions" group="first_actions" color_code="" property="Select" options=""/><field name="very_severe_disease__local_bacterial_infections/12.png" link="" type="image" group="first_actions" color_code="" property="" options=""/><field name="Refer mother and baby to the health facility to be treated by a midwife or doctor" link="" type="first_actions" group="first_actions" color_code="" property="Select" options=""/><field name="Call provider and arrange transport " link="" type="first_actions" group="first_actions" color_code="" property="Select" options=""/><field name="While waiting for transport: " link="" type="transport_section_head" group="transport_actions" color_code="" property="" options=""/><field name="Wash your hands with soap and water, then wear gloves " link="" type="transport_actions" group="transport_actions" color_code="" property="Select" options=""/><field name="If there is pus and crusts, gently wash off with methylated spirit.  Then dry the area" link="" type="transport_actions" group="transport_actions" color_code="" property="Select" options=""/><field name="Dip a cotton ball with methylated spirit and wipe the cord from inside out, or clockwise if the cord is twisted" link="" type="transport_actions" group="transport_actions" color_code="" property="Select" options=""/><field name="Wipe only once per cotton ball " link="" type="transport_actions" group="transport_actions" color_code="" property="Select" options=""/><field name="Dry the area and leave it open. No dressing." link="" type="transport_actions" group="transport_actions" color_code="" property="Select" options=""/><field name="Wash your hands " link="" type="transport_actions" group="transport_actions" color_code="" property="Select" options=""/><field name="Teach mother how to treat local infection at home for the baby" link="treating_local_infections_at_home/treating_local_infections_at_home_1" type="transport_actions" group="transport_actions" color_code="" property="Select" options=""/><field name="Educate mother how to clean the baby, and not bathe baby until cord heals or drops " link="" type="transport_actions" group="transport_actions" color_code="" property="Select" options=""/><field name="Teach mother how to keep the baby warm on the way to the health facility" link="keeping_infant_warm__breastfeeding_on_the_way_to_the_hospital/keeping_infant_warm__breastfeeding_on_the_way_to_the_hospital_1" type="transport_actions" group="transport_actions" color_code="" property="Select" options=""/><field name="Record baby&#x2019;s clinical information in client&#x2019;s maternal health or &#x201C;Red&#x201D; book. If possible, also fill out referral form " link="" type="second_actions" group="second_actions" color_code="" property="Select" options=""/><field name="Have a family member accompany mother and baby to the health facility" link="" type="second_actions" group="second_actions" color_code="" property="Select" options=""/><field name="Follow up with client after discharge from health center or hospital" link="" type="second_actions" group="second_actions" color_code="" property="Select" options=""/><field name="" color_code="Default" property="" link="" type="button" group="actions" options=""/></form></xmlgui>
