<?xml version="1.0"?>
<xmlgui><form name="very_severe_disease__local_bacterial_infections_two" type_of_page="Take Action Classification Page" page_title="Point of Care" page_subtitle="PNC Diagnostic Newborn: Very Severe Disease &amp; Local Bacterial Infections&gt; Very Severe Disease &amp; Local Bacterial Infections TWO" color_code="Select"><field name="Does the baby have any of the following symptoms? " link="" type="question" group="questions" color_code="" property="" options=""/><field name="Not breathing (apnea) or Slow breathing &lt; 20 bpm" link="very_severe_disease__local_bacterial_infections/not_breathing_or_slow_breathing" type="answers" group="answers" color_code="" property="" options="Click here to take action"/><field name="Fast breathing, Chest in-drawing, or Grunting " link="very_severe_disease__local_bacterial_infections/fast_breathing_chest_indrawing_or_grunting" type="answers" group="answers" color_code="" property="" options="Click here to take action"/><field name="Convulsing now or convulsed in the last hour " link="very_severe_disease__local_bacterial_infections/convulsion" type="answers" group="answers" color_code="" property="" options="Click here to take action"/><field name="Cyanosis or pallor" link="very_severe_disease__local_bacterial_infections/cyanosis_or_pallor" type="answers" group="answers" color_code="" property="" options="Click here to take action"/><field name="Low body temperature (&lt; 35.5 C)" link="very_severe_disease__local_bacterial_infections/low_body_temperature" type="answers" group="answers" color_code="" property="" options="Click here to take action"/><field name="Fever (&gt; 37.5 C)" link="very_severe_disease__local_bacterial_infections/fever" type="answers" group="answers" color_code="" property="" options="Click here to take action"/><field name="Feeding difficulty, not feeding well, or not able to feed " link="very_severe_disease__local_bacterial_infections/feeding_problems" type="answers" group="answers" color_code="" property="" options="Click here to take action"/><field name="Mild Hypothermia (35.5 &#x2013; 36.5 C) " link="very_severe_disease__local_bacterial_infections/mild_hypothermia" type="answers" group="answers" color_code="" property="" options="Click here to take action"/><field name="Umbilicus Infection or Skin Pustules " link="very_severe_disease__local_bacterial_infections/umbilicus_red_or_draining_pus_skin_pustules" type="answers" group="answers" color_code="" property="" options="Click here to take action"/><field name="Eye Infection " link="very_severe_disease__local_bacterial_infections/eye_swollen_and_draining_pus" type="answers" group="answers" color_code="" property="" options="Click here to take action"/><field name="No symptoms" link="very_severe_disease__local_bacterial_infections/severe_disease_or_local_infection_unlikely" type="answers" group="answers" color_code="" property="" options="Click here to take action"/><field name="" color_code="Default" property="" link="" type="button" group="actions" options=""/></form></xmlgui>
