<?xml version="1.0"?>
<xmlgui><form name="very_severe_disease__local_bacterial_infections" type_of_page="Info Page" page_title="Point of Care" page_subtitle="PNC Diagnostic Newborn: Very Severe Disease &amp; Local Bacterial Infections&gt; Very Severe Disease &amp; Local Bacterial Infections 1" color_code="Select"><field name="ASK" link="" type="header" group="section_header" color_code="" property="" options=""/><field name="Is baby having any difficulty in feeding? " link="" type="section_items" group="section_items" color_code="" property="Select" options=""/><field name="Has the baby been given any herbal medicines since birth?" link="" type="section_items" group="section_items" color_code="" property="Select" options=""/><field name="Has baby had convulsions (fits)? " link="" type="section_items" group="section_items" color_code="" property="Select" options=""/><field name="LOOK, LISTEN, FEEL" link="" type="header" group="section_header" color_code="" property="" options=""/><field name="BREATHING " link="" type="section_items" group="section_items" color_code="" property="Bold" options=""/><field name="Not breathing (apnoea)" link="" type="section_items_sub" group="section_items" color_code="" property="Select" options=""/><field name="Count the breaths in 1 minute:" link="" type="section_items_sub" group="section_items" color_code="" property="Select" options=""/><field name="Slow breathing (&lt;20 bpm)" link="" type="section_items_sub_sub" group="section_items" color_code="" property="Select" options=""/><field name="Fast breathing (&#x2265; 60 bpm).  Repeat count to ensure fast breathing " link="" type="section_items_sub_sub" group="section_items" color_code="" property="Select" options=""/><field name="Look and listen for grunting" link="" type="section_items_sub" group="section_items" color_code="" property="Select" options=""/><field name="Look for chest in-drawing  " link="" type="section_items_sub" group="section_items" color_code="" property="Select" options=""/><field name="MOVEMENTS/TONE/CONVULSION" link="" type="section_items" group="section_items" color_code="" property="Bold" options=""/><field name="Look at baby&#x2019;s movements. If baby is sleeping, ask the mother to wake him/her" link="" type="section_items_sub" group="section_items" color_code="" property="Select" options=""/><field name="Does the baby move on his/her own? Are they normal and symmetrical? " link="" type="section_items_sub_sub" group="section_items" color_code="" property="Select" options=""/><field name="Is the baby convulsing now (abnormal movements of part or the whole body)? " link="" type="section_items_sub" group="section_items" color_code="" property="Select" options=""/><field name="If the baby is not moving, gently stimulate him/her" link="" type="section_items_sub" group="section_items" color_code="" property="Select" options=""/><field name="Does the baby not move at all?  " link="" type="section_items_sub_sub" group="section_items" color_code="" property="Select" options=""/><field name="SKIN, EYES, UMBILICUS" link="" type="section_items" group="section_items" color_code="" property="Bold" options=""/><field name="Are there any skin pustules? " link="" type="section_items_sub" group="section_items" color_code="" property="Select" options=""/><field name="Redness, swelling of skin? " link="" type="section_items_sub" group="section_items" color_code="" property="Select" options=""/><field name="Look at the umbilicus. Is it red or draining pus? " link="" type="section_items_sub" group="section_items" color_code="" property="Select" options=""/><field name="Look at the eyes.  Are they swollen and draining pus?  Are they yellow?" link="" type="section_items_sub" group="section_items" color_code="" property="Select" options=""/><field name="Check for cyanosis. Are the baby&#x2019;s lips and tongue look blue?  " link="" type="section_items_sub" group="section_items" color_code="" property="Select" options=""/><field name="Does the baby have severe pallor? " link="" type="section_items_sub" group="section_items" color_code="" property="Select" options=""/><field name="Measure axillary temperature " link="" type="section_items_sub" group="section_items" color_code="" property="Select" options=""/><field name="Next" color_code="Default" link="very_severe_disease__local_bacterial_infections/very_severe_disease__local_bacterial_infections_two" type="button" group="actions" property="" options=""/></form></xmlgui>
