<?xml version="1.0"?>
<xmlgui><form name="hiv_infection_1" type_of_page="Info Page" page_title="Point of Care" page_subtitle="PNC Diagnostic Newborn: PNC HIV Infection&gt; HIV Infection 1" color_code="Select"><field name="ASK MOTHER:" link="" type="header" group="section_header" color_code="" property="" options=""/><field name="" link="" type="section_items" group="section_items" color_code="" property="Select" options=""/><field name="pnc_hiv_infection/55.png" link="" type="image" group="section_items" color_code="" property="" options=""/><field name="Have you been tested for HIV during your pregnancy?  " link="" type="section_items" group="section_items" color_code="" property="Select" options=""/><field name="CHECK" link="" type="header" group="section_header" color_code="" property="" options=""/><field name="Maternal Health record (red) book for HIV status   " link="" type="section_items" group="section_items" color_code="" property="Select" options=""/><field name="Next" color_code="Default" link="pnc_hiv_infection/hiv_infection_two" type="button" group="actions" property="" options=""/></form></xmlgui>
