<?xml version="1.0"?>
<xmlgui>
	<form name="fluid_1" type_of_page="Info Page" page_title="Point of Care" page_subtitle="CWC Counselling: Fluid&gt; Fluid 1" color_code="Select">
		<field name="FOR ANY SICK CHILD" link="" type="header" group="section_header" color_code="" options=""/>
		<field name="If child is breastfed, breastfeed more frequently and for longer at each feed. If child is taking breast-milk substitutes, increase the amount of milk given " link="" type="section_items" group="section_items" color_code="" options=""/>
		<field name="Increase other fluids. For example, give soup, rice water, coconut water, fruit juice or clean water. " link="" type="section_items" group="section_items" color_code="" options=""/>
		<field name="Continue feeding " link="" type="section_items" group="section_items" color_code="" options=""/>
		<field name="FOR CHILD WITH DIARRHOEA" link="" type="header" group="section_header" color_code="" options=""/>
		<field name="Giving extra fluid can be lifesaving. Give fluid according to Plan A or Plan B on the TREAT THE CHILD char " link="" type="section_items" group="section_items" color_code="" options=""/>
		<field name="Advise the mother to give 1 or 2 extra feeds per day for 2 weeks after the child gets better" link="" type="section_items" group="section_items" color_code="" options=""/>
		<field name="" link="" type="section_items" group="section_items" color_code="" options=""/>
		<field name="" color_code="Default" link="" type="button" group="actions" options=""/>
	</form>
</xmlgui>
