<?xml version="1.0"?>
<xmlgui>
	<form color_code="Select" name="complication_readiness__newborn_dangers_1" page_subtitle="PNC Counselling: Complication Readiness &amp; Newborn Dangers&gt; Complication Readiness &amp; Newborn Dangers 1" page_title="Point of Care" type_of_page="Info Page">
		<field color_code="" group="section_header" link="" name="Counsel Clients on Maternal &amp; Newborn Danger Signs &amp; Complication Readiness " options="" property="" type="header"/>
		<field color_code="" group="section_items" link="" name="Vaginal bleeding  (heavy or sudden release)" options="" property="Select" type="section_items"/>
		<field color_code="" group="section_items" link="" name="complication_readiness__newborn_dangers/29.png" options="" property="" type="image"/>
		<field color_code="" group="section_items" link="" name="Pain in calf with or without swelling" options="" property="Select" type="section_items"/>
		<field color_code="" group="section_items" link="" name="complication_readiness__newborn_dangers/30.png" options="" property="" type="image"/>
		<field color_code="" group="section_items" link="" name="Severe headache and/or blurred vision" options="" property="Select" type="section_items"/>
		<field color_code="" group="section_items" link="" name="complication_readiness__newborn_dangers/31.png" options="" property="" type="image"/>
		<field color_code="" group="section_items" link="" name="Fever" options="" property="Select" type="section_items"/>
		<field color_code="" group="section_items" link="" name="complication_readiness__newborn_dangers/32.png" options="" property="" type="image"/>
		<field color_code="" group="section_items" link="" name="Pale tongue &amp; eyes" options="" property="Select" type="section_items"/>
		<field color_code="" group="section_items" link="" name="complication_readiness__newborn_dangers/33.png" options="" property="" type="image"/>
		<field color_code="" group="section_items" link="" name="Severe abdominal pain" options="" property="Select" type="section_items"/>
		<field color_code="" group="section_items" link="" name="complication_readiness__newborn_dangers/34.png" options="" property="" type="image"/>
		<field color_code="" group="section_header" link="" name="Other maternal danger signs include: " options="" property="" type="header"/>
		<field color_code="" group="section_items" link="" name="Breathing difficulty" options="" property="Select" type="section_items"/>
		<field color_code="" group="section_items" link="" name="Convulsions/loss of consciousness" options="" property="Select" type="section_items"/>
		<field color_code="" group="section_items" link="" name="Foul smelling discharge of vagina" options="" property="Select" type="section_items"/>
		<field color_code="" group="section_items" link="" name="Painful and tender wound" options="" property="Select" type="section_items"/>
		<field color_code="" group="section_items" link="" name="Breast that are red hot and feel painful" options="" property="Select" type="section_items"/>
		<field color_code="" group="section_items" link="" name="Abnormal behaviour/threats may harm herself or her baby; has hallucinations" options="" property="Select" type="section_items"/>
		<field color_code="Default" group="actions" link="complication_readiness__newborn_dangers/complication_readiness__newborn_dangers_two" name="NEXT" options="" property="" type="button"/>
	</form>
</xmlgui>