<?xml version="1.0"?>
<xmlgui><form name="complication_readiness__newborn_dangers_two" type_of_page="Info Page" page_title="Point of Care" page_subtitle="PNC Counselling: Complication Readiness &amp; Newborn Dangers   &gt; Complication Readiness &amp; Newborn Dangers TWO" color_code="Select"><field name="Newborn danger signs:" link="" type="header" group="section_header" color_code="" property="" options=""/><field name="Poor or no suckling" link="" type="section_items" group="section_items" color_code="" property="Select" options=""/><field name="complication_readiness__newborn_dangers/35.png" link="" type="image" group="section_items" color_code="" property="" options=""/><field name="Baby feels too hot or cold" link="" type="section_items" group="section_items" color_code="" property="Select" options=""/><field name="complication_readiness__newborn_dangers/36.png" link="" type="image" group="section_items" color_code="" property="" options=""/><field name="Convulsions or fits  (abnormal movement of any part of the body)" link="" type="section_items" group="section_items" color_code="" property="Select" options=""/><field name="complication_readiness__newborn_dangers/37.png" link="" type="image" group="section_items" color_code="" property="" options=""/><field name="Jaundice (yellow eyes, skin, palms &amp; soles)" link="" type="section_items" group="section_items" color_code="" property="Select" options=""/><field name="complication_readiness__newborn_dangers/38.png" link="" type="image" group="section_items" color_code="" property="" options=""/><field name="Sleeps too much or hard to wake" link="" type="section_items" group="section_items" color_code="" property="Select" options=""/><field name="complication_readiness__newborn_dangers/39.png" link="" type="image" group="section_items" color_code="" property="" options=""/><field name="Difficulty breathing" link="" type="section_items" group="section_items" color_code="" property="Select" options=""/><field name="complication_readiness__newborn_dangers/40.png" link="" type="image" group="section_items" color_code="" property="" options=""/><field name="Cord is red or draining pus" link="" type="section_items" group="section_items" color_code="" property="Select" options=""/><field name="complication_readiness__newborn_dangers/41.png" link="" type="image" group="section_items" color_code="" property="" options=""/><field name="Skin sores and pus from eyes" link="" type="section_items" group="section_items" color_code="" property="Select" options=""/><field name="complication_readiness__newborn_dangers/42.png" link="" type="image" group="section_items" color_code="" property="" options=""/><field name="Small baby" link="" type="section_items" group="section_items" color_code="" property="Select" options=""/><field name="complication_readiness__newborn_dangers/43.png" link="" type="image" group="section_items" color_code="" property="" options=""/><field name="Diarrhoea" link="" type="section_items" group="section_items" color_code="" property="Select" options=""/><field name="complication_readiness__newborn_dangers/44.png" link="" type="image" group="section_items" color_code="" property="" options=""/><field name="Persistent vomiting " link="" type="section_items" group="section_items" color_code="" property="Select" options=""/><field name="complication_readiness__newborn_dangers/45.png" link="" type="image" group="section_items" color_code="" property="" options=""/><field name="" link="" type="section_items" group="section_items" color_code="" property="Select" options=""/><field name="" link="" type="section_items" group="section_items" color_code="" property="Select" options=""/><field name="" link="" type="section_items" group="section_items" color_code="" property="Select" options=""/><field name="" link="" type="section_items" group="section_items" color_code="" property="Select" options=""/><field name="" link="" type="section_items" group="section_items" color_code="" property="Select" options=""/><field name="" link="" type="section_items" group="section_items" color_code="" property="Select" options=""/><field name="Other newborn danger signs include:" link="" type="header" group="section_header" color_code="" property="" options=""/><field name="Cyanosis/blueness/colour not pink" link="" type="section_items" group="section_items" color_code="" property="Select" options=""/><field name="Swollen joints or limbs or skull" link="" type="section_items" group="section_items" color_code="" property="Select" options=""/><field name="Crying weakly or inconsolably " link="" type="section_items" group="section_items" color_code="" property="Select" options=""/><field name="Pallor " link="" type="section_items" group="section_items" color_code="" property="Select" options=""/><field name="" link="" type="section_items" group="section_items" color_code="" property="Select" options=""/><field name="" link="" type="section_items" group="section_items" color_code="" property="Select" options=""/><field name="" link="" type="section_items" group="section_items" color_code="" property="Select" options=""/><field name="" link="" type="section_items" group="section_items" color_code="" property="Select" options=""/><field name="" link="" type="section_items" group="section_items" color_code="" property="Select" options=""/><field name="" link="" type="section_items" group="section_items" color_code="" property="Select" options=""/><field name="" link="" type="section_items" group="section_items" color_code="" property="Select" options=""/><field name="" link="" type="section_items" group="section_items" color_code="" property="Select" options=""/><field name="" link="" type="section_items" group="section_items" color_code="" property="Select" options=""/><field name="" link="" type="section_items" group="section_items" color_code="" property="Select" options=""/><field name="" link="" type="section_items" group="section_items" color_code="" property="Select" options=""/><field name="" link="" type="section_items" group="section_items" color_code="" property="Select" options=""/><field name="" link="" type="section_items" group="section_items" color_code="" property="Select" options=""/><field name="NEXT" color_code="Default" link="complication_readiness__newborn_dangers/complication_readiness__newborn_dangers_three" type="button" group="actions" property="" options=""/></form></xmlgui>
