<?xml version="1.0"?>
<xmlgui><form name="clear_ear_by_dry_wicking_and_eardrops1" type_of_page="Reference Page" page_title="Point of Care" page_subtitle="CWC References: Clear Ear by Dry Wicking and Eardrops&gt; Clear Ear by Dry Wicking and Eardrops1" color_code="Select"><field name="Clear Ear by Dry Wicking and Eardrops | How to Administer  " link="" type="header" group="section_header" color_code="" property="" options=""/><field name="Dry the ear by wicking for the following conditions: " link="" type="section_items" group="section_items" color_code="" property="Select" options=""/><field name="Acute ear infection " link="" type="section_items_sub" group="section_items" color_code="" property="Select" options=""/><field name="Chronic ear infection" link="" type="section_items_sub" group="section_items" color_code="" property="Select" options=""/><field name="Clean affected ear 3 times daily " link="" type="section_items" group="section_items" color_code="" property="Select" options=""/><field name="Roll clean absorbent cloth or soft strong tissue paper into a wick " link="" type="section_items_sub" group="section_items" color_code="" property="Select" options=""/><field name="Place the wick in the child&#x2019;s ear" link="" type="section_items_sub" group="section_items" color_code="" property="Select" options=""/><field name="Remove the wick when wet " link="" type="section_items_sub" group="section_items" color_code="" property="Select" options=""/><field name="Replace the wick with a clean one and repeat these steps until the ear is dry " link="" type="section_items_sub" group="section_items" color_code="" property="Select" options=""/><field name="Instill 2 drops of gentamycin or ciprofloxacin eardrops after dry wicking 3 times daily for 14 days" link="" type="section_items" group="section_items" color_code="" property="Select" options=""/><field name="" color_code="Default" link="" type="button" group="actions" property="" options=""/></form></xmlgui>
