<?xml version="1.0"?>
<xmlgui><form name="has_fever_two" type_of_page="Info Page" page_title="Point of Care" page_subtitle="CWC Diagnostic: Fever&gt; Has Fever Two" color_code="Amber"><field name="LOOK AND FEEL  " link="" type="header" group="section_header" color_code="" property="" options=""/><field name="Look and feel for stiff neck" link="" type="section_items" group="section_items" color_code="" property="Select" options=""/><field name="Look for signs of Severe Malaria:" link="" type="section_items" group="section_items" color_code="" property="Bold" options=""/><field name="Lethargy or unconsciousness" link="" type="section_items_sub" group="section_items" color_code="" property="Select" options=""/><field name="Convulsion" link="" type="section_items_sub" group="section_items" color_code="" property="Select" options=""/><field name="Severe pallor (severe anemia)" link="" type="section_items_sub" group="section_items" color_code="" property="Select" options=""/><field name="Generalized weakness (unable to sit or stand) in a child who previously could sit or stand" link="" type="section_items_sub" group="section_items" color_code="" property="Select" options=""/><field name="Difficulty in breathing (deep/labored breathing)" link="" type="section_items_sub" group="section_items" color_code="" property="Select" options=""/><field name="Weak, rapid pulse, cold extremities (shock)" link="" type="section_items_sub" group="section_items" color_code="" property="Select" options=""/><field name="Dark or cola colored urine" link="" type="section_items_sub" group="section_items" color_code="" property="Select" options=""/><field name="Jaundice (yellow eyes)" link="" type="section_items_sub" group="section_items" color_code="" property="Select" options=""/><field name="Abnormal bleeding" link="" type="section_items_sub" group="section_items" color_code="" property="Select" options=""/><field name="Look for signs of Measles: " link="" type="section_items" group="section_items" color_code="" property="Bold" options=""/><field name="Generalized rash and" link="" type="section_items_sub" group="section_items" color_code="" property="Select" options=""/><field name="One of the following signs: " link="" type="section_items_sub" group="section_items" color_code="" property="Select" options=""/><field name="Cough, runny nose or red eye" link="" type="section_items_sub_sub" group="section_items" color_code="" property="Select" options=""/><field name="If the child has measles now or within the last 3 months:" link="" type="section_items" group="section_items" color_code="" property="Bold" options=""/><field name="Look for mouth ulcers: Are they deep and extensive? " link="" type="section_items_sub" group="section_items" color_code="" property="Select" options=""/><field name="Look for pus draining from the eye " link="" type="section_items_sub" group="section_items" color_code="" property="Select" options=""/><field name="Look for clouding of the cornea" link="" type="section_items_sub" group="section_items" color_code="" property="Select" options=""/><field name="Next" color_code="Default" link="fever/has_fever_three" type="button" group="actions" property="" options=""/></form></xmlgui>
