<?xml version="1.0"?>
<xmlgui><form name="has_fever" type_of_page="Info Page" page_title="Point of Care" page_subtitle="CWC Diagnostic: Fever&gt; Has Fever" color_code="Amber"><field name=" Fever &gt; 37.5&#xBA;C | Do the following" link="" type="header" group="section_header" color_code="" property="" options=""/><field name="" link="" type="section_items" group="section_items" color_code="" property="Select" options=""/><field name="fever/7.png" link="" type="image" group="section_items" color_code="" property="" options=""/><field name="ASK" link="" type="header" group="section_header" color_code="" property="" options=""/><field name="How long has the child had a fever?" link="" type="section_items" group="section_items" color_code="" property="Select" options=""/><field name="If more than 7 days, has fever been present every day?" link="" type="section_items" group="section_items" color_code="" property="Select" options=""/><field name="Signs of Severe Malaria: " link="" type="section_items" group="section_items" color_code="" property="Bold" options=""/><field name="Is the patient passing little or no urine?" link="" type="section_items_sub" group="section_items" color_code="" property="Select" options=""/><field name="Is the patient passing dark or cola colored urine?" link="" type="section_items_sub" group="section_items" color_code="" property="Select" options=""/><field name="Is the child having abnormal bleeding (from the mouth, the nose or the skin)?" link="" type="section_items_sub" group="section_items" color_code="" property="Select" options=""/><field name="Has the child had measles within the last 3 months?" link="" type="section_items" group="section_items" color_code="" property="Select" options=""/><field name="Next" color_code="Default" link="fever/has_fever_two" type="button" group="actions" property="" options=""/></form></xmlgui>
