<?xml version="1.0"?>
<xmlgui><form name="severe_febrile_disease_malaria_status_unknown" type_of_page="Info Page" page_title="Point of Care" page_subtitle="CWC Diagnostic: Fever&gt; Severe Febrile Disease, Malaria Status Unknown" color_code="Red"><field name="Severe Febrile Disease, Malaria Status Unknown | Take Action " link="" type="header" group="section_header" color_code="" property="" options=""/><field name="Administer the following pre-referral treatment, as needed:  " link="" type="section_items" group="section_items" color_code="" property="Select" options=""/><field name="Administer FIRST dose of intramuscular quinine " link="pre-referral_treatments_in_clinics/intramuscular_quinine" type="section_items_sub" group="section_items" color_code="" property="Select" options=""/><field name="or rectal or intramuscular artesunate " link="pre-referral_treatments_in_clinics/rectal_artesunate" type="section_items_sub" group="section_items" color_code="" property="Select" options=""/><field name="Administer FIRST dose of intramuscular ampicillin and gentamicin " link="pre-referral_treatments_in_clinics/intramuscular_ampicillin_and_intramuscular_gentamicin" type="section_items_sub" group="section_items" color_code="" property="Select" options=""/><field name="Administer diazepam if child is convulsing " link="pre-referral_treatments_in_clinics/diazepam" type="section_items_sub" group="section_items" color_code="" property="Select" options=""/><field name="Treat child to prevent low blood sugar " link="pre-referral_treatments_in_clinics/treat_and_prevent_low_blood_sugar" type="section_items_sub" group="section_items" color_code="" property="Select" options=""/><field name="Administer ONE dose of paracetamol in clinic if temperature &#x2265; 38.5&#xB0;C " link="" type="section_items" group="section_items" color_code="" property="Select" options=""/><field name="fever/8.jpeg" link="" type="image" group="section_items" color_code="" property="" options=""/><field name="Refer mother/caregiver and child to a health center or hospital IMMEDIATELY" link="" type="section_items" group="section_items" color_code="" property="Select" options=""/><field name="Call provider and arrange transport " link="" type="section_items" group="section_items" color_code="" property="Select" options=""/><field name="Fill out referral form. Record clinical care in Child Health Record &#x201C;green&#x201D; book" link="" type="section_items" group="section_items" color_code="" property="Select" options=""/><field name="NEXT" color_code="Default" link="fever/severe_febrile_disease_malaria_status_unknown_two" type="button" group="actions" property="" options=""/></form></xmlgui>
