<?xml version="1.0"?>
<xmlgui>
	<form name="uncomplicated_measles_malaria_status_unknown_two" type_of_page="Info Page" page_title="Point of Care" page_subtitle="CWC Diagnostic: Fever&gt; Uncomplicated Measles Malaria Status Unknown Two" color_code="Green">
		<field name="" link="" type="header" group="section_header" color_code="" property="" options=""/>
		<field name="Treat any skin irritation with calamine lotion by applying to the affected areas" link="" type="section_items" group="section_items" color_code="" property="Select" options=""/>
		<field name="Give paracetamol to reduce fever (temperature &#x2265; 38.5&#xB0;C), as given below: " link="" type="section_items" group="section_items" color_code="" property="Select" options=""/>
		<field name="Give first dose of paracetamol in clinic " link="" type="section_items_sub" group="section_items" color_code="" property="Select" options=""/>
		<field name="Advise mother/caregiver to give paracetamol every 6 hours until fever or pain is gone " link="" type="section_items_sub" group="section_items" color_code="" property="Select" options=""/>
		<field name="Provide paracetamol for 2 days" link="" type="section_items_sub" group="section_items" color_code="" property="Select" options=""/>
		<field name="" link="" type="section_items" group="section_items" color_code="" property="Select" options=""/>
		<field name="fever/9.jpeg" link="" type="image" group="section_items" color_code="" property="" options=""/>
		<field name="Advice mother/caregiver to return for care if child is not getting well" link="" type="section_items" group="section_items" color_code="" property="Select" options=""/>
		<field name="Counsel mother/caregiver on feeding a sick child " link="feeding_a_healthy_child/feeding_a_healthy_child1" type="section_items" group="section_items" color_code="" property="Select" options=""/>
		<field name="Record clinical care in Child Health Record &#x201C;green&#x201D; book" link="" type="section_items" group="section_items" color_code="" property="Select" options=""/>
	</form>
</xmlgui>
