<?xml version="1.0"?>
<xmlgui><form name="malaria_prevention_1" type_of_page="Info Page" page_title="Point of Care" page_subtitle="PNC Counselling: PNC Malaria Prevention&gt; Malaria Prevention 1" color_code="Select"><field name="Counsel mother on malaria prevention and seeking care when symptoms arise" link="" type="header" group="section_header" color_code="" property="" options=""/><field name="" link="" type="section_items" group="section_items" color_code="" property="Select" options=""/><field name="pnc_malaria_prevention/73.png" link="" type="image" group="section_items" color_code="" property="" options=""/><field name="Keep your home environment clean " link="" type="section_items" group="section_items" color_code="" property="Select" options=""/><field name="To sleep under an insecticide treated net every night with her baby" link="" type="section_items" group="section_items" color_code="" property="Select" options=""/><field name="Seek immediate treatment when baby has a fever or any of the following signs: " link="" type="section_items" group="section_items" color_code="" property="Select" options=""/><field name="Baby is unable to drink or breastfeed" link="" type="section_items_sub" group="section_items" color_code="" property="Select" options=""/><field name="Baby is vomiting everything he/she drinks or eats" link="" type="section_items_sub" group="section_items" color_code="" property="Select" options=""/><field name="Baby has history of convulsions, and/or" link="" type="section_items_sub" group="section_items" color_code="" property="Select" options=""/><field name="Baby is lethargic, unconscious, or convulsing" link="" type="section_items_sub" group="section_items" color_code="" property="Select" options=""/><field name="" color_code="Default" link="" type="button" group="actions" property="" options=""/></form></xmlgui>
