<?xml version="1.0"?>
<xmlgui>
	<form name="frequency_of_feeds1" type_of_page="Info Page" page_title="Point of Care" page_subtitle="CWC Counselling: Frequency Of Feeds&gt; Frequency Of Feeds1" color_code="Select">
		<field name="Frequency of Feeds | Counseling" link="" type="header" group="section_header" color_code="" property="" options=""/>
		<field name="How often should a client breastfeed" link="" type="section_items_sub" group="section_items" color_code="" property="Select" options=""/>
		<field name="Breastfeed your baby on demand, day and night, at least 8 &#x2013; 12 times everyday " link="" type="section_items" group="section_items" color_code="" property="Select" options=""/>
		<field name="Frequent feeding will help your body to produce breast milk" link="" type="section_items" group="section_items" color_code="" property="Select" options=""/>
		<field name="Continue to feed until baby finishes the breast and comes off on his or her own. Offer the other breast and let baby decide if he or she wants more or not" link="" type="section_items" group="section_items" color_code="" property="Select" options=""/>
		<field name="frequency_of_feeds/19.png" link="" type="image" group="section_items" color_code="" property="" options=""/>
		<field name="Switching back and forth from one breast to the other prevents the baby from getting the nutritious &#x201C;hind milk.&#x201D; The &#x201C;fore milk&#x201D; has more water and satisfies the baby&#x2019;s thirst.  The &#x201C;hind milk&#x201D; has more fat and satisfies your baby&#x2019;s hunger" link="" type="section_items" group="section_items" color_code="" property="Select" options=""/>
		<field name="If your baby is ill or sleepy, wake him or her to offer breast often" link="" type="section_items" group="section_items" color_code="" property="Select" options=""/>
		<field name="Do NOT use bottles, teats or sprouted cups.  They are difficult to clean and can cause your baby to become sick " link="" type="section_items" group="section_items" color_code="" property="Select" options=""/>
		<field name="NEXT" color_code="Default" link="frequency_of_feeds/frequency_of_feeds_two" type="button" group="actions" property="" options=""/>
	</form>
</xmlgui>
