<?xml version="1.0"?>
<xmlgui><form name="complicated_severe_acute_malnutrition" type_of_page="Info Page" page_title="Point of Care" page_subtitle="CWC Diagnostic: Malnutrition&gt;  Complicated severe acute malnutrition" color_code="Red"><field name="Complicated Severe Acute Malnutrition | Take Action " link="" type="header" group="section_header" color_code="" property="" options=""/><field name="*This classification includes complicated and uncomplicated severe malnutrition" link="" type="section_items" group="section_items" color_code="" property="Select" options=""/><field name="Refer mother/caregiver and child to a health center or hospital IMMEDIATELY" link="" type="section_items" group="section_items" color_code="" property="Select" options=""/><field name="Call provider and arrange transport" link="" type="section_items" group="section_items" color_code="" property="Select" options=""/><field name="Administer first dose of amoxycillin, as given below: " link="" type="section_items" group="section_items" color_code="" property="Select" options=""/><field name="malnutrition/2.png" link="" type="image" group="section_items" color_code="" property="" options=""/><field name="Treat the child to prevent low blood sugar " link="pre-referral_treatments_in_clinics/treat_and_prevent_low_blood_sugar" type="section_items" group="section_items" color_code="" property="Select" options=""/><field name="Complete assessment of child, and administer appropriate pre-referral treatments" link="" type="section_items" group="section_items" color_code="" property="Select" options=""/><field name="Fill out referral form. Record clinical care in Child Health Record &#x201C;green&#x201D; book " link="" type="section_items" group="section_items" color_code="" property="Select" options=""/><field name="" link="" type="section_items" group="section_items" color_code="" property="Select" options=""/><field name="" link="" type="section_items" group="section_items" color_code="" property="Select" options=""/><field name="" link="" type="section_items" group="section_items" color_code="" property="Select" options=""/><field name="" link="" type="section_items" group="section_items" color_code="" property="Select" options=""/><field name="" link="" type="section_items" group="section_items" color_code="" property="Select" options=""/><field name="" link="" type="section_items" group="section_items" color_code="" property="Select" options=""/><field name="" link="" type="section_items" group="section_items" color_code="" property="Select" options=""/><field name="NEXT" color_code="Default" link="malnutrition/complicated_severe_acute_malnutrition_two" type="button" group="actions" property="" options=""/></form></xmlgui>
