<?xml version="1.0"?>
<xmlgui>
	<form name="moderate_acute_malnutrition_or_underweight" type_of_page="Info Page" page_title="Point of Care" page_subtitle="CWC Diagnostic: Malnutrition&gt; Moderate Acute Malnutrition or Underweight " color_code="Amber">
	<field name="Moderate Acute Malnutrition or Underweight | Take Action " link="" type="header" group="section_header" color_code="" property="" options=""/>
	<field name="Assess child&#x2019;s feeding " link="" type="section_items" group="section_items" color_code="" property="Select" options=""/>
	<field name="Counsel mother/caregiver on feeding according to the feeding recommendations " link="feeding_a_healthy_child/feeding_a_healthy_child1" type="section_items_sub" group="section_items" color_code="" property="Select" options=""/>
	<field name="If child has feeding problems, advise mother/caregiver to return for care in 5 days" link="" type="section_items_sub" group="section_items" color_code="" property="Select" options=""/>
	<field name="Counsel mother/caregiver on feeding a sick child " link="feeding_a_healthy_child/feeding_a_healthy_child1" type="section_items" group="section_items" color_code="" property="Select" options=""/>
	<field name="If child still breastfeeds, observe mother breastfeeding and provide counseling on breast attachment and positioning, if necessary " link="feeding_a_healthy_child/breastfeeding_attachment_and_position" type="section_items" group="section_items" color_code="" property="Select" options=""/>
	<field name="Assess for HIV infection, if trained " link="hiv_infection/hiv_infection1" type="section_items" group="section_items" color_code="" property="Select" options=""/>
	<field name="Advise mother/caregiver when to return for care immediately " link="when_to_seek_care_immediately/_when_to_seek_care_immediately1" type="section_items" group="section_items" color_code="" property="Select" options=""/>
	<field name="Advise mother/caregiver to return for follow-up care in 30 days" link="" type="section_items" group="section_items" color_code="" property="Select" options=""/>
	<field name="Record clinical care in Child Health Record &#x201C;green&#x201D; book" link="" type="section_items" group="section_items" color_code="" property="Select" options=""/>
	<field name="" link="" type="section_items" group="section_items" color_code="" property="Select" options=""/>
	<field name="" color_code="Default" link="" type="button" group="actions" property="" options=""/></form></xmlgui>
