<?xml version="1.0"?>
<xmlgui>
	<form name="no_acute_malnutrition_and_not_underweight" type_of_page="Info Page" page_title="Point of Care" page_subtitle="CWC Diagnostic: Malnutrition&gt; No acute malnutrition, and not underweight " color_code="Green">
		<field name="No Acute Malnutrition and Not Underweight | Take Action " link="" type="header" group="section_header" color_code="" property="" options=""/>
		<field name="If child is &lt; 2 years old, assess child&#x2019;s feeding " link="feeding_problems/feeding_problems_two" type="section_items" group="section_items" color_code="" property="Select" options=""/>
		<field name="Counsel mother/caregiver on feeding according to the feeding recommendations " link="feeding_a_healthy_child/feeding_a_healthy_child1" type="section_items_sub" group="section_items" color_code="" property="Select" options=""/>
		<field name="If child has feeding problems, advise mother/caregiver to return for care in 5 days" link="" type="section_items_sub" group="section_items" color_code="" property="Select" options=""/>
		<field name="Counsel mother/caregiver on feeding a sick child " link="feeding_a_healthy_child/feeding_a_healthy_child1" type="section_items" group="section_items" color_code="" property="Select" options=""/>
		<field name="If child still breastfeeds, observe mother breastfeeding and provide counseling on breast attachment and positioning, if necessary " link="feeding_a_healthy_child/breastfeeding_attachment_and_position" type="section_items" group="section_items" color_code="" property="Select" options=""/>
		<field name="Advise mother/caregiver when to return for care immediately " link="when_to_seek_care_immediately/_when_to_seek_care_immediately1" type="section_items" group="section_items" color_code="" property="Select" options=""/>
		<field name="Record clinical care in Child Health Record &#x201C;green&#x201D; book" link="" type="section_items" group="section_items" color_code="" property="Select" options=""/>
		<field name="Proceed to assess child for anaemia" link="anaemia/anaemia1" type="section_items" group="section_items" color_code="" property="Select" options=""/>
	</form></xmlgui>
