<?xml version="1.0"?>
<xmlgui><form name="no_rutf_available" type_of_page="Info Page" page_title="Point of Care" page_subtitle="CWC Diagnostic: Malnutrition&gt; No RUTF Available" color_code="Select"><field name="LOOK AND FEEL  " link="" type="header" group="section_header" color_code="" property="" options=""/><field name="" link="" type="section_items" group="section_items" color_code="" property="Select" options=""/><field name="malnutrition/9.png" link="" type="image" group="section_items" color_code="" property="" options=""/><field name="For all children " link="" type="header" group="section_header" color_code="" property="" options=""/><field name="Determine weight for age:" link="" type="section_items" group="section_items" color_code="" property="Select" options=""/><field name="Weight for Age-Boys: Plot current weight on growth chart" link="" type="section_items_sub" group="section_items" color_code="" property="Select" options=""/><field name="Weight for Age-Girls: Plot current weight on growth chart" link="" type="section_items_sub" group="section_items" color_code="" property="Select" options=""/><field name="Look for oedema of both feet" link="" type="section_items" group="section_items" color_code="" property="Select" options=""/><field name="For children up to 6 months of age " link="" type="header" group="section_header" color_code="" property="" options=""/><field name="Look for visible severe wasting (see for procedure below)" link="" type="section_items" group="section_items" color_code="" property="Select" options=""/><field name="For children &#x2265; 6 months of age" link="" type="header" group="section_header" color_code="" property="" options=""/><field name="Determine the MUAC using tape. Assess appetite, if: " link="" type="section_items" group="section_items" color_code="" property="Select" options=""/><field name="MUAC &lt; 11.5 cm OR " link="" type="section_items_sub" group="section_items" color_code="" property="Select" options=""/><field name="Oedema of both feet is present " link="" type="section_items_sub" group="section_items" color_code="" property="Select" options=""/><field name="If tape is not available for measuring MUAC, look for visible severe wasting (see for procedure below)" link="" type="section_items" group="section_items" color_code="" property="Select" options=""/><field name="MUAC: Mid Upper Arm Circumference" link="" type="section_items" group="section_items" color_code="" property="Bold Blue" options=""/><field name="Assessment of Visible Severe Wasting " link="" type="header" group="section_header" color_code="" property="" options=""/><field name="Remove child&#x2019;s clothes for examination.  The following are signs of visible severe wasting in children" link="" type="section_items" group="section_items" color_code="" property="Select" options=""/><field name="Visible severe wasting of the muscles of the shoulders, arms, buttocks and legs " link="" type="section_items_sub" group="section_items" color_code="" property="Select" options=""/><field name="Outline of the ribs can be easily seen" link="" type="section_items_sub" group="section_items" color_code="" property="Select" options=""/><field name="Hips may look small compared to the chest and abdomen" link="" type="section_items_sub" group="section_items" color_code="" property="Select" options=""/><field name="From the side the fat of the buttocks appears missing" link="" type="section_items_sub" group="section_items" color_code="" property="Select" options=""/><field name="Many folds of skin on the buttocks and thigh maybe visible in extreme cases" link="" type="section_items_sub" group="section_items" color_code="" property="Select" options=""/><field name="Abdomen may be large or distended" link="" type="section_items_sub" group="section_items" color_code="" property="Select" options=""/><field name="Next" color_code="Default" link="malnutrition/no_rutf_available_two" type="button" group="actions" property="" options=""/></form></xmlgui>
