<?xml version="1.0"?>
<xmlgui>
	<form name="rutf_available_two" type_of_page="Take Action Classification Page" page_title="Point of Care" page_subtitle="CWC Diagnostic: Malnutrition&gt;  RUTF Available Two" color_code="Select">
		<field name="Does the child have any of the following signs or conditions?" link="" type="question" group="questions" color_code="" property="" options=""/>
		<field name="Complicated severe acute malnutrition " link="malnutrition/complicated_severe_acute_malnutrition" type="answers" group="answers" color_code="" property="" options="For children &lt; 6 months of age | Visible severe wasting OR | Oedema of both feet For children &#x2265; 6 months of age | MUAC &lt; 11.5 cm OR oedema of both feet OR visible severe wasting AND | Poor appetite OR pneumonia OR persistent diarrhea OR dysentery OR ear infection OR generalized oedema OR temperature of &lt;35.5 or &#x2265; 38.5 | Click here to take action"/>
		<field name="Uncomplicated severe acute malnutrition " link="malnutrition/uncomplicated_severe_acute_malnutrition" type="answers" group="answers" color_code="" property="" options="For children &#x2265; 6 months of age | MUAC &lt; 11.5 cm OR oedema of both feet OR visible severe wasting AND  | Some appetite (able to finish RUTF) AND | No medical complications | Click here to take action "/>
		<field name="Moderate acute malnutrition or underweight" link="malnutrition/moderate_acute_malnutrition_or_underweight" type="answers" group="answers" color_code="" property="" options="For children &#x2265; 6 months of age | MUAC 11.5 &#x2013; &lt; 12 cm OR  | Weight for age &lt; -2 z-score | Click here to take acition"/>
		<field name="No acute malnutrition, and not underweight " link="malnutrition/no_acute_malnutrition_and_not_underweight" type="answers" group="answers" color_code="" property="" options="For children &#x2265; 6 months of age | MUAC &#x2265; 12.5 cm OR | Weight for age &gt; -2 z-score | Click here to take action"/>
		<field name="" color_code="Default" property="" link="" type="button" group="actions" options=""/>
	</form>
</xmlgui>
