<?xml version="1.0"?>
<xmlgui>
	<form name="uncomplicated_severe_acute_malnutrition_two" type_of_page="Info Page" page_title="Point of Care" page_subtitle="CWC Diagnostic: Malnutrition&gt;  Uncomplicated Severe Acute Malnutrition Two" color_code="Amber">
		<field name="" link="" type="header" group="section_header" color_code="" property="" options=""/>
		<field name="Administer mebendazole OR albendazole, as given below: " link="" type="section_items" group="section_items" color_code="" property="Select" options=""/>
		<field name="If child is &#x2265; 2 years of age, and" link="" type="section_items_sub" group="section_items" color_code="" property="Select" options=""/>
		<field name="Has not had a dose in the previous 6 months " link="" type="section_items_sub" group="section_items" color_code="" property="Select" options=""/>
		<field name="" link="" type="section_items" group="section_items" color_code="" property="Select" options=""/>
		<field name="malnutrition/28.jpeg" link="" type="image" group="section_items" color_code="" property="" options=""/>
		<field name="NEXT" color_code="Default" link="malnutrition/uncomplicated_severe_acute_malnutrition_three" type="button" group="actions" property="" options=""/>
	</form>
</xmlgui>
