<?xml version="1.0"?>
<xmlgui><form name="uncomplicated_severe_acute_malnutrition_three" type_of_page="Info Page" page_title="Point of Care" page_subtitle="CWC Diagnostic: Malnutrition&gt; Uncomplicated Severe Acute Malnutrition Three" color_code="Select"><field name="" link="" type="header" group="section_header" color_code="" property="" options=""/><field name="Administer oral amoxicillin for 5 days: " link="" type="section_items" group="section_items" color_code="" property="Select" options=""/><field name="malnutrition/2.png" link="" type="image" group="section_items" color_code="" property="" options=""/><field name="Counsel mother/caregiver how to keep child warm " link="keeping_child_warm_on_the_way_to_the_hospital/keeping_child_warm_on_the_way_to_the_hospital1" type="section_items" group="section_items" color_code="" property="Select" options=""/><field name="Counsel mother/caregiver on feeding a sick child " link="feeding_a_healthy_child/feeding_a_healthy_child1" type="section_items" group="section_items" color_code="" property="Select" options=""/><field name="Advise mother/caregiver when to return for care immediately " link="when_to_seek_care_immediately/_when_to_seek_care_immediately1" type="section_items" group="section_items" color_code="" property="Select" options=""/><field name="Give mother/caregiver 7 day supply of RUTF" link="" type="section_items" group="section_items" color_code="" property="Select" options=""/><field name="Advise mother/caregiver to return for follow-up care in 7 days " link="" type="section_items" group="section_items" color_code="" property="Select" options=""/><field name="Record clinical care in Child Health Record &#x201C;green&#x201D; book" link="" type="section_items" group="section_items" color_code="" property="Select" options=""/><field name="" link="" type="section_items" group="section_items" color_code="" property="Select" options=""/><field name="" link="" type="section_items" group="section_items" color_code="" property="Select" options=""/><field name="" link="" type="section_items" group="section_items" color_code="" property="Select" options=""/><field name="" link="" type="section_items" group="section_items" color_code="" property="Select" options=""/><field name="" color_code="Default" link="" type="button" group="actions" property="" options=""/></form></xmlgui>
