<?xml version="1.0"?>
<xmlgui><form name="teach_mother_to_treat_local_infections_at_home" type_of_page="Question Page" page_title="Point of Care" page_subtitle="CWC References: Teach Mother to Treat Local Infections at Home&gt; Teach Mother to Treat Local Infections at Home1" color_code="Select"><field name="" link="" type="question" group="questions" color_code="" property="" options=""/><field name="General Considerations" link="" type="answers" group="answers" color_code="" property="" options=""/><field name="Clear Ear by Dry Wicking and Eardrops" link="clear_ear_by_dry_wicking_and_eardrops/clear_ear_by_dry_wicking_and_eardrops1" type="answers" group="answers" color_code="" property="" options=""/><field name="Gentian Violet" link="gentian_violet/gentian_violet1" type="answers" group="answers" color_code="" property="" options=""/><field name="Nystatin" link="nystatin/nystatin1" type="answers" group="answers" color_code="" property="" options=""/><field name="Soothe Throat and Relieve Cough" link="soothe_throat_and_relieve_cough_references/soothe_throat_and_relieve_cough_references1" type="answers" group="answers" color_code="" property="" options=""/><field name="Tetracycline or Chloramphenicol Eye Ointment" link="tetracycline_or_chloramphenicol_eye_ointment/tetracycline_or_chloramphenicol_eye_ointment1" type="answers" group="answers" color_code="" property="" options=""/><field name="" color_code="Default" property="" link="" type="button" group="actions" options=""/></form></xmlgui>
