<?xml version="1.0"?>
<xmlgui><form name="tetracycline_or_chloramphenicol_eye_ointment" type_of_page="Reference Page" page_title="Point of Care" page_subtitle="CWC References: Teach Mother to Treat Local Infections at Home&gt; Tetracycline or Chloramphenicol Eye Ointment" color_code="Select"><field name="Tetracycline or Chloramphenicol Eye Ointment | How to Administer  " link="" type="header" group="section_header" color_code="" property="" options=""/><field name="Administer 1% tetracycline or 0.5% chloramphenicol ointment for the following conditions: " link="" type="section_items" group="section_items" color_code="" property="Select" options=""/><field name="Measles with eye complications " link="" type="section_items_sub" group="section_items" color_code="" property="Select" options=""/><field name="Pus draining from the eye " link="" type="section_items_sub" group="section_items" color_code="" property="Select" options=""/><field name="" link="" type="section_items" group="section_items" color_code="" property="Select" options=""/><field name="" link="" type="section_items" group="section_items" color_code="" property="Select" options=""/><field name="Teach mother/caregiver to clean both eyes 3 times daily: " link="" type="header" group="section_header" color_code="" property="" options=""/><field name="Wash hands" link="" type="section_items" group="section_items" color_code="" property="Select" options=""/><field name="Ask child to close the eye" link="" type="section_items" group="section_items" color_code="" property="Select" options=""/><field name="Use clean cloth and water to gently wipe away pus " link="" type="section_items" group="section_items" color_code="" property="Select" options=""/><field name="" link="" type="section_items" group="section_items" color_code="" property="Select" options=""/><field name="" link="" type="section_items" group="section_items" color_code="" property="Select" options=""/><field name="" link="" type="section_items" group="section_items" color_code="" property="Select" options=""/><field name="" link="" type="section_items" group="section_items" color_code="" property="Select" options=""/><field name="Then apply 1% tetracycline or 0.5% chloramphenicol eye ointment in both eyes 3 times daily:" link="" type="header" group="section_header" color_code="" property="" options=""/><field name="Ask child to look up " link="" type="section_items" group="section_items" color_code="" property="Select" options=""/><field name="Squirt a small amount of ointment on the inside of the lower lid" link="" type="section_items" group="section_items" color_code="" property="Select" options=""/><field name="Wash hands again " link="" type="section_items" group="section_items" color_code="" property="Select" options=""/><field name="" link="" type="section_items" group="section_items" color_code="" property="Select" options=""/><field name="" link="" type="section_items" group="section_items" color_code="" property="Select" options=""/><field name="Treat until redness or pus discharge is gone" link="" type="header" group="section_header" color_code="" property="" options=""/><field name="" link="" type="section_items" group="section_items" color_code="" property="Select" options=""/><field name="" link="" type="header" group="section_header" color_code="" property="" options=""/><field name="Do not use other eye ointments or drops, or put anything else in the eye " link="" type="section_items" group="section_items" color_code="" property="Select" options=""/><field name="" link="" type="header" group="section_header" color_code="" property="" options=""/><field name="" link="" type="section_items" group="section_items" color_code="" property="Select" options=""/><field name="" color_code="Default" link="" type="button" group="actions" property="" options=""/></form></xmlgui>
