<?xml version="1.0"?>
<xmlgui><form name="when_to_return_for_care_1" type_of_page="Info Page" page_title="Point of Care" page_subtitle="PNC Counselling: When to Return for Care&gt; When to Return for Care 1" color_code="Select"><field name="Routine Postnatal Care Visits " link="" type="header" group="section_header" color_code="" property="" options=""/><field name="" link="" type="section_items" group="section_items" color_code="" property="Select" options=""/><field name="when_to_return_for_care/2.png" link="" type="image" group="section_items" color_code="" property="" options=""/><field name="" link="" type="section_items" group="section_items" color_code="" property="Select" options=""/><field name="when_to_return_for_care/75.png" link="" type="image" group="section_items" color_code="" property="" options=""/><field name="Next" color_code="Default" link="when_to_return_for_care/when_to_return_for_care_two" type="button" group="actions" property="" options=""/></form></xmlgui>
