<?xml version="1.0"?>
<xmlgui>
	<form name="confirmed_hiv_infection" type_of_page="Take Action Page" page_title="Point of Care" page_subtitle="CWC Diagnostic: HIV Infection&gt; Confirmed HIV Infection" color_code="Amber">
		<field name="Positive  HIV antibody test for child 18 months and above OR | Positive HIV Virological test &#13;&#10;" link="" type="definition" group="definition" color_code="" options=""/>
		<field name="Take Action: Confirmed HIV Infection" link="" type="first_section_head" group="first_actions" color_code="" options=""/>
		<field name="Treat and counsel mother appropriately before referral." link="" type="first_actions" group="first_actions" color_code="" options=""/>
		<field name="Give appropriate antibiotic prophylaxis per below:" link="" type="first_actions" group="first_actions" color_code="" options=""/>
		<field name="hiv_infection/hiv_infection_1.JPG" link="" type="image" group="first_actions" color_code="" options=""/>
		<field name="Give  Vitamin A  per table below form 6 months of age every 6 months:" link="" type="first_actions" group="first_actions" color_code="" options=""/>
		<field name="hiv_infection/hiv_infection2.JPG" link="" type="image" group="first_actions" color_code="" options=""/>
		<field name="Assess the Child&#x2019;s feeding" link="feeding/feeding_1" type="first_actions" group="first_actions" color_code="" options=""/>
		<field name="Compare feeding assessment to Feeding Recommendations for Child Classified as HIV Exposed." link="" type="first_actions" group="first_actions" color_code="" options=""/>
		<field name="Complete assessment, give appropriate treatment and document" link="" type="first_actions" group="first_actions" color_code="" options=""/>
		<field name="Refer for further assessment including HIV care / ART." link="" type="first_actions" group="first_actions" color_code="" options=""/>
		<field name="Advise caregiver/mother to follow-up in 14 days, then monthly for 3 months and then every 3 months or as per immunization schedule " link="" type="first_actions" group="first_actions" color_code="" options=""/>
		<field name="Counsel mother appropriately." link="" type="first_actions" group="first_actions" color_code="" options=""/>
		<field name="" link="" type="transport_actions" group="transport_actions" color_code="" options=""/>
		<field name="" link="" type="second_actions" group="second_actions" color_code="" options=""/>
		<field name="" color_code="Default" link="" type="button" group="actions" options=""/>
		<field name="" color_code="Default" link="" type="button" group="actions" options=""/>
	</form>
</xmlgui>
