<?xml version="1.0"?>
<xmlgui>
	<form name="hiv_infection_two" type_of_page="Take Action Classification Page" page_title="Point of Care" page_subtitle="CWC Diagnostic: HIV Infection&gt; HIV Infection Two" color_code="Select">
		<field name="Does the child have any of the following symptoms or conditions? " link="" type="question" group="questions" color_code="" property="" options=""/>
		<field name="Confirmed HIV infection " link="hiv_infection/confirmed_hiv_infection" type="answers" group="answers" color_code="" property="" options="Positive HIV antibody test for child &#x2265; 18 months of age OR | Positive HIV virological test | Click here to take action "/>
		<field name="HIV exposed or possible HIV infection " link="hiv_infection/hiv_exposed_or_possible_hiv_infection" type="answers" group="answers" color_code="" property="" options="Mother is HIV positive, but no HIV test result for child OR | Child &lt; 18 months of age with a positive HIV antibody test AND | No symptoms | Click here to take action"/>
		<field name="Suspected symptomatic HIV infection " link="hiv_infection/suspected_symptomatic_hiv_infection" type="answers" group="answers" color_code="" property="" options="Two or more conditions AND | No test results for child or mother OR | Mother is HIV positive, but no test results for child OR | Child is &lt; 18 months of age with a positive HIV antibody test | Click here to take action "/><field name="Suspected symptomatic HIV infection unlikely " link="hiv_infection/suspected_symptomatic_hiv_infection_unlikely" type="answers" group="answers" color_code="" property="" options="Less than two conditions AND | No test results for child or mother | Click here to take action "/>
		<field name="HIV infection unlikely " link="hiv_infection/suspected_symptomatic_hiv_infection_unlikely" type="answers" group="answers" color_code="" property="" options="Negative HIV test in mother and child AND | Not enough signs to classify as having suspected symptomatic HIV infection | Click here to take action"/>
		<field name="" link="" type="answers" group="answers" color_code="" property="" options=""/>
		<field name="" color_code="Default" property="" link="" type="button" group="actions" options=""/>
	</form>
</xmlgui>
