<?xml version="1.0"?>
<xmlgui>
	<form name="hiv_exposed_or_possible_hiv" type_of_page="Take Action Page" page_title="Point of Care" page_subtitle="CWC Diagnostic: HIV Infection&gt; HIV Exposed or Possible HIV" color_code="Amber">
		<field name="Mother HIV positive and no test result for child OR | Child less than 18 months with positive antibody test AND |&#9;No symptoms &#13;&#10;" link="" type="definition" group="definition" color_code="" options=""/>
		<field name="Take Action: HIV Exposed or Possible HIV" link="" type="first_section_head" group="first_actions" color_code="" options=""/>
		<field name="Treat and counsel mother appropriately." link="" type="first_actions" group="first_actions" color_code="" options=""/>
		<field name="Give appropriate antibiotic prophylaxis per below:" link="" type="first_actions" group="first_actions" color_code="" options=""/>
		<field name="hiv_infection/hiv_infection_1.JPG" link="" type="image" group="first_actions" color_code="" options=""/><field name="Give  Vitamin A  per table below from 6 months of age every 6 months:" link="" type="first_actions" group="first_actions" color_code="" options=""/>
		<field name="hiv_infection/hiv_infection2.JPG" link="" type="image" group="first_actions" color_code="" options=""/>
		<field name="Assess the Child&#x2019;s feeding " link="feeding/feeding_1" type="first_actions" group="first_actions" color_code="" options=""/>
		<field name="Compare feeding assessment to Feeding Recommendations for Child Classified as HIV Exposed. " link="feeding_assessment_&amp;_counseling/feeding_assessment_&amp;_counseling_1" type="first_actions" group="first_actions" color_code="" options=""/>
		<field name="Confirm HIV Infection at 18 months with antibody test or earlier with virological test" link="" type="first_actions" group="first_actions" color_code="" options=""/>
		<field name="Complete assessment, give appropriate treatment and document" link="" type="first_actions" group="first_actions" color_code="" options=""/>
		<field name="Advise on when to return for care immediately" link="when_to_return_follow_up_visit/when_to_return_1" type="first_actions" group="first_actions" color_code="" options=""/>
		<field name="Advise caregiver/mother to follow-up in 14 days, then monthly for 3 months and then every 3 months or as per immunization schedule " link="" type="first_actions" group="first_actions" color_code="" options=""/>
		<field name="" link="" type="first_actions" group="first_actions" color_code="" options=""/>
		<field name="Patient Education: " link="" type="transport_section_head" group="transport_actions" color_code="" options=""/>
		<field name="" link="" type="transport_actions" group="transport_actions" color_code="" options=""/>
		<field name="Counsel mother appropriately." link="" type="second_actions" group="second_actions" color_code="" options=""/>
		<field name="" color_code="Default" link="" type="button" group="actions" options=""/>
		<field name="" color_code="Default" link="" type="button" group="actions" options=""/>
	</form>
</xmlgui>
