<?xml version="1.0"?>
<xmlgui>
	<form name="hiv_infection_1" type_of_page="Info Page" page_title="Point of Care" page_subtitle="CWC Diagnostic: HIV Infection&gt; HIV Infection 1" color_code="Select">
		<field name="HIV Infection" link="" type="header" group="section_header" color_code="" options=""/>
		<field name="Has the mother or child had an HIV test? " link="" type="section_items" group="section_items" color_code="" options=""/>
		<field name="Does the child have one or more of the following conditions?: " link="" type="section_items" group="section_items" color_code="" options=""/>
		<field name="Ear discharge (acute or chronic) " link="" type="section_items" group="section_items" color_code="" options=""/>
		<field name="NOTE  OR  ASK" link="" type="header" group="section_header" color_code="" options=""/>
		<field name="Pneumonia" link="" type="section_items" group="section_items" color_code="" options=""/>
		<field name="Persistent diarrhoea" link="" type="section_items" group="section_items" color_code="" options=""/>
		<field name="" link="" type="section_items" group="section_items" color_code="" options=""/>
		<field name="" link="" type="section_items" group="section_items" color_code="" options=""/>
		<field name="" link="" type="section_items" group="section_items" color_code="" options=""/>
		<field name="LOOK AND FEEL" link="" type="header" group="section_header" color_code="" options=""/>
		<field name="Oral thrush " link="" type="section_items" group="section_items" color_code="" options=""/>
		<field name="Parotid enlargement " link="" type="section_items" group="section_items" color_code="" options=""/>
		<field name="Generalized persistent Lymphadenopathy" link="" type="section_items" group="section_items" color_code="" options=""/>
		<field name="Next" color_code="Default" link="hiv_infection/hiv_infection_two" type="button" group="actions" options=""/>
	</form>
</xmlgui>
