<?xml version="1.0"?>
<xmlgui>
	<form name="hiv_infection_unlikely" type_of_page="Take Action Page" page_title="Point of Care" page_subtitle="CWC Diagnostic: HIV Infection&gt; HIV Infection Unlikely" color_code="Green">
		<field name="Negative HIV test in mother or child AND not enough signs to classify as suspected symptomatic HIV infection " link="" type="definition" group="definition" color_code="" options=""/>
		<field name="Take Action: HIV Infection Unlikely" link="" type="first_section_head" group="first_actions" color_code="" options=""/>
		<field name="Treat and counsel mother appropriately." link="" type="first_actions" group="first_actions" color_code="" options=""/>
		<field name="Advise the mother about appropriate Feeding Recommendations for Child Classified as HIV Exposed. " link="feeding_assessment_&amp;_counseling/feeding_assessment_&amp;_counseling_1" type="first_actions" group="first_actions" color_code="" options=""/>
		<field name="Counsel the mother about her own health" link="" type="first_actions" group="first_actions" color_code="" options=""/>
		<field name="Advise mother on when to return for care immediately per table below:" link="" type="first_actions" group="first_actions" color_code="" options=""/>
		<field name="hiv_infection/when_to_return_diarrhoea.JPG" link="" type="image" group="first_actions" color_code="" options=""/>
		<field name="Counsel mother appropriately and document." link="" type="first_actions" group="first_actions" color_code="" options=""/>
		<field name="" link="" type="transport_actions" group="transport_actions" color_code="" options=""/>
		<field name="" link="" type="second_actions" group="second_actions" color_code="" options=""/>
		<field name="" color_code="Default" link="" type="button" group="actions" options=""/>
		<field name="" color_code="Default" link="" type="button" group="actions" options=""/>
	</form>
</xmlgui>
