<?xml version="1.0"?>
<xmlgui>
	<form name="suspected_symptomatic_hiv_infection" type_of_page="Info Page" page_title="Point of Care" page_subtitle="CWC Diagnostic: HIV Infection&gt;  Suspected Symptomatic HIV Infection" color_code="Amber">
		<field name="Suspected Symptomatic HIV Infection | Take Action " link="" type="header" group="section_header" color_code="" property="" options=""/>
		<field name="Administer cotrimoxazole to children starting at 4 - 6 weeks of age to: " link="" type="section_items_sub" group="section_items" color_code="" property="Select" options=""/>
		<field name="All children born of mothers with confirmed HIV infection, unless child had a negative HIV test result at 6 weeks of age by DNA PCR or at 12 weeks of age by antibody test, and no longer breastfeeding OR" link="" type="section_items_sub" group="section_items" color_code="" property="Select" options=""/>
		<field name="" link="" type="section_items_sub" group="section_items" color_code="" property="Select" options=""/>
		<field name="hiv_infection/34.jpeg" link="" type="image" group="section_items" color_code="" property="" options=""/>
		<field name="NEXT" color_code="Default" link="hiv_infection/suspected_symptomatic_hiv_infection_two" type="button" group="actions" property="" options=""/>
	</form>
</xmlgui>
