<?xml version="1.0"?>
<xmlgui>
	<form name="suspected_symptomatic_hiv_infection_two" type_of_page="Info Page" page_title="Point of Care" page_subtitle="CWC Diagnostic: HIV Infection&gt;  Suspected Symptomatic HIV Infection Two" color_code="Amber">
		<field name="" link="" type="header" group="section_header" color_code="" property="" options=""/>
		<field name="Administer vitamin A when a child is &#x2265; 6 months of age every 6 months, as given below: " link="" type="section_items" group="section_items" color_code="" property="Select" options=""/>
		<field name="" link="" type="section_items" group="section_items" color_code="" property="Select" options=""/>
		<field name="hiv_infection/12.jpeg" link="" type="image" group="section_items" color_code="" property="" options=""/>
		<field name="Counsel mother/caregiver on feeding according to the feeding recommendations for HIV exposed children " link="feeding_an_hiv_exposed_or_infected_child/hiv_infected_child" type="section_items" group="section_items" color_code="" property="Select" options=""/>
		<field name="If possible, test for HIV infection: " link="" type="section_items" group="section_items" color_code="" property="Select" options=""/>
		<field name="Provide pre-test counseling to mother/caregiver" link="" type="section_items_sub" group="section_items" color_code="" property="Select" options=""/>
		<field name="Perform HIV test: " link="" type="section_items_sub" group="section_items" color_code="" property="Select" options=""/>
		<field name="If child is &#x2265; 6 weeks &#x2013; &lt; 18 months of age, then a Dried Blood Spot sample should be taken for virological testing (DNA PCR)" link="" type="section_items_sub_sub" group="section_items" color_code="" property="Select" options=""/>
		<field name="If child &#x2265; 18 months of age, then an antibody test should be used for detecting HIV" link="" type="section_items_sub_sub" group="section_items" color_code="" property="Select" options=""/>
		<field name="Give results and provide post-test counseling to mother/caregiver " link="" type="section_items_sub" group="section_items" color_code="" property="Select" options=""/>
		<field name="Refer child to a nearby health facility for HIV care and antiretroviral therapy  " link="" type="section_items_sub" group="section_items" color_code="" property="Select" options=""/>
		<field name="Counsel mother/caregiver when to return for care immediately " link="when_to_seek_care_immediately/_when_to_seek_care_immediately1" type="section_items" group="section_items" color_code="" property="Select" options=""/>
		<field name="Counselmother/caregiver to follow-up in 14 days, then monthly for next 3 months, and subsequently every 3 months or per immunization schedule" link="" type="section_items" group="section_items" color_code="" property="Select" options=""/>
		<field name="Record clinical care in Child Health Record &#x201C;green&#x201D; book" link="" type="section_items" group="section_items" color_code="" property="Select" options=""/>
	</form></xmlgui>
