<?xml version="1.0"?>
<xmlgui>
	<form name="suspected_symptomatic_hiv_infection_unlikely" type_of_page="Info Page" page_title="Point of Care" page_subtitle="CWC Diagnostic: HIV Infection&gt; Suspected symptomatic HIV infection unlikely" color_code="Green">
		<field name="Suspected Symptomatic HIV Infection Unlikely | Take Action" link="" type="header" group="section_header" color_code="" property="" options=""/>
		<field name="Counsel mother/caregiver on feeding according to the feeding recommendations for healthy children" link="feeding_a_healthy_child/feeding_a_healthy_child1" type="section_items" group="section_items" color_code="" property="Select" options=""/>
		<field name="Counsel mother about her own health " link="mothers_health/mothers_health1" type="section_items" group="section_items" color_code="" property="Select" options=""/>
		<field name="Advise mother/caregiver when to return for care immediately " link="when_to_seek_care_immediately/_when_to_seek_care_immediately1" type="section_items" group="section_items" color_code="" property="Select" options=""/>
		<field name="Advise mother/caregiver when to return for the next routine visit" link="" type="section_items" group="section_items" color_code="" property="Select" options=""/>
		<field name="Encourage HIV testing" link="" type="section_items" group="section_items" color_code="" property="Select" options=""/>
		<field name="Counsel mother/caregiver on other areas based on their needs and age of child " link="" type="section_items" group="section_items" color_code="" property="Select" options=""/>
		<field name="Record clinical care in Child Health Record &#x201C;green&#x201D; book" link="" type="section_items" group="section_items" color_code="" property="Select" options=""/>
	</form></xmlgui>
