<?xml version="1.0"?>
<xmlgui><form name="treatment_of_bloody_diarrhoea_with_intramuscular_benzylpenicillin_gentamicin_1" type_of_page="Info Page" page_title="Point of Care" page_subtitle="PNC References: PNC References Treatment of Bloody Diarrhoea with Benzylpenicillin &amp; Gentamicin&gt; Treatment of Bloody Diarrhoea with Intramuscular Benzylpenicillin &amp; Gentamicin 1" color_code="Select"><field name="" link="" type="header" group="section_header" color_code="" property="" options=""/><field name="Give first dose of Benzylpenicillin, intramuscularly AND " link="" type="section_items" group="section_items" color_code="" property="Select" options=""/><field name="Give first dose of Gentamicin intramuscularly " link="" type="section_items" group="section_items" color_code="" property="Select" options=""/><field name="pnc_references_treatment_of_bloody_diarrhoea_with_benzylpenicillin_gentamicin/11.PNG" link="" type="image" group="section_items" color_code="" property="" options=""/><field name=" * Note: avoid using undiluted 40 mg/mL gentamicin" link="" type="section_items" group="section_items" color_code="" property="Italic" options=""/><field name="" color_code="Default" link="" type="button" group="actions" property="" options=""/></form></xmlgui>
