<?xml version="1.0"?>
<xmlgui><form name="danger_signs1" type_of_page="Info Page" page_title="Point of Care" page_subtitle="CWC Counselling: Danger Signs&gt; Danger Signs" color_code="Select"><field name="General Danger Signs | Counseling " link="" type="header" group="section_header" color_code="" property="" options=""/><field name="Not able to drink or breastfeed" link="" type="section_items" group="section_items" color_code="" property="Select" options=""/><field name="danger_signs/1.png" link="" type="image" group="section_items" color_code="" property="" options=""/><field name="Excessive vomiting: cannot keep anything down " link="" type="section_items" group="section_items" color_code="" property="Select" options=""/><field name="danger_signs/2.png" link="" type="image" group="section_items" color_code="" property="" options=""/><field name="Diarrhoea: more than 3 loose stools a day for &#x2265; 2 days and/or blood in the stool, with sunken eyes" link="" type="section_items" group="section_items" color_code="" property="Select" options=""/><field name="danger_signs/3.png" link="" type="image" group="section_items" color_code="" property="" options=""/><field name="Convulsions: rapid and repeated contractions of the body, shaking" link="" type="section_items" group="section_items" color_code="" property="Select" options=""/><field name="danger_signs/4.png" link="" type="image" group="section_items" color_code="" property="" options=""/><field name="Respiratory problems: lower part of the chest sucks in when the child breaths in, or it looks as though the stomach is moving up and down " link="" type="section_items" group="section_items" color_code="" property="Select" options=""/><field name="danger_signs/5.png" link="" type="image" group="section_items" color_code="" property="" options=""/><field name="" link="" type="section_items" group="section_items" color_code="" property="Select" options=""/><field name="danger_signs/6.png" link="" type="image" group="section_items" color_code="" property="" options=""/><field name="Fever: possible risk of malaria" link="" type="section_items" group="section_items" color_code="" property="Select" options=""/><field name="danger_signs/7.png" link="" type="image" group="section_items" color_code="" property="" options=""/><field name="Malnutrition: loss of weight or oedema of both feet " link="" type="section_items" group="section_items" color_code="" property="Select" options=""/><field name="danger_signs/8.png" link="" type="image" group="section_items" color_code="" property="" options=""/><field name="Lethargic or unconscious" link="" type="section_items" group="section_items" color_code="" property="Select" options=""/><field name="danger_signs/9.png" link="" type="image" group="section_items" color_code="" property="" options=""/><field name="Take child IMMEDIATELY to a trained health worker or clinic when any of these danger signs occur" link="" type="section_items" group="section_items" color_code="" property="Select" options=""/><field name="danger_signs/10.png" link="" type="image" group="section_items" color_code="" property="" options=""/><field name="" link="" type="section_items" group="section_items" color_code="" property="Select" options=""/><field name="" link="" type="section_items" group="section_items" color_code="" property="Select" options=""/><field name="" link="" type="section_items" group="section_items" color_code="" property="Select" options=""/><field name="" link="" type="section_items" group="section_items" color_code="" property="Select" options=""/><field name="" link="" type="section_items" group="section_items" color_code="" property="Select" options=""/><field name="" link="" type="section_items" group="section_items" color_code="" property="Select" options=""/><field name="" link="" type="section_items" group="section_items" color_code="" property="Select" options=""/><field name="" link="" type="section_items" group="section_items" color_code="" property="Select" options=""/><field name="" link="" type="section_items" group="section_items" color_code="" property="Select" options=""/><field name="" link="" type="section_items" group="section_items" color_code="" property="Select" options=""/><field name="" link="" type="section_items" group="section_items" color_code="" property="Select" options=""/><field name="" color_code="Default" link="" type="button" group="actions" property="" options=""/></form></xmlgui>
