<?xml version="1.0"?>
<xmlgui>
	<form name="acute_ear_infection" type_of_page="Take Action Page" page_title="Point of Care" page_subtitle="CWC Diagnostic: Assessment of Child: Main Symptoms: Ear Problem&gt; ACUTE EAR INFECTION" color_code="Amber">
		<field name="Pus is seen draining from the ear and discharge is reported for less than 14 days  OR | Ear pain&#13;&#10;" link="" type="definition" group="definition" color_code="" options=""/>
		<field name="Take Action: Acute Ear Infection" link="" type="first_section_head" group="first_actions" color_code="" options=""/>
		<field name="Give an appropriate antibiotic for five [5] days per below:" link="" type="first_actions" group="first_actions" color_code="" options=""/>
		<field name="ear_problem/amoxycillin_dosage.JPG" link="" type="image" group="first_actions" color_code="" options=""/>
		<field name="Give  paracetamol for pain and or fever per table below: " link="" type="first_actions" group="first_actions" color_code="" options=""/>
		<field name="ear_problem/paracetamol.JPG" link="" type="image" group="first_actions" color_code="" options=""/>
		<field name="Teach caregiver/mother to dry the ear by wicking" link="home_care_for_the_child/home_care_for_the_child_1" type="first_actions" group="first_actions" color_code="" options=""/>
		<field name="If ear discharge is present, check for HIV infection." link="" type="first_actions" group="first_actions" color_code="" options=""/>
		<field name="Administer all appropriate treatments after completing assessment and document." link="" type="first_actions" group="first_actions" color_code="" options=""/>
		<field name="Counsel mother on feeding a sick child" link="feeding/feeding_a_sick_child" type="first_actions" group="first_actions" color_code="" options=""/>
		<field name="Counsel mother for a follow-up visit in 5 days." link="" type="first_actions" group="first_actions" color_code="" options=""/>
		<field name="" link="" type="transport_actions" group="transport_actions" color_code="" options=""/>
		<field name="" link="" type="second_actions" group="second_actions" color_code="" options=""/>
		<field name="" color_code="Default" link="" type="button" group="actions" options=""/>
		<field name="" color_code="Default" link="" type="button" group="actions" options=""/>
	</form>
</xmlgui>
