<?xml version="1.0"?>
<xmlgui>
	<form name="chronic_ear_infection" type_of_page="Take Action Page" page_title="Point of Care" page_subtitle="CWC Diagnostic: Assessment of Child: Main Symptoms: Ear Problem&gt; CHRONIC EAR INFECTION" color_code="Amber">
		<field name="Pus is seen draining from the ear and discharge is reported for 14 days or more &#13;&#10;" link="" type="definition" group="definition" color_code="" options=""/>
		<field name="Take Action: Chronic Ear Infection" link="" type="first_section_head" group="first_actions" color_code="" options=""/>
		<field name="Dry the ear by wicking." link="" type="first_actions" group="first_actions" color_code="" options=""/>
		<field name="Teach caregiver/mother to dry the ear by wicking " link="home_care_for_the_child/home_care_for_the_child_1" type="first_actions" group="first_actions" color_code="" options=""/>
		<field name="Treat with Gentamycin or Ciprofloxacin eardrops for 14 days" link="" type="first_actions" group="first_actions" color_code="" options=""/>
		<field name="Check for HIV infection" link="" type="first_actions" group="first_actions" color_code="" options=""/>
		<field name="Administer all appropriate treatments after completing assessment and document." link="" type="first_actions" group="first_actions" color_code="" options=""/>
		<field name="Counsel mother on feeding a sick child" link="feeding/feeding_a_sick_child" type="first_actions" group="first_actions" color_code="" options=""/>
		<field name="Counsel mother for a follow-up visit in 5 days." link="" type="first_actions" group="first_actions" color_code="" options=""/>
		<field name="" link="" type="transport_actions" group="transport_actions" color_code="" options=""/>
		<field name="" link="" type="second_actions" group="second_actions" color_code="" options=""/>
		<field name="" color_code="Default" link="" type="button" group="actions" options=""/>
		<field name="" color_code="Default" link="" type="button" group="actions" options=""/>
	</form>
</xmlgui>
