<?xml version="1.0"?>
<xmlgui>
	<form name="no_ear_infection" type_of_page="Take Action Page" page_title="Point of Care" page_subtitle="CWC Diagnostic: Assessment of Child: Main Symptoms: Ear Problem&gt; NO EAR INFECTION" color_code="Green">
		<field name="No ear pain and | No pus seen draining from the ear.&#9;&#13;&#10;" link="" type="definition" group="definition" color_code="" options=""/>
		<field name="Take Action: No Ear Infection" link="" type="first_section_head" group="first_actions" color_code="" options=""/>
		<field name="No treatment required" link="" type="first_actions" group="first_actions" color_code="" options=""/>
		<field name="Proceed with Assessment of the child " link="" type="first_actions" group="first_actions" color_code="" options=""/>
		<field name="" link="" type="transport_actions" group="transport_actions" color_code="" options=""/>
		<field name="" link="" type="second_actions" group="second_actions" color_code="" options=""/>
		<field name="" color_code="Default" link="" type="button" group="actions" options=""/>
		<field name="" color_code="Default" link="" type="button" group="actions" options=""/>
	</form>
</xmlgui>
