<?xml version="1.0"?>
<xmlgui>
	<form name="_breastfeeding_attachment_and_position1" type_of_page="Info Page" page_title="Point of Care" page_subtitle="CWC Counselling: Breastfeeding Attachment and Position  &gt; Breastfeeding Attachment and Position1" color_code="Select">
		<field name="Breastfeeding Attachment &amp; Position | Counseling " link="" type="header" group="section_header" color_code="" property="" options=""/><field name="Educate Client on Importance of Good Breast Attachment" link="" type="section_items_sub" group="section_items" color_code="" property="Bold Blue" options=""/>
		<field name="breastfeeding_attachment_and_position/11.png" link="" type="image" group="section_items" color_code="" property="" options=""/>
		<field name="Baby should be put to the breast within the 1st hour of birth " link="" type="section_items" group="section_items" color_code="" property="Select" options=""/>
		<field name="Good attachment helps to ensure that baby suckles well" link="" type="section_items" group="section_items" color_code="" property="Select" options=""/>
		<field name="Good attachment helps mother to produce a good supply of breast milk" link="" type="section_items" group="section_items" color_code="" property="Select" options=""/>
		<field name="Good attachment helps prevent sore and cracked nipples" link="" type="section_items" group="section_items" color_code="" property="Select" options=""/>
		
		<field name="NEXT" color_code="Default" link="breastfeeding_attachment_and_position/_breastfeeding_attachment_and_position_two" type="button" group="actions" property="" options=""/>
	</form>
</xmlgui>
