<?xml version="1.0"?>
<xmlgui>
	<form name="_breastfeeding_attachment_and_position_two" type_of_page="Info Page" page_title="Point of Care" page_subtitle="CWC Counselling: Breastfeeding Attachment and Position  &gt; Breastfeeding Attachment and Position TWO" color_code="Select">
		<field name="There are different ways to position your baby for breastfeeding" link="" type="header" group="section_header" color_code="" property="" options=""/>
		<field name="Cradle position:  Used most commonly" link="" type="section_items" group="section_items" color_code="" property="Select" options=""/>
		<field name="breastfeeding_attachment_and_position/13.png" link="" type="image" group="section_items" color_code="" property="" options=""/>
		<field name="Cross-cradle position: Good for small babies" link="" type="section_items" group="section_items" color_code="" property="Select" options=""/>
		<field name="breastfeeding_attachment_and_position/14.png" link="" type="image" group="section_items" color_code="" property="" options=""/>
		<field name="Side-lying position:  Good for rest while breastfeeding and at night" link="" type="section_items" group="section_items" color_code="" property="Select" options=""/>
		<field name="breastfeeding_attachment_and_position/15.png" link="" type="image" group="section_items" color_code="" property="" options=""/>
		<field name="Under-arm position:  Good for after c-section, if your nipples are painful or if you breastfeeding twins or a small baby " link="" type="section_items" group="section_items" color_code="" property="Select" options=""/>
		<field name="breastfeeding_attachment_and_position/16.png" link="" type="image" group="section_items" color_code="" property="" options=""/>
		<field name="NEXT" color_code="Default" link="breastfeeding_attachment_and_position/breastfeeding_attachment_and_position_three_" type="button" group="actions" property="" options=""/>
	</form>
</xmlgui>
