<?xml version="1.0"?>
<xmlgui>
	<form color_code="Select" name="rest__exercise_three" page_subtitle="ANC Counselling: Rest &amp; exercise &gt; Rest &amp; exercise THREE" page_title="Point of Care" type_of_page="Info Page">
		<field color_code="" group="section_header" link="" name="Squat: strengthens leg muscles " options="" property="" type="header"/>
		<field color_code="" group="section_items" link="" name="rest__exercise/squat.gif" options="" property="" type="image"/>
		<field color_code="" group="section_items" link="" name="Stand while on to something to help you keep your balance.  Keep feet apart. " options="" property="Select" type="section_items"/>
		<field color_code="" group="section_items" link="" name="Slowly bend your knees, keeping your back straight, and keeping your knees and feet apart." options="" property="Select" type="section_items"/>
		<field color_code="" group="section_items" link="" name="Rise slowly, keeping hold of the object for balance. " options="" property="Select" type="section_items"/>
		<field color_code="" group="section_items" link="" name="Repeat 3-5 times. " options="" property="Select" type="section_items"/>
		<field color_code="Default" group="actions" link="rest__exercise/rest__exercise_four" name="NEXT" options="" property="" type="button"/>
	</form>
</xmlgui>