<?xml version="1.0"?>
<xmlgui><form name="convulsion" type_of_page="Take Action Page" page_title="Point of Care" page_subtitle="PNC Diagnostic Newborn: Newborn Emergency&gt; Convulsion" color_code="Red"><field name="" link="" type="definition" group="definition" color_code="" property="" options=""/><field name="Take Action: Convulsion" link="" type="first_section_head" group="first_actions" color_code="" property="" options=""/><field name="Refer mother and baby to a health center or hospital IMMEDIATELY" link="" type="first_actions" group="first_actions" color_code="" property="Select" options=""/><field name="Call provider and arrange transport " link="" type="first_actions" group="first_actions" color_code="" property="Select" options=""/><field name="While waiting for transport: " link="" type="transport_section_head" group="transport_actions" color_code="" property="" options=""/><field name="Support the baby&#x2019;s head with a pillow or your hand, and turn baby to one side " link="" type="transport_actions" group="transport_actions" color_code="" property="Select" options=""/><field name="Make sure to keep the baby warm " link="" type="transport_actions" group="transport_actions" color_code="" property="Select" options=""/><field name="If convulsions stop, and baby can feed, help the mother to breastfeed" link="" type="transport_actions" group="transport_actions" color_code="" property="Select" options=""/><field name="If convulsions stop, and baby cannot breastfeed, give small sips of expressed breast milk that has been collected in a clean container with a lid " link="" type="transport_actions" group="transport_actions" color_code="" property="Select" options=""/><field name="Discourage mother from giving any herbal medication " link="" type="transport_actions" group="transport_actions" color_code="" property="Select" options=""/><field name="Teach mother how to keep the baby warm on the way to the health facility  " link="keeping_infant_warm__breastfeeding_on_the_way_to_the_hospital/keeping_infant_warm__breastfeeding_on_the_way_to_the_hospital_1" type="transport_actions" group="transport_actions" color_code="" property="Select" options=""/><field name="Record baby&#x2019;s clinical information in client&#x2019;s maternal health or &#x201C;Red&#x201D; book. If possible, also fill out referral form " link="" type="second_actions" group="second_actions" color_code="" property="Select" options=""/><field name="Accompany mother and baby, and have a family member accompany mother and baby to the health facility" link="" type="second_actions" group="second_actions" color_code="" property="Select" options=""/><field name="Follow up with client after discharge from health center or hospital" link="" type="second_actions" group="second_actions" color_code="" property="Select" options=""/><field name="" color_code="Default" property="" link="" type="button" group="actions" options=""/></form></xmlgui>
