<?xml version="1.0"?>
<xmlgui><form name="vitamin_a_two" type_of_page="Reference Page" page_title="Point of Care" page_subtitle="CWC References: Vitamin A&gt; Vitamin A Two" color_code="Select"><field name="" link="" type="header" group="section_header" color_code="" property="" options=""/><field name="Administer ONE dose of Vitamin A for the following conditions: " link="" type="section_items" group="section_items" color_code="" property="Select" options=""/><field name="Severe complicated measles " link="" type="section_items_sub" group="section_items" color_code="" property="Select" options=""/><field name="Complicated severe acute malnutrition" link="" type="section_items_sub" group="section_items" color_code="" property="Select" options=""/><field name="Severe malnutrition " link="" type="section_items_sub" group="section_items" color_code="" property="Select" options=""/><field name="Administer first dose in clinic, then refer child to a health center or hospital " link="" type="section_items_sub_sub" group="section_items" color_code="" property="Select" options=""/><field name="Routine dosage of Vitamin A for:" link="" type="section_items" group="section_items" color_code="" property="Select" options=""/><field name="Children 6 months up to 5 years of age" link="" type="section_items_sub" group="section_items" color_code="" property="Select" options=""/><field name="Administer first dose in clinic if child has not received a dose in the previous 6 months " link="" type="section_items_sub_sub" group="section_items" color_code="" property="Select" options=""/><field name="vitamin_a/3.png" link="" type="image" group="section_items" color_code="" property="" options=""/><field name="" color_code="Default" link="" type="button" group="actions" property="" options=""/></form></xmlgui>
