<?xml version="1.0"?>
<xmlgui><form name="vitamin_a1" type_of_page="Reference Page" page_title="Point of Care" page_subtitle="CWC References: Vitamin A&gt; Vitamin A1" color_code="Select"><field name="Vitamin A | Dosage and Timing" link="" type="header" group="section_header" color_code="" property="" options=""/><field name="Administer TWO doses of Vitamin A for the following conditions: " link="" type="section_items" group="section_items" color_code="" property="Select" options=""/><field name="Measles with eye or mouth complications" link="" type="section_items_sub" group="section_items" color_code="" property="Select" options=""/><field name="Uncomplicated measles" link="" type="section_items_sub" group="section_items" color_code="" property="Select" options=""/><field name="Uncomplicated severe malnutrition " link="" type="section_items_sub" group="section_items" color_code="" property="Select" options=""/><field name="Administer first dose in clinic" link="" type="section_items_sub_sub" group="section_items" color_code="" property="Select" options=""/><field name="Give mother/caregiver one dose to give at home the next day " link="" type="section_items_sub_sub" group="section_items" color_code="" property="Select" options=""/><field name="Note: If a child has had a dose of vitamin A within the past month or is currently taking Ready-to-Use Therapeutic Food (RUTF) for treatment of severe acute malnutrition, DO NOT ADMINISTER Vitamin A " link="" type="section_items" group="section_items" color_code="" property="Select" options=""/><field name="Next" color_code="Default" link="vitamin_a/vitamin_a_two" type="button" group="actions" property="" options=""/></form></xmlgui>
