<?xml version="1.0"?>
<xmlgui><form name="records_history_two" type_of_page="Info Page" page_title="Point of Care" page_subtitle="ANC Diagnostic: ANC Records &amp; History&gt; Records &amp; History Two" color_code="Select"><field name="Has Seen a Midwife At Least Once Before" link="" type="header" group="section_header" color_code="" property="" options=""/><field name="Ask client: " link="" type="section_items" group="section_items" color_code="" property="Select" options=""/><field name="How are you feeling? " link="" type="section_items_sub" group="section_items" color_code="" property="Select" options=""/><field name="Do you have any pains? Do you have any concerns? " link="" type="section_items_sub" group="section_items" color_code="" property="Select" options=""/><field name="Check maternal records for: " link="" type="section_items" group="section_items" color_code="" property="Select" options=""/><field name="Past obstetric history" link="" type="section_items_sub" group="section_items" color_code="" property="Select" options=""/><field name="Contraceptive history" link="" type="section_items_sub" group="section_items" color_code="" property="Select" options=""/><field name="Personal medical and surgical history, including any known allergies to medication " link="" type="section_items_sub" group="section_items" color_code="" property="Select" options=""/><field name="Family medical history" link="" type="section_items_sub" group="section_items" color_code="" property="Select" options=""/><field name="History of present pregnancy" link="" type="section_items_sub" group="section_items" color_code="" property="Select" options=""/><field name="Gestational of present pregnancy and estimate current trimester " link="" type="section_items_sub" group="section_items" color_code="" property="Select" options=""/><field name="" link="" type="header" group="section_header" color_code="" property="" options=""/><field name="" link="" type="section_items" group="section_items" color_code="" property="Select" options=""/><field name="" color_code="Default" link="" type="button" group="actions" property="" options=""/></form></xmlgui>
