<?xml version="1.0"?>
<xmlgui><form name="reduce_fever_at_home_1" type_of_page="Info Page" page_title="Point of Care" page_subtitle="CWC Counselling: Reduce Fever At Home &gt; Reduce Fever At Home 1" color_code="Select"><field name="Reduce Fever at Home | Counseling" link="" type="header" group="section_header" color_code="" property="" options=""/><field name="Feel your child&#x2019;s body to see if he or she feels hot.  If so, your child might have malaria.  Malaria kills, so treat it immediately" link="" type="section_items" group="section_items" color_code="" property="Select" options=""/><field name="reduce_fever_at_home_/78.png" link="" type="image" group="section_items" color_code="" property="" options=""/><field name="Sponge your child with water at room temperature (lukewarm), give paracetamol if available according to child&#x2019;s age " link="" type="section_items" group="section_items" color_code="" property="Select" options=""/><field name="reduce_fever_at_home_/79.png" link="" type="image" group="section_items" color_code="" property="" options=""/><field name="See a health worker or a trained community health volunteer immediately for treatment " link="" type="section_items" group="section_items" color_code="" property="Select" options=""/><field name="reduce_fever_at_home_/80.png" link="" type="image" group="section_items" color_code="" property="" options=""/><field name="Give full treatment of artesunate amodiaquine or other medicines as instructed by health workers " link="" type="section_items" group="section_items" color_code="" property="Select" options=""/><field name="reduce_fever_at_home_/81.png" link="" type="image" group="section_items" color_code="" property="" options=""/><field name="" color_code="Default" link="" type="button" group="actions" property="" options=""/></form></xmlgui>
