<?xml version="1.0"?>
<xmlgui><form name="paracetamol1" type_of_page="Reference Page" page_title="Point of Care" page_subtitle="CWC References: Paracetamol&gt; Paracetamol1" color_code="Select"><field name="Paracetamol | Dosage and Timing" link="" type="header" group="section_header" color_code="" property="" options=""/><field name="Administer to reduce fever (temperature &#x2265; 38.5&#xB0;C) and for the following conditions: " link="" type="section_items" group="section_items" color_code="" property="Select" options=""/><field name="Severe febrile illness " link="" type="section_items_sub" group="section_items" color_code="" property="Select" options=""/><field name="Severe malaria" link="" type="section_items_sub" group="section_items" color_code="" property="Select" options=""/><field name="Uncomplicated malaria " link="" type="section_items_sub" group="section_items" color_code="" property="Select" options=""/><field name="Measles with eye or mouth complications " link="" type="section_items_sub" group="section_items" color_code="" property="Select" options=""/><field name="Uncomplicated measles" link="" type="section_items_sub" group="section_items" color_code="" property="Select" options=""/><field name="Mastoiditis" link="" type="section_items_sub" group="section_items" color_code="" property="Select" options=""/><field name="Acute ear infection " link="" type="section_items_sub" group="section_items" color_code="" property="Select" options=""/><field name="How to administer: " link="" type="section_items" group="section_items" color_code="" property="Select" options=""/><field name="Give first dose of paracetamol in clinic" link="" type="section_items_sub" group="section_items" color_code="" property="Select" options=""/><field name="Advise mother/caregiver to give paracetamol every 6 hours until fever or pain is gone" link="" type="section_items_sub" group="section_items" color_code="" property="Select" options=""/><field name="Provide paracetamol for 2 days" link="" type="section_items_sub" group="section_items" color_code="" property="Select" options=""/><field name="paracetamol/21.png" link="" type="image" group="section_items" color_code="" property="" options=""/><field name="" color_code="Default" link="" type="button" group="actions" property="" options=""/></form></xmlgui>
