<?xml version="1.0"?>
<xmlgui><form name="selfcare_hygiene_1" type_of_page="Info Page" page_title="Point of Care" page_subtitle="PNC Counselling: PNC Self-Care &amp; Hygiene&gt; Self-Care &amp; Hygiene 1" color_code="Select"><field name="Advise mother to keep her body clean, especially hands, and breasts to minimise infection.  Advise mother how to keep genital area clean:" link="" type="header" group="section_header" color_code="" property="" options=""/><field name="Keep genital area clean and dry" link="" type="section_items" group="section_items" color_code="" property="Select" options=""/><field name="Change perineal pads every 4-6 hours during the first week, and twice daily thereafter " link="" type="section_items" group="section_items" color_code="" property="Select" options=""/><field name="Avoid douching, insertion of herbal products and use of tampons " link="" type="section_items" group="section_items" color_code="" property="Select" options=""/><field name="Use clean cotton underwear, and use loose fitting clothing " link="" type="section_items" group="section_items" color_code="" property="Select" options=""/><field name="Wipe genitals from front to back (vulva to anus)" link="" type="section_items" group="section_items" color_code="" property="Select" options=""/><field name="Next" color_code="Default" link="pnc_selfcare_hygiene/selfcare_hygiene_two" type="button" group="actions" property="" options=""/></form></xmlgui>
