<?xml version="1.0"?>
<xmlgui><form name="selfcare_hygiene_two" type_of_page="Info Page" page_title="Point of Care" page_subtitle="PNC Counselling: PNC Self-Care &amp; Hygiene&gt; Self-Care &amp; Hygiene Two" color_code="Select"><field name="Educate mother on the importance of good hygiene and hand washing " link="" type="header" group="section_header" color_code="" property="" options=""/><field name="" link="" type="section_items" group="section_items" color_code="" property="Select" options=""/><field name="pnc_selfcare_hygiene/77.png" link="" type="image" group="section_items" color_code="" property="" options=""/><field name="Good hygiene or cleanliness is important to avoid diarrhoea and other illness " link="" type="section_items" group="section_items" color_code="" property="Select" options=""/><field name="Wash your hands with soap and water before preparing foods and feeding baby " link="" type="section_items" group="section_items" color_code="" property="Select" options=""/><field name="Wash your hands and your baby&#x2019;s before eating " link="" type="section_items" group="section_items" color_code="" property="Select" options=""/><field name="pnc_selfcare_hygiene/79.png" link="" type="image" group="section_items" color_code="" property="" options=""/><field name="Wash your hands with soap and water after using the toilet and washing or cleaning baby&#x2019;s bottom " link="" type="section_items" group="section_items" color_code="" property="Select" options=""/><field name="pnc_selfcare_hygiene/78.png" link="" type="image" group="section_items" color_code="" property="" options=""/><field name="Feed your baby using clean hands, clean utensils and clean cups " link="" type="section_items" group="section_items" color_code="" property="Select" options=""/><field name="Use a clean spoon or cup to give breast milk to your baby " link="" type="section_items" group="section_items" color_code="" property="Select" options=""/><field name="Do not use bottles, teats or spouted cups since they are difficult to clean and can cause your baby to become sick" link="" type="section_items" group="section_items" color_code="" property="Select" options=""/><field name="" color_code="Default" link="" type="button" group="actions" property="" options=""/></form></xmlgui>
