<?xml version="1.0"?>
<xmlgui><form name="maternal_emergencies_1" type_of_page="Question Page" page_title="Point of Care" page_subtitle="PNC Diagnostic Mother: Maternal Emergencies&gt; Maternal Emergencies 1" color_code="Select"><field name="Does the mother have any of the following emergencies?" link="" type="question" group="questions" color_code="" property="" options=""/><field name="Difficulty breathing or central cyanosis " link="maternal_emergencies/difficulty_breathing_or_cyanosis" type="answers" group="answers" color_code="" property="" options=""/><field name="Shock  " link="maternal_emergencies/shock" type="answers" group="answers" color_code="" property="" options=""/><field name="Heavy bleeding " link="maternal_emergencies/heavy_bleeding" type="answers" group="answers" color_code="" property="" options=""/><field name="Convulsion, Unconscious " link="maternal_emergencies/convulsion_or_unconscious" type="answers" group="answers" color_code="" property="" options=""/><field name="No symptoms" link="maternal_emergencies/no_danger_signs" type="answers" group="answers" color_code="" property="" options=""/><field name="" color_code="Default" property="" link="" type="button" group="actions" options=""/></form></xmlgui>
