<?xml version="1.0"?>
<xmlgui><form name="confirmed_hiv_infection_two" type_of_page="Info Page" page_title="Point of Care" page_subtitle="CWC Diagnostic: CWC HIV Infection&gt; Confirmed HIV infection Two" color_code="Amber"><field name="" link="" type="header" group="section_header" color_code="" property="" options=""/><field name="Administer vitamin A according to schedule, as given below: " link="" type="section_items" group="section_items" color_code="" property="Select" options=""/><field name="cwc_hiv_infection/12.jpeg" link="" type="image" group="section_items" color_code="" property="" options=""/><field name="Counsel mother/caregiver on feeding according to the feeding recommendations for HIV-exposed children " link="feeding_an_hiv_exposed_or_infected_child/feeding_an_hiv_exposed_or_infected_child1" type="section_items" group="section_items" color_code="" property="Select" options=""/><field name="Refer mother/caregiver and child to a nearby health facility for HIV care and antiretroviral therapy" link="" type="section_items" group="section_items" color_code="" property="Select" options=""/><field name="Counsel mother/caregiver when to return for care immediately " link="when_to_return_for_follow-up_visits/when_to_return_for_followup_visits1" type="section_items" group="section_items" color_code="" property="Select" options=""/><field name="Counsel mother/caregiver to follow-up in 14 days, then monthly for 3 months and subsequently for every 3 months or as per immunization schedule " link="" type="section_items" group="section_items" color_code="" property="Select" options=""/><field name="Record clinical care in Child Health Record &#x201C;green&#x201D; book " link="" type="section_items" group="section_items" color_code="" property="Select" options=""/><field name="" color_code="Default" link="" type="button" group="actions" property="" options=""/></form></xmlgui>
