<?xml version="1.0"?>
<xmlgui><form name="hiv_exposed_or_possible_hiv_infection" type_of_page="Info Page" page_title="Point of Care" page_subtitle="CWC Diagnostic: CWC HIV Infection&gt; HIV exposed or possible HIV infection " color_code="Amber"><field name="HIV Exposed or Possible HIV Infection | Take Action " link="" type="header" group="section_header" color_code="" property="" options=""/><field name="Administer cotrimoxazole to children starting at 4 - 6 weeks of age to: " link="" type="section_items" group="section_items" color_code="" property="Select" options=""/><field name="All children born of mothers with confirmed HIV infection, unless child had a negative HIV test result at 6 weeks of age by DNA PCR or at 12 weeks of age by antibody test, and no longer breastfeeding OR" link="" type="section_items_sub" group="section_items" color_code="" property="Select" options=""/><field name="All children with confirmed HIV infection " link="" type="section_items_sub" group="section_items" color_code="" property="Select" options=""/><field name="cwc_hiv_infection/34.jpeg" link="" type="image" group="section_items" color_code="" property="" options=""/><field name="Next" color_code="Default" link="cwc_hiv_infection/hiv_exposed_or_possible_hiv_infection_two" type="button" group="actions" property="" options=""/></form></xmlgui>
