<?xml version="1.0"?>
<xmlgui><form name="hiv_infection_three" type_of_page="Take Action Classification Page" page_title="Point of Care" page_subtitle="CWC Diagnostic: CWC HIV Infection&gt; HIV Infection Three" color_code="Select"><field name="Does the child have any of the following symptoms or conditions? " link="" type="question" group="questions" color_code="" property="" options=""/><field name="Confirmed HIV infection " link="cwc_hiv_infection/confirmed_hiv_infection" type="answers" group="answers" color_code="" property="" options="Positive HIV antibody test for child &#x2265; 18 months of age OR | Positive HIV virological test |Click here to take action"/><field name="HIV exposed or possible HIV infection " link="cwc_hiv_infection/hiv_exposed_or_possible_hiv_infection" type="answers" group="answers" color_code="" property="" options="Mother is HIV positive, but no HIV test result for child OR  |&#9;Child &lt; 18 months of age with a positive HIV antibody test AND | No symptoms | Click here to take action"/><field name="Suspected symptomatic HIV infection " link="cwc_hiv_infection/suspected_symptomatic_hiv_infection" type="answers" group="answers" color_code="" property="" options=""/><field name="Suspected symptomatic HIV infection unlikely" link="cwc_hiv_infection/suspected_symptomatic_hiv_infection_unlikely" type="answers" group="answers" color_code="" property="" options=""/><field name="HIV infection unlikely " link="cwc_hiv_infection/hiv_infection_unlikely" type="answers" group="answers" color_code="" property="" options=""/><field name="" color_code="Default" property="" link="" type="button" group="actions" options=""/></form></xmlgui>
