<?xml version="1.0"?>
<xmlgui><form name="hiv_infection_four" type_of_page="Info Page" page_title="Point of Care" page_subtitle="CWC Diagnostic: CWC HIV Infection&gt; HIV Infection Four" color_code="Select"><field name="Not Trained to Provide HIV Testing and Counseling | Take Action " link="" type="header" group="section_header" color_code="" property="" options=""/><field name="Check Child Health Record &#x201C;green&#x201D; book and mother&#x2019;s HIV status " link="" type="section_items" group="section_items" color_code="" property="Select" options=""/><field name="If mother has confirmed HIV infection and child&#x2019;s HIV status is unknown: " link="" type="section_items" group="section_items" color_code="" property="Bold Blue" options=""/><field name="Counsel mother/caregiver to get child tested for HIV at nearby health facility" link="" type="section_items_sub" group="section_items" color_code="" property="Select" options=""/><field name="Record clinical care in Child Health Record &#x201C;green&#x201D; book" link="" type="section_items_sub" group="section_items" color_code="" property="Select" options=""/><field name="If child has confirmed HIV infection:" link="" type="section_items" group="section_items" color_code="" property="Bold Blue" options=""/><field name="Refer mother/caregiver to take child to ART centre to get counseling and receive ARVs" link="" type="section_items_sub" group="section_items" color_code="" property="Select" options=""/><field name="Educate mother on the importance of having her child and herself taking ARVs regularly" link="" type="section_items_sub" group="section_items" color_code="" property="Select" options=""/><field name="Counsel client to exclusively breastfeed her child, and explain the harms of mixed feeding during the first 6 months " link="feeding_a_healthy_child/feeding_a_healthy_child1" type="section_items" group="section_items" color_code="" property="Select" options=""/><field name="Follow-up with the mother and child after they have visited the ART centre " link="" type="section_items" group="section_items" color_code="" property="Select" options=""/><field name="Record clinical care in Child Health Record &#x201C;green&#x201D; book" link="" type="section_items" group="section_items" color_code="" property="Select" options=""/><field name="Next" color_code="Default" link="cwc_hiv_infection/hiv_infection_five" type="button" group="actions" property="" options=""/></form></xmlgui>
