<?xml version="1.0"?>
<xmlgui><form name="adding_multiple_micronutrient_powders_mnps" type_of_page="Info Page" page_title="Point of Care" page_subtitle="CWC Counselling: Feeding A Healthy Child &gt;  Adding multiple micronutrient powders (MNPs)" color_code="Select"><field name="Adding Multiple Micronutrient Powders (MNPs) | Counseling" link="" type="header" group="section_header" color_code="" property="" options=""/><field name="Prepare cooked solid food such as thick porridge, mashed potato, or any soft, semi-solid, mushy-like food" link="" type="section_items" group="section_items" color_code="" property="Select" options=""/><field name="feeding_a_healthy_child/48.png" link="" type="image" group="section_items" color_code="" property="" options=""/><field name="Set aside a small portion of food which the child will be able to finish in a single setting " link="" type="section_items" group="section_items" color_code="" property="Select" options=""/><field name="feeding_a_healthy_child/49.png" link="" type="image" group="section_items" color_code="" property="" options=""/><field name="Pour entire contents of MNP sachet into the small portion of food: " link="" type="section_items" group="section_items" color_code="" property="Select" options=""/><field name="Shake one sachet to ensure powder is not clumped" link="" type="section_items_sub" group="section_items" color_code="" property="Select" options=""/><field name="Tear open sachet" link="" type="section_items_sub" group="section_items" color_code="" property="Select" options=""/><field name="Do NOT add to hot food. If food is hot, your child will not be able to eat quickly enough.  If food stands for a long time, the iron will change colour and taste of food, and your child might refuse to eat it" link="" type="section_items_sub" group="section_items" color_code="" property="Select" options=""/><field name="Do NOT add liquids, including water, tea, or water porridge. The iron will dissolve instantly and change colour and taste of food " link="" type="section_items_sub" group="section_items" color_code="" property="Select" options=""/><field name="Never give child tea before, during or after taking MNP.  Teas inhibit iron absorption " link="" type="section_items_sub" group="section_items" color_code="" property="Select" options=""/><field name="feeding_a_healthy_child/50.png" link="" type="image" group="section_items" color_code="" property="" options=""/><field name="Mix sachet contents and the small portion of food well  " link="" type="section_items" group="section_items" color_code="" property="Select" options=""/><field name="feeding_a_healthy_child/51.png" link="" type="image" group="section_items" color_code="" property="" options=""/><field name="Give child the small portion of food to finish, and then feed child the rest of the food " link="" type="section_items" group="section_items" color_code="" property="Select" options=""/><field name="Give no more than ONE full sachet per day " link="" type="section_items_sub" group="section_items" color_code="" property="Select" options=""/><field name="MNP sachet can be use at any meal" link="" type="section_items_sub" group="section_items" color_code="" property="Select" options=""/><field name="feeding_a_healthy_child/52.png" link="" type="image" group="section_items" color_code="" property="" options=""/><field name="" color_code="Default" link="" type="button" group="actions" property="" options=""/></form></xmlgui>
