<?xml version="1.0"?>
<xmlgui><form name="breastfeeding_attachment_and_position_three" type_of_page="Info Page" page_title="Point of Care" page_subtitle="CWC Counselling: Feeding A Healthy Child &gt; Breastfeeding Attachment and Position THREE " color_code="Select"><field name="" link="" type="header" group="section_header" color_code="" property="" options=""/><field name="Show mother correct positioning for breastfeeding" link="" type="section_items" group="section_items" color_code="" property="Select" options=""/><field name="Child&#x2019;s head and body straight" link="" type="section_items_sub" group="section_items" color_code="" property="Select" options=""/><field name="Child facing mother&#x2019;s breast with nose opposite the nipple" link="" type="section_items_sub" group="section_items" color_code="" property="Select" options=""/><field name="Child held close to mother&#x2019;s body" link="" type="section_items" group="section_items" color_code="" property="Select" options=""/><field name="Child&#x2019;s body fully supported, not just the neck and shoulders" link="" type="section_items" group="section_items" color_code="" property="Select" options=""/><field name="Next" color_code="Default" link="feeding_a_healthy_child/breastfeeding_attachment_and_position_four" type="button" group="actions" property="" options=""/></form></xmlgui>
