<?xml version="1.0"?>
<xmlgui><form name="complementary_feeding_for_children_12_to_less_than_24_months_of_age_four" type_of_page="Info Page" page_title="Point of Care" page_subtitle="CWC Counselling: Feeding A Healthy Child &gt; Complementary Feeding For Children 12 &#x2013; &lt; 24 MONTHS OF AGE FOUR" color_code="Select"><field name="Good hygiene is important to avoid diarrhoea and other illnesses " link="" type="header" group="section_header" color_code="" property="" options=""/><field name="" link="" type="section_items" group="section_items" color_code="" property="Select" options=""/><field name="feeding_a_healthy_child/38.png" link="" type="image" group="section_items" color_code="" property="" options=""/><field name="Use a clean spoon or cup to give foods or liquids to your child " link="" type="section_items" group="section_items" color_code="" property="Select" options=""/><field name="Store foods to be given to your baby in a safe hygienic place " link="" type="section_items" group="section_items" color_code="" property="Select" options=""/><field name="Wash your hands with soap and water before preparing foods and feeding child " link="" type="section_items" group="section_items" color_code="" property="Select" options=""/><field name="Wash your hands and child&#x2019;s hands before eating " link="" type="section_items" group="section_items" color_code="" property="Select" options=""/><field name="Wash your hands with soap and water after using toilet and washing or cleaning child&#x2019;s bottom " link="" type="section_items" group="section_items" color_code="" property="Select" options=""/><field name="" color_code="Default" link="" type="button" group="actions" property="" options=""/></form></xmlgui>
