<?xml version="1.0"?>
<xmlgui><form name="complementary_feeding_for_children_6_&#x2013;__9_months_of_age_three" type_of_page="Info Page" page_title="Point of Care" page_subtitle="CWC Counselling: Feeding A Healthy Child &gt; Complementary Feeding For Children 6 &#x2013; &lt; 9 MONTHS OF AGE THREE" color_code="Select"><field name="" link="" type="header" group="section_header" color_code="" property="" options=""/><field name="Counsel mothers to feed child with a variety of foods at each meal " link="feeding_a_healthy_child/food_variety" type="section_items" group="section_items" color_code="" property="Select" options=""/><field name="Counsel mother/caregiver to include: " link="" type="section_items" group="section_items" color_code="" property="Select" options=""/><field name="Animal source foods are very important, and should be started as early as possible. Cooked and chopped fine. Infants can eat well cooked and finely chopped eggs, meat and fish even if they do not have teeth " link="" type="section_items_sub" group="section_items" color_code="" property="Select" options=""/><field name="If you prepare food for the child with oil or fat, use no more than &#xBD; teaspoon per day " link="" type="section_items_sub" group="section_items" color_code="" property="Select" options=""/><field name="Snacks (extra foods between meals) such as fruit or bread with nut paste can be offered once or twice a day" link="" type="section_items_sub" group="section_items" color_code="" property="Select" options=""/><field name="Use iodised salt" link="" type="section_items_sub" group="section_items" color_code="" property="Select" options=""/><field name="Each week, one new food can be added to child&#x2019;s diet " link="" type="section_items_sub" group="section_items" color_code="" property="Select" options=""/><field name="Counsel mother/caregiver to avoid: " link="" type="section_items" group="section_items" color_code="" property="Select" options=""/><field name="Sugary drinks" link="" type="section_items_sub" group="section_items" color_code="" property="Select" options=""/><field name="Sweet biscuits " link="" type="section_items_sub" group="section_items" color_code="" property="Select" options=""/><field name="" link="" type="section_items" group="section_items" color_code="" property="Select" options=""/><field name="NEXT" color_code="Default" link="feeding_a_healthy_child/complementary_feeding_for_children_6_to_less_than_9_months_of_age_four" type="button" group="actions" property="" options=""/></form></xmlgui>
