<?xml version="1.0"?>
<xmlgui><form name="food_variety_two" type_of_page="Info Page" page_title="Point of Care" page_subtitle="CWC Counselling: Feeding A Healthy Child &gt; Food Variety TWO" color_code="Select"><field name="Counsel mother/caregiver types of foods/meals to include " link="" type="header" group="section_header" color_code="" property="" options=""/><field name="" link="" type="section_items" group="section_items" color_code="" property="Select" options=""/><field name="Porridge" link="" type="header" group="section_header" color_code="" property="" options=""/><field name="" link="" type="section_items" group="section_items" color_code="" property="Select" options=""/><field name="feeding_a_healthy_child/44.png" link="" type="image" group="section_items" color_code="" property="" options=""/><field name="Adequate quantities of thick koko made of maize (akasa), millet, sorghum, guinea corn or rice; ekwegbemi; or other thick porridges like tombrown and weanimix with sugar AND enriched with one or more of the following: " link="" type="section_items" group="section_items" color_code="" property="Select" options=""/><field name="Palm oil, shea butter or other vegetable oils, ground paste, soya flour, bean flour, egg, milk, or fish powder " link="" type="section_items_sub" group="section_items" color_code="" property="Select" options=""/><field name="For children &#x2265; 12 months or older, porridge should be served with bread, bofrot, koose, maasa, kulikuli, or biscuit" link="" type="section_items" group="section_items" color_code="" property="Select" options=""/><field name="Fruits " link="" type="header" group="section_header" color_code="" property="" options=""/><field name="" link="" type="section_items" group="section_items" color_code="" property="Select" options=""/><field name="feeding_a_healthy_child/41.png" link="" type="image" group="section_items" color_code="" property="" options=""/><field name="Give fruits every day such as pawpaw, banana, pear, orange, pineapple mango or watermelon" link="" type="section_items" group="section_items" color_code="" property="Select" options=""/><field name="Snacks " link="" type="header" group="section_header" color_code="" property="" options=""/><field name="Give snacks in between main meals such as bofrot, koose, maasa, bread, kulikuli, biscuit, doughnuts, egg, roasted or fried plantain or yam " link="" type="section_items" group="section_items" color_code="" property="Select" options=""/><field name="Next" color_code="Default" link="feeding_a_healthy_child/food_variety_three" type="button" group="actions" property="" options=""/></form></xmlgui>
