<?xml version="1.0"?>
<xmlgui><form name="introducing_complementary_foods_at_6_months_two" type_of_page="Info Page" page_title="Point of Care" page_subtitle="CWC Counselling: Feeding A Healthy Child &gt;  Introducing Complementary Foods At 6 Months TWO" color_code="Select"><field name="When giving complementary foods, consider the following:" link="" type="header" group="section_header" color_code="" property="" options=""/><field name="" link="" type="section_items" group="section_items" color_code="" property="Select" options=""/><field name="feeding_a_healthy_child/33.png" link="" type="image" group="section_items" color_code="" property="" options=""/><field name="Frequency: feed your child complementary foods 2 times a day " link="" type="section_items" group="section_items" color_code="" property="Select" options=""/><field name="Amount: give 2 &#x2013; 3 tablespoonfuls at each feed " link="" type="section_items" group="section_items" color_code="" property="Select" options=""/><field name="Thickness: should be thick enough to be fed by hand " link="" type="section_items" group="section_items" color_code="" property="Select" options=""/><field name="Variety: begin with staples foods like porridge (such as corn, wheat, rice, millet, potatoes, sorghum), mashed banana or mashed potato " link="" type="section_items" group="section_items" color_code="" property="Select" options=""/><field name="Responsive feeding: " link="" type="section_items" group="section_items" color_code="" property="Select" options=""/><field name="Child may need time to get use to eating foods other than breastmilk" link="" type="section_items_sub" group="section_items" color_code="" property="Select" options=""/><field name="Be patient and actively encourage your child to eat " link="" type="section_items_sub" group="section_items" color_code="" property="Select" options=""/><field name="Do not force your child to eat " link="" type="section_items_sub" group="section_items" color_code="" property="Select" options=""/><field name="Use a separate plate to feed child to make sure he or she eat all the food " link="" type="section_items_sub" group="section_items" color_code="" property="Select" options=""/><field name="Next" color_code="Default" link="feeding_a_healthy_child/introducing_complementary_foods_at_6_months_three" type="button" group="actions" property="" options=""/></form></xmlgui>
