<?xml version="1.0"?>
<xmlgui><form name="special_consideration_for_feeding_sick_child_0_to_less_than_6_months_of_age" type_of_page="Info Page" page_title="Point of Care" page_subtitle="CWC Counselling: Feeding A Healthy Child &gt; Special Consideration For Feeding Sick Child 0 &#x2013; &lt; 6 MONTHS OF AGE" color_code="Select"><field name="Special Consideration for Feeding a Sick Child 0 &#x2013; &lt; 6 months of Age | Counseling " link="" type="header" group="section_header" color_code="" property="" options=""/><field name="" link="" type="section_items" group="section_items" color_code="" property="Select" options=""/><field name="feeding_a_healthy_child/32.png" link="" type="image" group="section_items" color_code="" property="" options=""/><field name="Breastfeed more frequently during illness, including diarrhoea, to help baby fight sickness, reduce weight loss and recover more quickly " link="" type="section_items" group="section_items" color_code="" property="Select" options=""/><field name="Breastfeeding provides comfort to your sick baby. If your baby refuses to breastfeed, encourage your baby until he or she take the breast again" link="" type="section_items" group="section_items" color_code="" property="Select" options=""/><field name="Give only breastmilk as often as child wants, at least 10 times during the day and night" link="" type="section_items" group="section_items" color_code="" property="Select" options=""/><field name="Only give medicines recommended by your doctor or health care provider  " link="" type="section_items" group="section_items" color_code="" property="Select" options=""/><field name="If baby is too weak to suckle, express breastmilk to give the baby. This will help you to keep your milk supply and prevent breast difficulties" link="feeding_a_healthy_child/expressing_breastmilk" type="section_items" group="section_items" color_code="" property="Select" options=""/><field name="After each illness, increase frequency of breastfeeding to help your baby regain health and weight " link="" type="section_items" group="section_items" color_code="" property="Select" options=""/><field name="When you are sick, you can continue to breastfeed your baby.  You may need extra food and support during this time " link="" type="section_items" group="section_items" color_code="" property="Select" options=""/><field name="Do NOT give water, sugar water, gripe water, juice, pito, herbal preparations, koko, milk or other liquids or fluids " link="" type="section_items" group="section_items" color_code="" property="Select" options=""/><field name="For HIV mothers who choose not to breastfeed: STOP breastfeeding at 6 months" link="" type="section_items" group="section_items" color_code="" property="Select" options=""/><field name="For babies not breastfed, counsel on other options OR refer " link="" type="section_items" group="section_items" color_code="" property="Select" options=""/><field name="" color_code="Default" link="" type="button" group="actions" property="" options=""/></form></xmlgui>
