<?xml version="1.0"?>
<xmlgui>
	<form name="intramuscular_quinine1" type_of_page="Reference Page" page_title="Point of Care" page_subtitle="CWC References: Intramuscular Quinine&gt; Intramuscular Quinine1" color_code="Select">
		<field name="Intramuscular Chloramphenicol | Dosage and Timing" link="" type="header" group="section_header" color_code="" property="" options=""/>
		<field name="Administer for the following conditions" link="" type="section_items" group="section_items" color_code="" property="Select" options=""/>
		<field name="Very severe febrile disease including:" link="" type="section_items_sub" group="section_items" color_code="" property="Select" options=""/><field name="Severe malaria " link="" type="section_items_sub_sub" group="section_items" color_code="" property="Select" options=""/>
		<field name="For children being referred IMMEDIATELY:" link="" type="section_items" group="section_items" color_code="" property="Select" options=""/>
		<field name="Check which quinine formulation is available in your clinic" link="" type="section_items_sub" group="section_items" color_code="" property="Select" options=""/>
		<field name="Give first dose of intramuscular quinine in the front of the child&#x2019;s thigh and refer child urgently to a health center or hospital   " link="" type="section_items_sub" group="section_items" color_code="" property="Select" options=""/>
		<field name="If referral is not possible: " link="" type="section_items" group="section_items" color_code="" property="Select" options=""/>
		<field name="Give first dose of intramuscular quinine" link="" type="section_items_sub" group="section_items" color_code="" property="Select" options=""/>
		<field name="The child should remain lying down for one hour " link="" type="section_items_sub" group="section_items" color_code="" property="Select" options=""/>
		<field name="Repeat quinine injection 8 hours later, and then every 12 hours until child is able to take oral antimalarial " link="" type="section_items_sub" group="section_items" color_code="" property="Select" options=""/>
		<field name="Do not continue quinine injections for more than 1 week    " link="" type="section_items_sub" group="section_items" color_code="" property="Select" options=""/>
		<field name="" link="" type="section_items" group="section_items" color_code="" property="Select" options=""/>
		<field name="" link="" type="section_items" group="section_items" color_code="" property="Select" options=""/>
		<field name="Next" color_code="Default" link="intramuscular_quinine/intramuscular_quinine_two" type="button" group="actions" property="" options=""/>
	</form></xmlgui>
