<?xml version="1.0"?>
<xmlgui><form name="moderate_anaemia" type_of_page="Info Page" page_title="Point of Care" page_subtitle="PNC Diagnostic Mother: PNC Mother Anaemia&gt; Moderate Anaemia" color_code="Amber"><field name="Moderate Anaemia | Take Action " link="" type="header" group="section_header" color_code="" property="" options=""/><field name="If possible, give client iron and folate supplements:  1 iron tablet to be taken twice daily + 1 folic acid tablet to be taken once daily" link="" type="section_items" group="section_items" color_code="" property="Select" options=""/><field name="Counsel client to eat foods rich in iron and folate + vitamin C " link="" type="section_items" group="section_items" color_code="" property="Select" options=""/><field name="Record care given in client&#x2019;s maternal health or &#x201C;Red&#x201D; book." link="" type="section_items" group="section_items" color_code="" property="Select" options=""/><field name="Follow up with client in 2 weeks, and refer her to the nearest health facility to check Hb " link="" type="section_items" group="section_items" color_code="" property="Select" options=""/><field name="" color_code="Default" link="" type="button" group="actions" property="" options=""/></form></xmlgui>
