<?xml version="1.0"?>
<xmlgui><form name="severe_anaemia" type_of_page="Info Page" page_title="Point of Care" page_subtitle="PNC Diagnostic Mother: PNC Mother Anaemia&gt; Severe Anaemia" color_code="Red"><field name="Severe Anaemia | Take Action " link="" type="header" group="section_header" color_code="" property="" options=""/><field name="Refer client to a health center or hospital IMMEDIATELY" link="" type="section_items" group="section_items" color_code="" property="Select" options=""/><field name="Call provider and arrange transport " link="" type="section_items" group="section_items" color_code="" property="Select" options=""/><field name="Accompany mother and have a family member accompany mother to the health facility" link="" type="section_items" group="section_items" color_code="" property="Select" options=""/><field name="Record clinical information in client&#x2019;s maternal health or &#x201C;Red&#x201D; book. If possible, also fill out referral form " link="" type="section_items" group="section_items" color_code="" property="Select" options=""/><field name="Follow up with client after discharge from health center or hospital" link="" type="section_items" group="section_items" color_code="" property="Select" options=""/><field name="" color_code="Default" link="" type="button" group="actions" property="" options=""/></form></xmlgui>
