<?xml version="1.0"?>
<xmlgui>
	<form name="amoxycillin1" type_of_page="Reference Page" page_title="Point of Care" page_subtitle="CWC References: Amoxycillin&gt; Amoxycillin1" color_code="Select">
		<field name="Amoxycillin | Dosage and Timing" link="" type="header" group="section_header" color_code="" property="" options=""/>
		<field name="Administer as FIRST LINE antibiotic for the following conditions: " link="" type="section_items" group="section_items" color_code="" property="Select" options=""/>
		<field name="Pneumonia" link="" type="section_items" group="section_items" color_code="" property="Select" options=""/>
		<field name="Acute ear infection " link="" type="section_items" group="section_items" color_code="" property="Select" options=""/>
		<field name="Uncomplicated severe malnutrition" link="" type="section_items" group="section_items" color_code="" property="Select" options=""/>
		<field name="amoxycillin/12.png" link="" type="image" group="section_items" color_code="" property="" options=""/>
		<field name="" color_code="Default" link="" type="button" group="actions" property="" options=""/>
	</form>
</xmlgui>
