<?xml version="1.0"?>
<xmlgui><form name="nystatin1" type_of_page="Reference Page" page_title="Point of Care" page_subtitle="CWC References: Nystatin&gt; Nystatin1" color_code="Select"><field name="Nystatin | How to Administer " link="" type="header" group="section_header" color_code="" property="" options=""/><field name="Administer 1 ml nystatin for the following conditions: " link="" type="section_items" group="section_items" color_code="" property="Select" options=""/><field name="Thrush  " link="" type="section_items_sub" group="section_items" color_code="" property="Select" options=""/><field name="Teach mother/caregiver to treat thrush 4 times daily for 7 days: " link="" type="section_items" group="section_items" color_code="" property="Select" options=""/><field name="Wash hands" link="" type="section_items_sub" group="section_items" color_code="" property="Select" options=""/><field name="Wet a clean cloth with salt water and use it to wash child&#x2019;s mouth" link="" type="section_items_sub" group="section_items" color_code="" property="Select" options=""/><field name="Instil 1 ml nystatin " link="" type="section_items_sub" group="section_items" color_code="" property="Select" options=""/><field name="Avoid feeding for 20 minutes after medication" link="" type="section_items_sub" group="section_items" color_code="" property="Select" options=""/><field name="If child is bottle fed, advise mother/caregiver to change to cup and spoon" link="" type="section_items_sub" group="section_items" color_code="" property="Select" options=""/><field name="If child is still breastfeeding, check mother&#x2019;s breast for thrush.  If thrush present:" link="" type="section_items_sub" group="section_items" color_code="" property="Select" options=""/><field name="Treat mother with nystatin" link="" type="section_items_sub_sub" group="section_items" color_code="" property="Select" options=""/><field name="Advise mother to wash breasts after feeds" link="" type="section_items_sub_sub" group="section_items" color_code="" property="Select" options=""/><field name="" color_code="Default" link="" type="button" group="actions" property="" options=""/></form></xmlgui>
