<?xml version="1.0"?>
<xmlgui><form name="oral_antimalarial_general_considerations1" type_of_page="Reference Page" page_title="Point of Care" page_subtitle="CWC References: Oral Antimalarial General Considerations&gt; Oral Antimalarial General Considerations1" color_code="Select"><field name="Oral Antimalarial | General Considerations" link="" type="header" group="section_header" color_code="" property="" options=""/><field name="The following drugs and dosage can be administered to treat children for uncomplicated malaria: " link="" type="section_items" group="section_items" color_code="" property="Select" options=""/><field name="Artesunate + amodiaquine: once daily dosing " link="" type="section_items_sub" group="section_items" color_code="" property="Select" options=""/><field name="Artesunate + amodiaquine: twice daily dosing" link="" type="section_items_sub" group="section_items" color_code="" property="Select" options=""/><field name="Artesunate + amodiaquine: fixed-dose combination" link="" type="section_items_sub" group="section_items" color_code="" property="Select" options=""/><field name="Artemether + Lumefantrine: recommended dosing" link="" type="section_items_sub" group="section_items" color_code="" property="Select" options=""/><field name="Dihydroartemisin + piperaquine: recommended dosing " link="" type="section_items_sub" group="section_items" color_code="" property="Select" options=""/><field name="Each tablet should be taken once daily for 3 days, with meals " link="" type="section_items" group="section_items" color_code="" property="Select" options=""/><field name="Explain to mother/caregiver to watch her child carefully for 30 minutes after giving a dose of tablet. " link="" type="section_items" group="section_items" color_code="" property="Select" options=""/><field name="If the child vomits within 30 minutes, another dose should be repeated, and to return to the clinic for additional tablets " link="" type="section_items" group="section_items" color_code="" property="Select" options=""/><field name="Emphasize the importance of taking all medicines given by health workers, even when the child gets better" link="" type="section_items" group="section_items" color_code="" property="Select" options=""/><field name="" color_code="Default" link="" type="button" group="actions" property="" options=""/></form></xmlgui>
