<?xml version="1.0"?>
<xmlgui>
	<form name="feeding_the_sick_child_1" type_of_page="Info Page" page_title="Point of Care" page_subtitle="CWC Counselling: Feeding the Sick Child&gt; Feeding the Sick Child 1" color_code="Select">
		<field name="" link="" type="header" group="section_header" color_code="" options=""/>
		<field name="Breastfeed more frequently during illness, including diarrhoea, will help  your child fight sickness, reduce weight loss and recover more quickly" link="" type="section_items" group="section_items" color_code="" options=""/>
		<field name="feeding_the_sick_child/breast attachment 9.PNG" link="" type="image" group="section_items" color_code="" options=""/>
		<field name="   Breastfeeding also provides comfort to your sick child.  If your child refuses to breastfeed, encourage your child until he or she takes the breast again " link="" type="section_items" group="section_items" color_code="" options=""/>
		<field name="Give only breast milk and medicines recommended by your doctor/health care provider" link="" type="section_items" group="section_items" color_code="" options=""/>
		<field name="If the child is too weak to suckle, express breast milk to feed him or her.  This will help you to keep up your milk supply and prevent breast difficulties" link="" type="section_items" group="section_items" color_code="" options=""/>
		<field name="After each illness, increase the frequency of breastfeeding to help your child regain health and weight " link="" type="section_items" group="section_items" color_code="" options=""/>
		<field name="When you are sick, you can continue to breastfeed your child.  You may need extra food and support during this time " link="" type="section_items" group="section_items" color_code="" options=""/>
		<field name="" color_code="Default" link="" type="button" group="actions" options=""/>
	</form>
</xmlgui>
