<?xml version="1.0"?>
<xmlgui><form name="breast_problems_two" type_of_page="Take Action Classification Page" page_title="Point of Care" page_subtitle="PNC Diagnostic Mother: PNC Diagnostic Mother Breast Problems&gt; Breast Problems Two" color_code="Select"><field name="Does mother have any of the following symptoms? " link="" type="question" group="questions" color_code="" property="" options=""/><field name="Mastitis " link="pnc_diagnostic_mother_breast_problems/mastitis" type="answers" group="answers" color_code="" property="" options="Part of the breast is painful, swollen and red  |&#9;Temperature &gt; 38C  | Feels generally ill |Click here to take action"/><field name="Breast engorgement " link="pnc_diagnostic_mother_breast_problems/breast_engorgment" type="answers" group="answers" color_code="" property="" options="Both breasts swollen and shiny | Temperature &lt; 38C  |Click here to take action"/><field name="Cracked/sore nipples &#9;" link="pnc_diagnostic_mother_breast_problems/cracked_or_sore_nipples" type="answers" group="answers" color_code="" property="" options="Click here to take action"/><field name="No breast problems" link="pnc_diagnostic_mother_breast_problems/no_breast_problems" type="answers" group="answers" color_code="" property="" options="Click here to take action"/><field name="" color_code="Default" property="" link="" type="button" group="actions" options=""/></form></xmlgui>
