<?xml version="1.0"?>
<xmlgui><form name="breast_problems_1" type_of_page="Info Page" page_title="Point of Care" page_subtitle="PNC Diagnostic Mother: PNC Diagnostic Mother Breast Problems&gt; Breast Problems 1" color_code="Select"><field name="ASK" link="" type="header" group="section_header" color_code="" property="" options=""/><field name="How are you feeling? " link="" type="section_items" group="section_items" color_code="" property="Select" options=""/><field name="How do you breasts feel? " link="" type="section_items" group="section_items" color_code="" property="Select" options=""/><field name="CHECK/LOOK, LISTEN, FEEL" link="" type="header" group="section_header" color_code="" property="" options=""/><field name="Examine breasts  " link="" type="section_items" group="section_items" color_code="" property="Select" options=""/><field name="Check temperature" link="" type="section_items" group="section_items" color_code="" property="Select" options=""/><field name="Observe a feed.  Check for positioning and attachment " link="" type="section_items" group="section_items" color_code="" property="Select" options=""/><field name="Next" color_code="Default" link="pnc_diagnostic_mother_breast_problems/breast_problems_two" type="button" group="actions" property="" options=""/></form></xmlgui>
