<?xml version="1.0"?>
<xmlgui><form name="cracked_or_sore_nipples" type_of_page="Info Page" page_title="Point of Care" page_subtitle="PNC Diagnostic Mother: PNC Diagnostic Mother Breast Problems&gt; Cracked or Sore Nipples" color_code="Amber"><field name="Cracked Nipples | Take Action" link="" type="header" group="section_header" color_code="" property="" options=""/><field name="Counsel mother on how to manage cracked nipples" link="" type="section_items" group="section_items" color_code="" property="Select" options=""/><field name="Counsel mother on good breastfeeding practices " link="" type="section_items" group="section_items" color_code="" property="Select" options=""/><field name="Record care given in client&#x2019;s maternal health or &#x201C;Red&#x201D; book. " link="" type="section_items" group="section_items" color_code="" property="Select" options=""/><field name="Follow up with client in a few days to see if there is improvement.  If not, refer mother to see a midwife at the health center" link="" type="section_items" group="section_items" color_code="" property="Select" options=""/><field name="" color_code="Default" link="" type="button" group="actions" property="" options=""/></form></xmlgui>
