<?xml version="1.0"?>
<xmlgui><form name="no_breast_problems" type_of_page="Info Page" page_title="Point of Care" page_subtitle="PNC Diagnostic Mother: PNC Diagnostic Mother Breast Problems&gt; No Breast Problems" color_code="Green"><field name="No breast problems | Take Action " link="" type="header" group="section_header" color_code="" property="" options=""/><field name="Check if mother has received Vitamin A.  If not and Vitamin A is available, provide one dose to the mother and record care given in maternal health or &#x201C;Red&#x201D; book.  " link="" type="section_items" group="section_items" color_code="" property="Select" options=""/><field name="Counsel mother on: " link="" type="section_items" group="section_items" color_code="" property="Select" options=""/><field name="Nutrition, rest, personal/environmental hygiene " link="" type="section_items_sub" group="section_items" color_code="" property="Select" options=""/><field name="For mother and baby to sleep under ITN every night " link="" type="section_items_sub" group="section_items" color_code="" property="Select" options=""/><field name="Family planning, STI prevention, exclusive breastfeeding, recognizing danger signs " link="" type="section_items_sub" group="section_items" color_code="" property="Select" options=""/><field name="For list of counseling topics see PNC counseling " link="" type="section_items" group="section_items" color_code="" property="Select" options=""/><field name="" color_code="Default" link="" type="button" group="actions" property="" options=""/></form></xmlgui>
