<?xml version="1.0"?>
<xmlgui>
	<form name="oral_antimalarial" type_of_page="Question Page" page_title="Point of Care" page_subtitle="CWC References: Teach Mother to Give Oral Drugs at Home&gt;  Oral Antimalarial" color_code="Select">
		<field name="" link="" type="question" group="questions" color_code="" property="" options=""/>
		<field name="General Considerations" link="teach_mother_to_give_oral_drugs_at_home/oral_antimalarial_general_considerations" type="answers" group="answers" color_code="" property="" options=""/><field name="Artesunate Amodiaquine" link="teach_mother_to_give_oral_drugs_at_home/artesunate_amodiaquine" type="answers" group="answers" color_code="" property="" options=""/><field name="Artemether Lumefantrine" link="teach_mother_to_give_oral_drugs_at_home/artemether_lumefantrine" type="answers" group="answers" color_code="" property="" options=""/><field name="Dihydroaretemisinin Piperaquine" link="teach_mother_to_give_oral_drugs_at_home/dihydroartemisinin_piperaquine" type="answers" group="answers" color_code="" property="" options=""/><field name="" color_code="Default" property="" link="" type="button" group="actions" options=""/></form></xmlgui>
