<?xml version="1.0"?>
<xmlgui>
	<form name="teach_mother_to_give_oral_drugs_1" type_of_page="Info Page" page_title="Point of Care" page_subtitle="CWC Counselling: Teach Mother to Give Oral Drugs at Home&gt; Teach Mother to Give Oral Drugs 1" color_code="Select">
		<field name="Follow the instructions below for every oral drug to be given at home. " link="" type="header" group="section_header" color_code="" options=""/>
		<field name="Determine the appropriate drugs and dosage for the child&#x2019;s age or weight " link="" type="section_items" group="section_items" color_code="" options=""/>
		<field name="Tell the mother the reason for giving the drug to the child " link="" type="section_items" group="section_items" color_code="" options=""/>
		<field name="Demonstrate how to measure a dose " link="" type="section_items" group="section_items" color_code="" options=""/>
		<field name="Watch the mother practise measuring a dose by herself " link="" type="section_items" group="section_items" color_code="" options=""/>
		<field name="Ask the mother to give the first dose to her child " link="" type="section_items" group="section_items" color_code="" options=""/>
		<field name="Explain carefully how to give the drug, then label and package the drug. If more than one drug will be given, collect, count and package each drug separately " link="" type="section_items" group="section_items" color_code="" options=""/>
		<field name="Explain that all the tablets or syrup must be used to finish the course of treatment, even if the child gets better " link="" type="section_items" group="section_items" color_code="" options=""/>
		<field name="Check the mother&#x2019;s understanding before she leaves the clinic" link="" type="section_items" group="section_items" color_code="" options=""/>
		<field name="" color_code="Default" link="" type="button" group="actions" options=""/>
	</form>
</xmlgui>
