<?xml version="1.0"?>
<xmlgui><form name="tetracycline" type_of_page="Reference Page" page_title="Point of Care" page_subtitle="CWC References: Teach Mother to Give Oral Drugs at Home&gt; Tetracycline" color_code="Select"><field name="Tetracycline | Dosage and Timing" link="" type="header" group="section_header" color_code="" property="" options=""/><field name="Administer oral antibiotic for the following conditions: " link="" type="section_items" group="section_items" color_code="" property="Select" options=""/><field name="Cholera " link="" type="section_items_sub" group="section_items" color_code="" property="Select" options=""/><field name="First line antibiotic for Cholera is Erythromycin" link="" type="section_items_sub" group="section_items" color_code="" property="Select" options=""/><field name="Second line antibiotic for Cholera is Tetracycline" link="" type="section_items_sub" group="section_items" color_code="" property="Select" options=""/><field name="" link="" type="section_items" group="section_items" color_code="" property="Select" options=""/><field name="teach_mother_to_give_oral_drugs_at_home/22.PNG" link="" type="image" group="section_items" color_code="" property="" options=""/><field name="" link="" type="section_items" group="section_items" color_code="" property="Select" options=""/><field name="" link="" type="section_items" group="section_items" color_code="" property="Select" options=""/><field name="" link="" type="section_items" group="section_items" color_code="" property="Select" options=""/><field name="" color_code="Default" link="" type="button" group="actions" property="" options=""/></form></xmlgui>
